PREORDER Parser 
PREORDER Extract 
PREORDER Expression ingress::hdr.eth_hdr.dst_addr;
use ingress::hdr.eth_hdr.dst_addr in ingress
is_used_mau: 0
dep ingress::hdr.eth_hdr.dst_addr in ingress
PREORDER Expression inbuf bit[64..111]
PREORDER Extract 
PREORDER Expression ingress::hdr.eth_hdr.src_addr;
use ingress::hdr.eth_hdr.src_addr in ingress
is_used_mau: 0
dep ingress::hdr.eth_hdr.src_addr in ingress
PREORDER Expression inbuf bit[112..159]
PREORDER Extract 
PREORDER Expression ingress::hdr.eth_hdr.eth_type;
use ingress::hdr.eth_hdr.eth_type in ingress
is_used_mau: 0
dep ingress::hdr.eth_hdr.eth_type in ingress
PREORDER Expression inbuf bit[160..175]
PREORDER Extract 
PREORDER Expression ingress::hdr.eth_hdr.$valid;
use ingress::hdr.eth_hdr.$valid in ingress
is_used_mau: 0
dep ingress::hdr.eth_hdr.$valid in ingress
PREORDER Expression constant 1
PREORDER Expression 1
PREORDER Extract 
PREORDER Expression ingress::hdr.a.first;
use ingress::hdr.a.first in ingress
is_used_mau: 0
dep ingress::hdr.a.first in ingress
PREORDER Expression inbuf bit[176..191]
PREORDER Extract 
PREORDER Expression ingress::hdr.a.$valid;
use ingress::hdr.a.$valid in ingress
is_used_mau: 0
dep ingress::hdr.a.$valid in ingress
PREORDER Expression constant 1
PREORDER Expression 1
PREORDER Extract 
PREORDER Expression ingress::hdr.b.first;
use ingress::hdr.b.first in ingress
is_used_mau: 0
dep ingress::hdr.b.first in ingress
PREORDER Expression inbuf bit[192..207]
PREORDER Extract 
PREORDER Expression ingress::hdr.b.$valid;
use ingress::hdr.b.$valid in ingress
is_used_mau: 0
dep ingress::hdr.b.$valid in ingress
PREORDER Expression constant 1
PREORDER Expression 1
PREORDER Extract 
PREORDER Expression ingress::hdr.c.first;
use ingress::hdr.c.first in ingress
is_used_mau: 0
dep ingress::hdr.c.first in ingress
PREORDER Expression inbuf bit[208..223]
PREORDER Extract 
PREORDER Expression ingress::hdr.c.$valid;
use ingress::hdr.c.$valid in ingress
is_used_mau: 0
dep ingress::hdr.c.$valid in ingress
PREORDER Expression constant 1
PREORDER Expression 1
PREORDER TableSeq 
PREORDER TableKey: ingress::hdr.c.first;: exact
Found table key field: ingress::hdr.c.firstbit[15..0]
PREORDER Expression ingress::hdr.c.first;
use ingress::hdr.c.first in ingress mau
is_used_mau: 1
dep ingress::hdr.c.first in ingress
PREORDER Expression "h.c.first"
PREORDER Expression set(ingress::hdr.a.first, ingress.set_a:val_2/val);
PREORDER Expression ingress::hdr.a.first;
use ingress::hdr.a.first in ingress mau
is_used_mau: 1
use ingress::hdr.a.first in ALU instruction
dep ingress::hdr.a.first in ingress
PREORDER Expression ingress.set_a:val_2/val
PREORDER Expression "val"
PREORDER Expression "ingress.set_a"
PREORDER Expression "unused"
PREORDER Expression ".NoAction"
PREORDER TableKey: ingress::hdr.a.first;: exact
Found table key field: ingress::hdr.a.firstbit[15..0]
PREORDER Expression ingress::hdr.a.first;
use ingress::hdr.a.first in ingress mau
is_used_mau: 1
dep ingress::hdr.a.first in ingress
PREORDER Expression "h.a.first"
PREORDER Expression set(ingress::hdr.b.first, ingress.set_b:val_4/val);
PREORDER Expression ingress::hdr.b.first;
use ingress::hdr.b.first in ingress mau
is_used_mau: 1
use ingress::hdr.b.first in ALU instruction
dep ingress::hdr.b.first in ingress
PREORDER Expression ingress.set_b:val_4/val
PREORDER Expression "val"
PREORDER Expression "ingress.set_b"
PREORDER TableKey: ingress::hdr.d.first;: exact
Found table key field: ingress::hdr.d.firstbit[15..0]
PREORDER Expression ingress::hdr.d.first;
use ingress::hdr.d.first in ingress mau
is_used_mau: 1
dep ingress::hdr.d.first in ingress
PREORDER Expression "h.d.first"
PREORDER Expression set(ingress::hdr.a.first, ingress.set_a:val_3/val);
PREORDER Expression ingress::hdr.a.first;
use ingress::hdr.a.first in ingress mau
is_used_mau: 1
use ingress::hdr.a.first in ALU instruction
dep ingress::hdr.a.first in ingress
PREORDER Expression ingress.set_a:val_3/val
PREORDER Expression "ingress.set_a"
PREORDER Deparser PhvUse
PREORDER Digest PhvUse
		 Turn on MAU for Digest
PREORDER Expression ingress::ig_intr_md_for_dprsr.mirror_type;
use ingress::ig_intr_md_for_dprsr.mirror_type in ingress mau
is_used_mau: 1
dep ingress::ig_intr_md_for_dprsr.mirror_type in ingress dep
PREORDER Expression ingress::$tmp2
use ingress::$tmp2 in ingress mau
is_used_mau: 1
dep ingress::$tmp2 in ingress dep
POSTORDER Digest PhvUse
		 Turn off MAU for Digest
PREORDER Expression ingress::hdr.eth_hdr.$valid;
use ingress::hdr.eth_hdr.$valid in ingress
is_used_mau: 0
dep ingress::hdr.eth_hdr.$valid in ingress dep
PREORDER Expression ingress::hdr.eth_hdr.dst_addr;
use ingress::hdr.eth_hdr.dst_addr in ingress
is_used_mau: 0
dep ingress::hdr.eth_hdr.dst_addr in ingress dep
PREORDER Expression ingress::hdr.eth_hdr.src_addr;
use ingress::hdr.eth_hdr.src_addr in ingress
is_used_mau: 0
dep ingress::hdr.eth_hdr.src_addr in ingress dep
PREORDER Expression ingress::hdr.eth_hdr.eth_type;
use ingress::hdr.eth_hdr.eth_type in ingress
is_used_mau: 0
dep ingress::hdr.eth_hdr.eth_type in ingress dep
PREORDER Expression ingress::hdr.eth_hdr.$valid;
use ingress::hdr.eth_hdr.$valid in ingress
is_used_mau: 0
dep ingress::hdr.eth_hdr.$valid in ingress dep
PREORDER Expression ingress::hdr.a.first;
use ingress::hdr.a.first in ingress
is_used_mau: 1
dep ingress::hdr.a.first in ingress dep
PREORDER Expression ingress::hdr.eth_hdr.$valid;
use ingress::hdr.eth_hdr.$valid in ingress
is_used_mau: 0
dep ingress::hdr.eth_hdr.$valid in ingress dep
PREORDER Expression ingress::hdr.b.first;
use ingress::hdr.b.first in ingress
is_used_mau: 1
dep ingress::hdr.b.first in ingress dep
PREORDER Expression ingress::hdr.eth_hdr.$valid;
use ingress::hdr.eth_hdr.$valid in ingress
is_used_mau: 0
dep ingress::hdr.eth_hdr.$valid in ingress dep
PREORDER Expression ingress::hdr.c.first;
use ingress::hdr.c.first in ingress
is_used_mau: 1
dep ingress::hdr.c.first in ingress dep
PREORDER Parser 
PREORDER Extract 
PREORDER Expression egress::eg_intr_md.egress_port;
use egress::eg_intr_md.egress_port in egress
is_used_mau: 0
dep egress::eg_intr_md.egress_port in egress
PREORDER Expression inbuf bit[7..15]
PREORDER Expression parser counter is negative? 
PREORDER Expression parser counter is zero? 
PREORDER Extract 
PREORDER Expression egress::hdr.min_parse_depth_padding_0[0].packet_payload;
use egress::hdr.min_parse_depth_padding_0[0].packet_payload in egress
is_used_mau: 0
dep egress::hdr.min_parse_depth_padding_0[0].packet_payload in egress
PREORDER Expression inbuf bit[0..87]
PREORDER Extract 
PREORDER Expression egress::hdr.min_parse_depth_padding_0.$stkvalid;
use egress::hdr.min_parse_depth_padding_0.$stkvalid in egress
is_used_mau: 0
dep egress::hdr.min_parse_depth_padding_0.$stkvalid in egress
PREORDER Expression constant 8
PREORDER Expression 8
PREORDER Expression parser counter is negative? 
PREORDER Expression parser counter is zero? 
PREORDER Extract 
PREORDER Expression egress::hdr.min_parse_depth_padding_0[1].packet_payload;
use egress::hdr.min_parse_depth_padding_0[1].packet_payload in egress
is_used_mau: 0
dep egress::hdr.min_parse_depth_padding_0[1].packet_payload in egress
PREORDER Expression inbuf bit[0..87]
PREORDER Extract 
PREORDER Expression egress::hdr.min_parse_depth_padding_0.$stkvalid;
use egress::hdr.min_parse_depth_padding_0.$stkvalid in egress
is_used_mau: 0
dep egress::hdr.min_parse_depth_padding_0.$stkvalid in egress
PREORDER Expression constant 4
PREORDER Expression 4
PREORDER Expression parser counter is negative? 
PREORDER Expression parser counter is zero? 
PREORDER Extract 
PREORDER Expression egress::hdr.min_parse_depth_padding_0[2].packet_payload;
use egress::hdr.min_parse_depth_padding_0[2].packet_payload in egress
is_used_mau: 0
dep egress::hdr.min_parse_depth_padding_0[2].packet_payload in egress
PREORDER Expression inbuf bit[0..87]
PREORDER Extract 
PREORDER Expression egress::hdr.min_parse_depth_padding_0.$stkvalid;
use egress::hdr.min_parse_depth_padding_0.$stkvalid in egress
is_used_mau: 0
dep egress::hdr.min_parse_depth_padding_0.$stkvalid in egress
PREORDER Expression constant 2
PREORDER Expression 2
PREORDER Expression parser counter is negative? 
PREORDER Expression parser counter is zero? 
PREORDER Extract 
PREORDER Expression egress::hdr.min_parse_depth_padding_0[3].packet_payload;
use egress::hdr.min_parse_depth_padding_0[3].packet_payload in egress
is_used_mau: 0
dep egress::hdr.min_parse_depth_padding_0[3].packet_payload in egress
PREORDER Expression inbuf bit[0..87]
PREORDER Extract 
PREORDER Expression egress::hdr.min_parse_depth_padding_0.$stkvalid;
use egress::hdr.min_parse_depth_padding_0.$stkvalid in egress
is_used_mau: 0
dep egress::hdr.min_parse_depth_padding_0.$stkvalid in egress
PREORDER Expression constant 1
PREORDER Expression 1
PREORDER Expression parser counter is negative? 
PREORDER Expression parser counter is zero? 
PREORDER TableSeq 
PREORDER Deparser PhvUse
PREORDER DeparserParameter PhvUse
		 Turn on MAU for DeparserParameter
PREORDER Expression egress::eg_intr_md.egress_port;
use egress::eg_intr_md.egress_port in egress mau
is_used_mau: 1
dep egress::eg_intr_md.egress_port in egress dep
POSTORDER Deparser PhvUse
		 Turn off MAU for DeparserParameter
PREORDER Expression egress::hdr.min_parse_depth_padding_0.$stkvalid[3:3];alias: egress::hdr.min_parse_depth_padding_0[0].$valid;
use egress::hdr.min_parse_depth_padding_0.$stkvalid in egress
is_used_mau: 0
dep egress::hdr.min_parse_depth_padding_0.$stkvalid in egress dep
PREORDER Expression egress::hdr.min_parse_depth_padding_0[0].packet_payload;
use egress::hdr.min_parse_depth_padding_0[0].packet_payload in egress
is_used_mau: 0
dep egress::hdr.min_parse_depth_padding_0[0].packet_payload in egress dep
PREORDER Expression egress::hdr.min_parse_depth_padding_0.$stkvalid[2:2];alias: egress::hdr.min_parse_depth_padding_0[1].$valid;
use egress::hdr.min_parse_depth_padding_0.$stkvalid in egress
is_used_mau: 0
dep egress::hdr.min_parse_depth_padding_0.$stkvalid in egress dep
PREORDER Expression egress::hdr.min_parse_depth_padding_0[1].packet_payload;
use egress::hdr.min_parse_depth_padding_0[1].packet_payload in egress
is_used_mau: 0
dep egress::hdr.min_parse_depth_padding_0[1].packet_payload in egress dep
PREORDER Expression egress::hdr.min_parse_depth_padding_0.$stkvalid[1:1];alias: egress::hdr.min_parse_depth_padding_0[2].$valid;
use egress::hdr.min_parse_depth_padding_0.$stkvalid in egress
is_used_mau: 0
dep egress::hdr.min_parse_depth_padding_0.$stkvalid in egress dep
PREORDER Expression egress::hdr.min_parse_depth_padding_0[2].packet_payload;
use egress::hdr.min_parse_depth_padding_0[2].packet_payload in egress
is_used_mau: 0
dep egress::hdr.min_parse_depth_padding_0[2].packet_payload in egress dep
PREORDER Expression egress::hdr.min_parse_depth_padding_0.$stkvalid[0:0];alias: egress::hdr.min_parse_depth_padding_0[3].$valid;
use egress::hdr.min_parse_depth_padding_0.$stkvalid in egress
is_used_mau: 0
dep egress::hdr.min_parse_depth_padding_0.$stkvalid in egress dep
PREORDER Expression egress::hdr.min_parse_depth_padding_0[3].packet_payload;
use egress::hdr.min_parse_depth_padding_0[3].packet_payload in egress
is_used_mau: 0
dep egress::hdr.min_parse_depth_padding_0[3].packet_payload in egress dep

--- PHV FIELDS -------------------------------------------

P: used in parser/deparser
M: used in MAU
R: referenced anywhere
D: is deparsed
Alias source fields may have no labels
(P RD) 0:ingress::hdr.eth_hdr.dst_addr<48> ^0 ^bit[0..111] deparsed exact_containers (ingress)
(P RD) 1:ingress::hdr.eth_hdr.src_addr<48> ^0 ^bit[0..159] deparsed exact_containers (ingress)
(P RD) 2:ingress::hdr.eth_hdr.eth_type<16> ^0 ^bit[0..175] deparsed exact_containers (ingress)
(PMRD) 3:ingress::hdr.a.first<16> ^0 ^bit[0..191] deparsed exact_containers (ingress)
(PMRD) 4:ingress::hdr.b.first<16> ^0 ^bit[0..207] deparsed exact_containers (ingress)
(PMRD) 5:ingress::hdr.c.first<16> ^0 ^bit[0..223] deparsed exact_containers (ingress)
( MR ) 6:ingress::hdr.d.first<16> ^x ^x (ingress)
(    ) 7:ingress::ig_intr_md_for_dprsr.drop_ctl<3> ^x ^x meta intrinsic (ingress)
(    ) 8:ingress::ig_intr_md_for_dprsr.digest_type<3> ^x ^x meta intrinsic solitary(arch digest ) (ingress)
(    ) 9:ingress::ig_intr_md_for_dprsr.resubmit_type<3> ^x ^x meta intrinsic solitary(arch ) (ingress)
( MRD) 10:ingress::ig_intr_md_for_dprsr.mirror_type<3> ^x ^x meta intrinsic solitary(digest ) no_split deparsed_bottom_bits (ingress)
( MRD) 11:ingress::$tmp2<10> ^x ^x meta digest mirror%{10:ingress::ig_intr_md_for_dprsr.mirror_type#0}% no_split exact_containers (ingress)
(    ) 12:egress::eg_intr_md._pad0<7> ^x ^x intrinsic padding deparsed_to_tm (egress)
(PMRD) 13:egress::eg_intr_md.egress_port<9> ^0 ^bit[0..15] intrinsic no_split deparsed_bottom_bits deparsed_to_tm (egress)
(    ) 14:egress::eg_intr_md._pad1<5> ^x ^x intrinsic padding (egress)
(    ) 15:egress::eg_intr_md.enq_qdepth<19> ^x ^x intrinsic (egress)
(    ) 16:egress::eg_intr_md._pad2<6> ^x ^x intrinsic padding (egress)
(    ) 17:egress::eg_intr_md.enq_congest_stat<2> ^x ^x intrinsic (egress)
(    ) 18:egress::eg_intr_md._pad3<14> ^x ^x intrinsic padding (egress)
(    ) 19:egress::eg_intr_md.enq_tstamp<18> ^x ^x intrinsic (egress)
(    ) 20:egress::eg_intr_md._pad4<5> ^x ^x intrinsic padding (egress)
(    ) 21:egress::eg_intr_md.deq_qdepth<19> ^x ^x intrinsic (egress)
(    ) 22:egress::eg_intr_md._pad5<6> ^x ^x intrinsic padding (egress)
(    ) 23:egress::eg_intr_md.deq_congest_stat<2> ^x ^x intrinsic (egress)
(    ) 24:egress::eg_intr_md.app_pool_congest_stat<8> ^x ^x intrinsic (egress)
(    ) 25:egress::eg_intr_md._pad6<14> ^x ^x intrinsic padding (egress)
(    ) 26:egress::eg_intr_md.deq_timedelta<18> ^x ^x intrinsic (egress)
(    ) 27:egress::eg_intr_md.egress_rid<16> ^x ^x intrinsic (egress)
(    ) 28:egress::eg_intr_md._pad7<7> ^x ^x intrinsic padding (egress)
(    ) 29:egress::eg_intr_md.egress_rid_first<1> ^x ^x intrinsic (egress)
(    ) 30:egress::eg_intr_md._pad8<3> ^x ^x intrinsic padding (egress)
(    ) 31:egress::eg_intr_md.egress_qid<5> ^x ^x intrinsic (egress)
(    ) 32:egress::eg_intr_md._pad9<5> ^x ^x intrinsic padding (egress)
(    ) 33:egress::eg_intr_md.egress_cos<3> ^x ^x intrinsic (egress)
(    ) 34:egress::eg_intr_md._pad10<7> ^x ^x intrinsic padding (egress)
(    ) 35:egress::eg_intr_md.deflection_flag<1> ^x ^x intrinsic (egress)
(    ) 36:egress::eg_intr_md.pkt_length<16> ^x ^x intrinsic (egress)
(P RD) 37:egress::hdr.min_parse_depth_padding_0[0].packet_payload<88> ^0 ^bit[0..87] deparsed exact_containers (egress)
(P RD) 38:egress::hdr.min_parse_depth_padding_0[1].packet_payload<88> ^0 ^bit[0..87] deparsed exact_containers (egress)
(P RD) 39:egress::hdr.min_parse_depth_padding_0[2].packet_payload<88> ^0 ^bit[0..87] deparsed exact_containers (egress)
(P RD) 40:egress::hdr.min_parse_depth_padding_0[3].packet_payload<88> ^0 ^bit[0..87] deparsed exact_containers (egress)
(P RD) 41:ingress::hdr.eth_hdr.$valid<1> ^x ^x pov (ingress)
(P R ) 42:ingress::hdr.a.$valid<1> ^x ^x pov (ingress)
(P R ) 43:ingress::hdr.b.$valid<1> ^x ^x pov (ingress)
(P R ) 44:ingress::hdr.c.$valid<1> ^x ^x pov (ingress)
(    ) 45:ingress::hdr.d.$valid<1> ^x ^x pov (ingress)
(    ) 46:egress::eg_intr_md.$valid<1> ^x ^x pov (egress)
(P RD) 47:egress::hdr.min_parse_depth_padding_0.$stkvalid<4> ^x ^x meta pov no_split (egress)
(    ) 48:egress::hdr.min_parse_depth_padding_0[0].$valid<1> ^x ^x pov (egress)
(    ) 49:egress::hdr.min_parse_depth_padding_0[1].$valid<1> ^x ^x pov (egress)
(    ) 50:egress::hdr.min_parse_depth_padding_0[2].$valid<1> ^x ^x pov (egress)
(    ) 51:egress::hdr.min_parse_depth_padding_0[3].$valid<1> ^x ^x pov (egress)

--- PHV FIELDS WIDTH HISTOGRAM----------------------------

INGRESS:
Fields to be allocated: 13
Bits to be allocated: 193
1	xxxx (4)
3	x (1)
10	x (1)
16	xxxxx (5)
48	xx (2)

EGRESS:
Fields to be allocated: 6
Bits to be allocated: 365
4	x (1)
9	x (1)
88	xxxx (4)


Looking for PHV field egress::eg_intr_md_from_prsr.parser_err
    ...with prefix egress
    ...with suffix eg_intr_md_from_prsr.parser_err
   ...can't find field egress::eg_intr_md_from_prsr.parser_err
Looking for PHV field ingress::ig_intr_md_from_prsr.parser_err
    ...with prefix ingress
    ...with suffix ig_intr_md_from_prsr.parser_err
   ...can't find field ingress::ig_intr_md_from_prsr.parser_err
Adding stage 0 to table ingress.tbl_init
Adding stage 1 to table ingress.tbl_match_a
Adding stage 1 to table ingress.tbl_write_a
Looking for PHV field ingress::__bfp4c_compiler_generated_meta.mirror_id
    ...with prefix ingress
    ...with suffix __bfp4c_compiler_generated_meta.mirror_id
   ...can't find field ingress::__bfp4c_compiler_generated_meta.mirror_id
Looking for PHV field ingress::__bfp4c_compiler_generated_meta.mirror_source
    ...with prefix ingress
    ...with suffix __bfp4c_compiler_generated_meta.mirror_source
   ...can't find field ingress::__bfp4c_compiler_generated_meta.mirror_source
Looking for PHV field egress::__bfp4c_compiler_generated_meta.mirror_id
    ...with prefix egress
    ...with suffix __bfp4c_compiler_generated_meta.mirror_id
   ...can't find field egress::__bfp4c_compiler_generated_meta.mirror_id
Looking for PHV field egress::__bfp4c_compiler_generated_meta.mirror_source
    ...with prefix egress
    ...with suffix __bfp4c_compiler_generated_meta.mirror_source
   ...can't find field egress::__bfp4c_compiler_generated_meta.mirror_source

--- PHV FIELDS -------------------------------------------

P: used in parser/deparser
M: used in MAU
R: referenced anywhere
D: is deparsed
Alias source fields may have no labels
(P RD) 0:ingress::hdr.eth_hdr.dst_addr<48> ^0 ^bit[0..111] deparsed exact_containers (ingress)
(P RD) 1:ingress::hdr.eth_hdr.src_addr<48> ^0 ^bit[0..159] deparsed exact_containers (ingress)
(P RD) 2:ingress::hdr.eth_hdr.eth_type<16> ^0 ^bit[0..175] deparsed exact_containers (ingress)
(PMRD) 3:ingress::hdr.a.first<16> ^0 ^bit[0..191] deparsed exact_containers (ingress)
(PMRD) 4:ingress::hdr.b.first<16> ^0 ^bit[0..207] deparsed exact_containers (ingress)
(PMRD) 5:ingress::hdr.c.first<16> ^0 ^bit[0..223] deparsed exact_containers (ingress)
( MR ) 6:ingress::hdr.d.first<16> ^x ^x (ingress)
(    ) 7:ingress::ig_intr_md_for_dprsr.drop_ctl<3> ^x ^x meta intrinsic (ingress)
(    ) 8:ingress::ig_intr_md_for_dprsr.digest_type<3> ^x ^x meta intrinsic solitary(arch digest ) (ingress)
(    ) 9:ingress::ig_intr_md_for_dprsr.resubmit_type<3> ^x ^x meta intrinsic solitary(arch ) (ingress)
( MRD) 10:ingress::ig_intr_md_for_dprsr.mirror_type<3> ^x ^x meta intrinsic solitary(digest ) no_split deparsed_bottom_bits (ingress)
( MRD) 11:ingress::$tmp2<10> ^x ^x meta digest mirror%{10:ingress::ig_intr_md_for_dprsr.mirror_type#0}% no_split exact_containers (ingress)
(    ) 12:egress::eg_intr_md._pad0<7> ^x ^x intrinsic padding deparsed_to_tm (egress)
(PMRD) 13:egress::eg_intr_md.egress_port<9> ^0 ^bit[0..15] intrinsic no_split deparsed_bottom_bits deparsed_to_tm (egress)
(    ) 14:egress::eg_intr_md._pad1<5> ^x ^x intrinsic padding (egress)
(    ) 15:egress::eg_intr_md.enq_qdepth<19> ^x ^x intrinsic (egress)
(    ) 16:egress::eg_intr_md._pad2<6> ^x ^x intrinsic padding (egress)
(    ) 17:egress::eg_intr_md.enq_congest_stat<2> ^x ^x intrinsic (egress)
(    ) 18:egress::eg_intr_md._pad3<14> ^x ^x intrinsic padding (egress)
(    ) 19:egress::eg_intr_md.enq_tstamp<18> ^x ^x intrinsic (egress)
(    ) 20:egress::eg_intr_md._pad4<5> ^x ^x intrinsic padding (egress)
(    ) 21:egress::eg_intr_md.deq_qdepth<19> ^x ^x intrinsic (egress)
(    ) 22:egress::eg_intr_md._pad5<6> ^x ^x intrinsic padding (egress)
(    ) 23:egress::eg_intr_md.deq_congest_stat<2> ^x ^x intrinsic (egress)
(    ) 24:egress::eg_intr_md.app_pool_congest_stat<8> ^x ^x intrinsic (egress)
(    ) 25:egress::eg_intr_md._pad6<14> ^x ^x intrinsic padding (egress)
(    ) 26:egress::eg_intr_md.deq_timedelta<18> ^x ^x intrinsic (egress)
(    ) 27:egress::eg_intr_md.egress_rid<16> ^x ^x intrinsic (egress)
(    ) 28:egress::eg_intr_md._pad7<7> ^x ^x intrinsic padding (egress)
(    ) 29:egress::eg_intr_md.egress_rid_first<1> ^x ^x intrinsic (egress)
(    ) 30:egress::eg_intr_md._pad8<3> ^x ^x intrinsic padding (egress)
(    ) 31:egress::eg_intr_md.egress_qid<5> ^x ^x intrinsic (egress)
(    ) 32:egress::eg_intr_md._pad9<5> ^x ^x intrinsic padding (egress)
(    ) 33:egress::eg_intr_md.egress_cos<3> ^x ^x intrinsic (egress)
(    ) 34:egress::eg_intr_md._pad10<7> ^x ^x intrinsic padding (egress)
(    ) 35:egress::eg_intr_md.deflection_flag<1> ^x ^x intrinsic (egress)
(    ) 36:egress::eg_intr_md.pkt_length<16> ^x ^x intrinsic (egress)
(P RD) 37:egress::hdr.min_parse_depth_padding_0[0].packet_payload<88> ^0 ^bit[0..87] deparsed exact_containers (egress)
(P RD) 38:egress::hdr.min_parse_depth_padding_0[1].packet_payload<88> ^0 ^bit[0..87] deparsed exact_containers (egress)
(P RD) 39:egress::hdr.min_parse_depth_padding_0[2].packet_payload<88> ^0 ^bit[0..87] deparsed exact_containers (egress)
(P RD) 40:egress::hdr.min_parse_depth_padding_0[3].packet_payload<88> ^0 ^bit[0..87] deparsed exact_containers (egress)
(P RD) 41:ingress::hdr.eth_hdr.$valid<1> ^x ^x pov (ingress)
(P R ) 42:ingress::hdr.a.$valid<1> ^x ^x pov (ingress)
(P R ) 43:ingress::hdr.b.$valid<1> ^x ^x pov (ingress)
(P R ) 44:ingress::hdr.c.$valid<1> ^x ^x pov (ingress)
(    ) 45:ingress::hdr.d.$valid<1> ^x ^x pov (ingress)
(    ) 46:egress::eg_intr_md.$valid<1> ^x ^x pov (egress)
(P RD) 47:egress::hdr.min_parse_depth_padding_0.$stkvalid<4> ^x ^x meta pov no_split (egress)
(    ) 48:egress::hdr.min_parse_depth_padding_0[0].$valid<1> ^x ^x pov (egress)
(    ) 49:egress::hdr.min_parse_depth_padding_0[1].$valid<1> ^x ^x pov (egress)
(    ) 50:egress::hdr.min_parse_depth_padding_0[2].$valid<1> ^x ^x pov (egress)
(    ) 51:egress::hdr.min_parse_depth_padding_0[3].$valid<1> ^x ^x pov (egress)

--- PHV FIELDS WIDTH HISTOGRAM----------------------------

INGRESS:
Fields to be allocated: 13
Bits to be allocated: 193
1	xxxx (4)
3	x (1)
10	x (1)
16	xxxxx (5)
48	xx (2)

EGRESS:
Fields to be allocated: 6
Bits to be allocated: 365
4	x (1)
9	x (1)
88	xxxx (4)


PhvInfo adding padding field ingress::__phv_dummy_padding__ size 6 offset 0
  Adding ID 41041041041041041041041 for type B
Adding ID 41041041041041041041041 corresponding to size B
  Adding ID 41041041041041041041041000000000000000000000000 for type B
Adding ID 41041041041041041041041000000000000000000000000 corresponding to size B
  Adding ID 41041041041041041041041000000000000000000000000000000000000000000000000 for type B
Adding ID 41041041041041041041041000000000000000000000000000000000000000000000000 corresponding to size B
  Adding ID 41041041041041041041041000000000000000000000000000000000000000000000000000000000000000000000000 for type B
Adding ID 41041041041041041041041000000000000000000000000000000000000000000000000000000000000000000000000 corresponding to size B
  Adding ID 82082082082082082082082 for type H
Adding ID 82082082082082082082082 corresponding to size H
  Adding ID 82082082082082082082082000000000000000000000000 for type H
Adding ID 82082082082082082082082000000000000000000000000 corresponding to size H
  Adding ID 82082082082082082082082000000000000000000000000000000000000000000000000 for type H
Adding ID 82082082082082082082082000000000000000000000000000000000000000000000000 corresponding to size H
  Adding ID 82082082082082082082082000000000000000000000000000000000000000000000000000000000000000000000000 for type H
Adding ID 82082082082082082082082000000000000000000000000000000000000000000000000000000000000000000000000 corresponding to size H
  Adding ID 82082082082082082082082000000000000000000000000000000000000000000000000000000000000000000000000000000000000000000000000 for type H
Adding ID 82082082082082082082082000000000000000000000000000000000000000000000000000000000000000000000000000000000000000000000000 corresponding to size H
  Adding ID 82082082082082082082082000000000000000000000000000000000000000000000000000000000000000000000000000000000000000000000000000000000000000000000000 for type H
Adding ID 82082082082082082082082000000000000000000000000000000000000000000000000000000000000000000000000000000000000000000000000000000000000000000000000 corresponding to size H
  Adding ID 104104104104104104104104 for type W
Adding ID 104104104104104104104104 corresponding to size W
  Adding ID 104104104104104104104104000000000000000000000000 for type W
Adding ID 104104104104104104104104000000000000000000000000 corresponding to size W
  Adding ID 104104104104104104104104000000000000000000000000000000000000000000000000 for type W
Adding ID 104104104104104104104104000000000000000000000000000000000000000000000000 corresponding to size W
  Adding ID 104104104104104104104104000000000000000000000000000000000000000000000000000000000000000000000000 for type W
Adding ID 104104104104104104104104000000000000000000000000000000000000000000000000000000000000000000000000 corresponding to size W
Making Itr for SUPERCLUSTER Uid: 110
    slice lists:	
        [ ingress::hdr.eth_hdr.eth_type<16> ^0 ^bit[0..175] deparsed exact_containers [0:15]
          ingress::hdr.eth_hdr.src_addr<48> ^0 ^bit[0..159] deparsed exact_containers [0:47]
          ingress::hdr.eth_hdr.dst_addr<48> ^0 ^bit[0..111] deparsed exact_containers [0:47] ]
    rotational clusters:	
        [[ingress::hdr.eth_hdr.eth_type<16> ^0 ^bit[0..175] deparsed exact_containers [0:15]]]
        [[ingress::hdr.eth_hdr.src_addr<48> ^0 ^bit[0..159] deparsed exact_containers [0:47]]]
        [[ingress::hdr.eth_hdr.dst_addr<48> ^0 ^bit[0..111] deparsed exact_containers [0:47]]]

Homogeneous slicing enabled: 0 Rejected slice options: 
pa_container_sz slicing schema: Bit schema:
    ----------------------------------------------------------------------------------------------------------------
    [ ingress::hdr.eth_hdr.eth_type<16> ^0 ^bit[0..175] deparsed exact_containers [0:15]
          ingress::hdr.eth_hdr.src_addr<48> ^0 ^bit[0..159] deparsed exact_containers [0:47]
          ingress::hdr.eth_hdr.dst_addr<48> ^0 ^bit[0..111] deparsed exact_containers [0:47] ]


Bit schema:
    ----------------------------------------------------------------------------------------------------------------
    [ ingress::hdr.eth_hdr.eth_type<16> ^0 ^bit[0..175] deparsed exact_containers [0:15]
          ingress::hdr.eth_hdr.src_addr<48> ^0 ^bit[0..159] deparsed exact_containers [0:47]
          ingress::hdr.eth_hdr.dst_addr<48> ^0 ^bit[0..111] deparsed exact_containers [0:47] ]


Merge wide arith super clusters
split by pa_container_size result: 
SUPERCLUSTER Uid: 135
    slice lists:	
        [ ingress::hdr.eth_hdr.eth_type<16> ^0 ^bit[0..175] deparsed exact_containers [0:15]
          ingress::hdr.eth_hdr.src_addr<48> ^0 ^bit[0..159] deparsed exact_containers [0:47]
          ingress::hdr.eth_hdr.dst_addr<48> ^0 ^bit[0..111] deparsed exact_containers [0:47] ]
    rotational clusters:	
        [[ingress::hdr.eth_hdr.eth_type<16> ^0 ^bit[0..175] deparsed exact_containers [0:15]]]
        [[ingress::hdr.eth_hdr.src_addr<48> ^0 ^bit[0..159] deparsed exact_containers [0:47]]]
        [[ingress::hdr.eth_hdr.dst_addr<48> ^0 ^bit[0..111] deparsed exact_containers [0:47]]]

split_by_adjacent_no_pack schema: Bit schema:
    ----------------------------------------------------------------------------------------------------------------
    [ ingress::hdr.eth_hdr.eth_type<16> ^0 ^bit[0..175] deparsed exact_containers [0:15]
          ingress::hdr.eth_hdr.src_addr<48> ^0 ^bit[0..159] deparsed exact_containers [0:47]
          ingress::hdr.eth_hdr.dst_addr<48> ^0 ^bit[0..111] deparsed exact_containers [0:47] ]


Bit schema:
    ----------------------------------------------------------------------------------------------------------------
    [ ingress::hdr.eth_hdr.eth_type<16> ^0 ^bit[0..175] deparsed exact_containers [0:15]
          ingress::hdr.eth_hdr.src_addr<48> ^0 ^bit[0..159] deparsed exact_containers [0:47]
          ingress::hdr.eth_hdr.dst_addr<48> ^0 ^bit[0..111] deparsed exact_containers [0:47] ]


Merge wide arith super clusters
after pre-split by adjacent_no_pack:
SUPERCLUSTER Uid: 136
    slice lists:	
        [ ingress::hdr.eth_hdr.eth_type<16> ^0 ^bit[0..175] deparsed exact_containers [0:15]
          ingress::hdr.eth_hdr.src_addr<48> ^0 ^bit[0..159] deparsed exact_containers [0:47]
          ingress::hdr.eth_hdr.dst_addr<48> ^0 ^bit[0..111] deparsed exact_containers [0:47] ]
    rotational clusters:	
        [[ingress::hdr.eth_hdr.eth_type<16> ^0 ^bit[0..175] deparsed exact_containers [0:15]]]
        [[ingress::hdr.eth_hdr.src_addr<48> ^0 ^bit[0..159] deparsed exact_containers [0:47]]]
        [[ingress::hdr.eth_hdr.dst_addr<48> ^0 ^bit[0..111] deparsed exact_containers [0:47]]]

split_by_deparsed_bottom_bits schema: Bit schema:
    ----------------------------------------------------------------------------------------------------------------
    [ ingress::hdr.eth_hdr.eth_type<16> ^0 ^bit[0..175] deparsed exact_containers [0:15]
          ingress::hdr.eth_hdr.src_addr<48> ^0 ^bit[0..159] deparsed exact_containers [0:47]
          ingress::hdr.eth_hdr.dst_addr<48> ^0 ^bit[0..111] deparsed exact_containers [0:47] ]


Bit schema:
    ----------------------------------------------------------------------------------------------------------------
    [ ingress::hdr.eth_hdr.eth_type<16> ^0 ^bit[0..175] deparsed exact_containers [0:15]
          ingress::hdr.eth_hdr.src_addr<48> ^0 ^bit[0..159] deparsed exact_containers [0:47]
          ingress::hdr.eth_hdr.dst_addr<48> ^0 ^bit[0..111] deparsed exact_containers [0:47] ]


Merge wide arith super clusters
after pre-split by deparsed_bottom_bits:
SUPERCLUSTER Uid: 137
    slice lists:	
        [ ingress::hdr.eth_hdr.eth_type<16> ^0 ^bit[0..175] deparsed exact_containers [0:15]
          ingress::hdr.eth_hdr.src_addr<48> ^0 ^bit[0..159] deparsed exact_containers [0:47]
          ingress::hdr.eth_hdr.dst_addr<48> ^0 ^bit[0..111] deparsed exact_containers [0:47] ]
    rotational clusters:	
        [[ingress::hdr.eth_hdr.eth_type<16> ^0 ^bit[0..175] deparsed exact_containers [0:15]]]
        [[ingress::hdr.eth_hdr.src_addr<48> ^0 ^bit[0..159] deparsed exact_containers [0:47]]]
        [[ingress::hdr.eth_hdr.dst_addr<48> ^0 ^bit[0..111] deparsed exact_containers [0:47]]]

split_by_adjacent_deparsed_and_non_deparsed schema: Bit schema:
    ----------------------------------------------------------------------------------------------------------------
    [ ingress::hdr.eth_hdr.eth_type<16> ^0 ^bit[0..175] deparsed exact_containers [0:15]
          ingress::hdr.eth_hdr.src_addr<48> ^0 ^bit[0..159] deparsed exact_containers [0:47]
          ingress::hdr.eth_hdr.dst_addr<48> ^0 ^bit[0..111] deparsed exact_containers [0:47] ]


Bit schema:
    ----------------------------------------------------------------------------------------------------------------
    [ ingress::hdr.eth_hdr.eth_type<16> ^0 ^bit[0..175] deparsed exact_containers [0:15]
          ingress::hdr.eth_hdr.src_addr<48> ^0 ^bit[0..159] deparsed exact_containers [0:47]
          ingress::hdr.eth_hdr.dst_addr<48> ^0 ^bit[0..111] deparsed exact_containers [0:47] ]


Merge wide arith super clusters
after pre-split by adjacent_deparsed_and_non_deparsed:
SUPERCLUSTER Uid: 138
    slice lists:	
        [ ingress::hdr.eth_hdr.eth_type<16> ^0 ^bit[0..175] deparsed exact_containers [0:15]
          ingress::hdr.eth_hdr.src_addr<48> ^0 ^bit[0..159] deparsed exact_containers [0:47]
          ingress::hdr.eth_hdr.dst_addr<48> ^0 ^bit[0..111] deparsed exact_containers [0:47] ]
    rotational clusters:	
        [[ingress::hdr.eth_hdr.eth_type<16> ^0 ^bit[0..175] deparsed exact_containers [0:15]]]
        [[ingress::hdr.eth_hdr.src_addr<48> ^0 ^bit[0..159] deparsed exact_containers [0:47]]]
        [[ingress::hdr.eth_hdr.dst_addr<48> ^0 ^bit[0..111] deparsed exact_containers [0:47]]]

split_parser_write_mode schema: Bit schema:
    ----------------------------------------------------------------------------------------------------------------
    [ ingress::hdr.eth_hdr.eth_type<16> ^0 ^bit[0..175] deparsed exact_containers [0:15]
          ingress::hdr.eth_hdr.src_addr<48> ^0 ^bit[0..159] deparsed exact_containers [0:47]
          ingress::hdr.eth_hdr.dst_addr<48> ^0 ^bit[0..111] deparsed exact_containers [0:47] ]


Bit schema:
    ----------------------------------------------------------------------------------------------------------------
    [ ingress::hdr.eth_hdr.eth_type<16> ^0 ^bit[0..175] deparsed exact_containers [0:15]
          ingress::hdr.eth_hdr.src_addr<48> ^0 ^bit[0..159] deparsed exact_containers [0:47]
          ingress::hdr.eth_hdr.dst_addr<48> ^0 ^bit[0..111] deparsed exact_containers [0:47] ]


Merge wide arith super clusters
after pre-split by parser_write_mode:
SUPERCLUSTER Uid: 139
    slice lists:	
        [ ingress::hdr.eth_hdr.eth_type<16> ^0 ^bit[0..175] deparsed exact_containers [0:15]
          ingress::hdr.eth_hdr.src_addr<48> ^0 ^bit[0..159] deparsed exact_containers [0:47]
          ingress::hdr.eth_hdr.dst_addr<48> ^0 ^bit[0..111] deparsed exact_containers [0:47] ]
    rotational clusters:	
        [[ingress::hdr.eth_hdr.eth_type<16> ^0 ^bit[0..175] deparsed exact_containers [0:15]]]
        [[ingress::hdr.eth_hdr.src_addr<48> ^0 ^bit[0..159] deparsed exact_containers [0:47]]]
        [[ingress::hdr.eth_hdr.dst_addr<48> ^0 ^bit[0..111] deparsed exact_containers [0:47]]]

ENTER DFS: 1
dfs_depth-1: will split [ ingress::hdr.eth_hdr.eth_type<16> ^0 ^bit[0..175] deparsed exact_containers [0:15]
          ingress::hdr.eth_hdr.src_addr<48> ^0 ^bit[0..159] deparsed exact_containers [0:47]
          ingress::hdr.eth_hdr.dst_addr<48> ^0 ^bit[0..111] deparsed exact_containers [0:47] ]
possible slice choices: 
{new_split: 1, split_unref:0, n_avoidable_packings:0, size: 8}
{new_split: 0, split_unref:0, n_avoidable_packings:0, size: 16}
{new_split: 1, split_unref:0, n_avoidable_packings:1, size: 32}
dfs_depth-1: possible choices: { 16 32 8 }
dfs_depth-1: try to split @16
Bit schema:
    ----------------1-----------------------------------------------------------------------------------------------
    [ ingress::hdr.eth_hdr.eth_type<16> ^0 ^bit[0..175] deparsed exact_containers [0:15]
          ingress::hdr.eth_hdr.src_addr<48> ^0 ^bit[0..159] deparsed exact_containers [0:47]
          ingress::hdr.eth_hdr.dst_addr<48> ^0 ^bit[0..111] deparsed exact_containers [0:47] ]


    ...(0) adding to slice list: ingress::hdr.eth_hdr.eth_type<16> ^0 ^bit[0..175] deparsed exact_containers [0:15]
    ...(16) split falls between slices
    ...(16) starting new slice list
Merge wide arith super clusters
dfs_depth-1: decide to split out first 16 bits of [ ingress::hdr.eth_hdr.eth_type<16> ^0 ^bit[0..175] deparsed exact_containers [0:15]
          ingress::hdr.eth_hdr.src_addr<48> ^0 ^bit[0..159] deparsed exact_containers [0:47]
          ingress::hdr.eth_hdr.dst_addr<48> ^0 ^bit[0..111] deparsed exact_containers [0:47] ]
ENTER DFS: 2
dfs_depth-2: will split [ ingress::hdr.eth_hdr.src_addr<48> ^0 ^bit[0..159] deparsed exact_containers [0:47]
          ingress::hdr.eth_hdr.dst_addr<48> ^0 ^bit[0..111] deparsed exact_containers [0:47] ]
possible slice choices: 
{new_split: 1, split_unref:0, n_avoidable_packings:0, size: 8}
{new_split: 1, split_unref:0, n_avoidable_packings:0, size: 16}
{new_split: 1, split_unref:0, n_avoidable_packings:0, size: 32}
dfs_depth-2: possible choices: { 32 16 8 }
dfs_depth-2: try to split @32
Bit schema:
    --------------------------------1---------------------------------------------------------------
    [ ingress::hdr.eth_hdr.src_addr<48> ^0 ^bit[0..159] deparsed exact_containers [0:47]
          ingress::hdr.eth_hdr.dst_addr<48> ^0 ^bit[0..111] deparsed exact_containers [0:47] ]


    ...(0) found slice to split at idx 32: ingress::hdr.eth_hdr.src_addr<48> ^0 ^bit[0..159] deparsed exact_containers [0:47]
    ...erasing ingress::hdr.eth_hdr.src_addr<48> ^0 ^bit[0..159] deparsed exact_containers [0:47] in this slice list
    ...adding ingress::hdr.eth_hdr.src_addr<48> ^0 ^bit[0..159] deparsed exact_containers [0:31] in this slice list
    ...adding ingress::hdr.eth_hdr.src_addr<48> ^0 ^bit[0..127] deparsed exact_containers [32:47] in this slice list
    ...(0) adding to slice list: ingress::hdr.eth_hdr.src_addr<48> ^0 ^bit[0..159] deparsed exact_containers [0:47]
    ...(0) starting new slice list
    ...erasing old cluster [[ingress::hdr.eth_hdr.src_addr<48> ^0 ^bit[0..159] deparsed exact_containers [0:47]]]
    ...adding new lo cluster [[ingress::hdr.eth_hdr.src_addr<48> ^0 ^bit[0..159] deparsed exact_containers [0:31]]]
    ...adding new hi cluster [[ingress::hdr.eth_hdr.src_addr<48> ^0 ^bit[0..127] deparsed exact_containers [32:47]]]
    ...updating slices_to_clusters
        - erasing ingress::hdr.eth_hdr.src_addr<48> ^0 ^bit[0..159] deparsed exact_containers [0:47]
        - adding ingress::hdr.eth_hdr.src_addr<48> ^0 ^bit[0..159] deparsed exact_containers [0:31]
        - adding ingress::hdr.eth_hdr.src_addr<48> ^0 ^bit[0..127] deparsed exact_containers [32:47]
    ...updating slice_lists
    ...updating slices_to_slice_lists
Merge wide arith super clusters
dfs_depth-2: decide to split out first 32 bits of [ ingress::hdr.eth_hdr.src_addr<48> ^0 ^bit[0..159] deparsed exact_containers [0:47]
          ingress::hdr.eth_hdr.dst_addr<48> ^0 ^bit[0..111] deparsed exact_containers [0:47] ]
ENTER DFS: 3
dfs_depth-3: will split [ ingress::hdr.eth_hdr.src_addr<48> ^0 ^bit[0..127] deparsed exact_containers [32:47]
          ingress::hdr.eth_hdr.dst_addr<48> ^0 ^bit[0..111] deparsed exact_containers [0:47] ]
possible slice choices: 
{new_split: 1, split_unref:0, n_avoidable_packings:0, size: 8}
{new_split: 0, split_unref:0, n_avoidable_packings:0, size: 16}
{new_split: 1, split_unref:0, n_avoidable_packings:1, size: 32}
dfs_depth-3: possible choices: { 16 32 8 }
dfs_depth-3: try to split @16
Bit schema:
    ----------------1-----------------------------------------------
    [ ingress::hdr.eth_hdr.src_addr<48> ^0 ^bit[0..127] deparsed exact_containers [32:47]
          ingress::hdr.eth_hdr.dst_addr<48> ^0 ^bit[0..111] deparsed exact_containers [0:47] ]


    ...(0) adding to slice list: ingress::hdr.eth_hdr.src_addr<48> ^0 ^bit[0..127] deparsed exact_containers [32:47]
    ...(16) split falls between slices
    ...(16) starting new slice list
Merge wide arith super clusters
dfs_depth-3: decide to split out first 16 bits of [ ingress::hdr.eth_hdr.src_addr<48> ^0 ^bit[0..127] deparsed exact_containers [32:47]
          ingress::hdr.eth_hdr.dst_addr<48> ^0 ^bit[0..111] deparsed exact_containers [0:47] ]
ENTER DFS: 4
dfs_depth-4: will split [ ingress::hdr.eth_hdr.dst_addr<48> ^0 ^bit[0..111] deparsed exact_containers [0:47] ]
possible slice choices: 
{new_split: 1, split_unref:0, n_avoidable_packings:0, size: 8}
{new_split: 1, split_unref:0, n_avoidable_packings:0, size: 16}
{new_split: 1, split_unref:0, n_avoidable_packings:0, size: 32}
dfs_depth-4: possible choices: { 32 16 8 }
dfs_depth-4: try to split @32
Bit schema:
    --------------------------------1---------------
    [ ingress::hdr.eth_hdr.dst_addr<48> ^0 ^bit[0..111] deparsed exact_containers [0:47] ]


    ...(0) found slice to split at idx 32: ingress::hdr.eth_hdr.dst_addr<48> ^0 ^bit[0..111] deparsed exact_containers [0:47]
    ...erasing ingress::hdr.eth_hdr.dst_addr<48> ^0 ^bit[0..111] deparsed exact_containers [0:47] in this slice list
    ...adding ingress::hdr.eth_hdr.dst_addr<48> ^0 ^bit[0..111] deparsed exact_containers [0:31] in this slice list
    ...adding ingress::hdr.eth_hdr.dst_addr<48> ^0 ^bit[0..79] deparsed exact_containers [32:47] in this slice list
    ...(0) adding to slice list: ingress::hdr.eth_hdr.dst_addr<48> ^0 ^bit[0..111] deparsed exact_containers [0:47]
    ...(0) starting new slice list
    ...erasing old cluster [[ingress::hdr.eth_hdr.dst_addr<48> ^0 ^bit[0..111] deparsed exact_containers [0:47]]]
    ...adding new lo cluster [[ingress::hdr.eth_hdr.dst_addr<48> ^0 ^bit[0..111] deparsed exact_containers [0:31]]]
    ...adding new hi cluster [[ingress::hdr.eth_hdr.dst_addr<48> ^0 ^bit[0..79] deparsed exact_containers [32:47]]]
    ...updating slices_to_clusters
        - erasing ingress::hdr.eth_hdr.dst_addr<48> ^0 ^bit[0..111] deparsed exact_containers [0:47]
        - adding ingress::hdr.eth_hdr.dst_addr<48> ^0 ^bit[0..111] deparsed exact_containers [0:31]
        - adding ingress::hdr.eth_hdr.dst_addr<48> ^0 ^bit[0..79] deparsed exact_containers [32:47]
    ...updating slice_lists
    ...updating slices_to_slice_lists
Merge wide arith super clusters
dfs_depth-4: decide to split out first 32 bits of [ ingress::hdr.eth_hdr.dst_addr<48> ^0 ^bit[0..111] deparsed exact_containers [0:47] ]
ENTER DFS: 5
dfs_depth-5: will split [ ingress::hdr.eth_hdr.dst_addr<48> ^0 ^bit[0..79] deparsed exact_containers [32:47] ]
possible slice choices: 
{new_split: 1, split_unref:0, n_avoidable_packings:0, size: 8}
{new_split: 0, split_unref:0, n_avoidable_packings:0, size: 16}
dfs_depth-5: possible choices: { 16 8 }
dfs_depth-5: try to split @16
Bit schema:
    ----------------
    [ ingress::hdr.eth_hdr.dst_addr<48> ^0 ^bit[0..79] deparsed exact_containers [32:47] ]


Merge wide arith super clusters
dfs_depth-5: decide to split out first 16 bits of [ ingress::hdr.eth_hdr.dst_addr<48> ^0 ^bit[0..79] deparsed exact_containers [32:47] ]
ENTER DFS: 6
found a solution after 6 steps
LEAVE DFS: 6
cannot find a solution
LEAVE DFS: 5
cannot find a solution
LEAVE DFS: 4
cannot find a solution
LEAVE DFS: 3
cannot find a solution
LEAVE DFS: 2
cannot find a solution
LEAVE DFS: 1
DFS Result: 0, n_steps_since_last_solution: 0, max_search_steps_per_solution: 524288
Making Itr for SUPERCLUSTER Uid: 111
    slice lists:	
        [ ingress::hdr.a.first<16> ^0 ^bit[0..191] deparsed exact_containers [0:15] ]
    rotational clusters:	
        [[ingress::hdr.a.first<16> ^0 ^bit[0..191] deparsed exact_containers [0:15]]]

Homogeneous slicing enabled: 0 Rejected slice options: 
pa_container_sz slicing schema: Bit schema:
    ----------------
    [ ingress::hdr.a.first<16> ^0 ^bit[0..191] deparsed exact_containers [0:15] ]


Bit schema:
    ----------------
    [ ingress::hdr.a.first<16> ^0 ^bit[0..191] deparsed exact_containers [0:15] ]


Merge wide arith super clusters
split by pa_container_size result: 
SUPERCLUSTER Uid: 157
    slice lists:	
        [ ingress::hdr.a.first<16> ^0 ^bit[0..191] deparsed exact_containers [0:15] ]
    rotational clusters:	
        [[ingress::hdr.a.first<16> ^0 ^bit[0..191] deparsed exact_containers [0:15]]]

split_by_adjacent_no_pack schema: Bit schema:
    ----------------
    [ ingress::hdr.a.first<16> ^0 ^bit[0..191] deparsed exact_containers [0:15] ]


Bit schema:
    ----------------
    [ ingress::hdr.a.first<16> ^0 ^bit[0..191] deparsed exact_containers [0:15] ]


Merge wide arith super clusters
after pre-split by adjacent_no_pack:
SUPERCLUSTER Uid: 158
    slice lists:	
        [ ingress::hdr.a.first<16> ^0 ^bit[0..191] deparsed exact_containers [0:15] ]
    rotational clusters:	
        [[ingress::hdr.a.first<16> ^0 ^bit[0..191] deparsed exact_containers [0:15]]]

split_by_deparsed_bottom_bits schema: Bit schema:
    ----------------
    [ ingress::hdr.a.first<16> ^0 ^bit[0..191] deparsed exact_containers [0:15] ]


Bit schema:
    ----------------
    [ ingress::hdr.a.first<16> ^0 ^bit[0..191] deparsed exact_containers [0:15] ]


Merge wide arith super clusters
after pre-split by deparsed_bottom_bits:
SUPERCLUSTER Uid: 159
    slice lists:	
        [ ingress::hdr.a.first<16> ^0 ^bit[0..191] deparsed exact_containers [0:15] ]
    rotational clusters:	
        [[ingress::hdr.a.first<16> ^0 ^bit[0..191] deparsed exact_containers [0:15]]]

split_by_adjacent_deparsed_and_non_deparsed schema: Bit schema:
    ----------------
    [ ingress::hdr.a.first<16> ^0 ^bit[0..191] deparsed exact_containers [0:15] ]


Bit schema:
    ----------------
    [ ingress::hdr.a.first<16> ^0 ^bit[0..191] deparsed exact_containers [0:15] ]


Merge wide arith super clusters
after pre-split by adjacent_deparsed_and_non_deparsed:
SUPERCLUSTER Uid: 160
    slice lists:	
        [ ingress::hdr.a.first<16> ^0 ^bit[0..191] deparsed exact_containers [0:15] ]
    rotational clusters:	
        [[ingress::hdr.a.first<16> ^0 ^bit[0..191] deparsed exact_containers [0:15]]]

split_parser_write_mode schema: Bit schema:
    ----------------
    [ ingress::hdr.a.first<16> ^0 ^bit[0..191] deparsed exact_containers [0:15] ]


Bit schema:
    ----------------
    [ ingress::hdr.a.first<16> ^0 ^bit[0..191] deparsed exact_containers [0:15] ]


Merge wide arith super clusters
after pre-split by parser_write_mode:
SUPERCLUSTER Uid: 161
    slice lists:	
        [ ingress::hdr.a.first<16> ^0 ^bit[0..191] deparsed exact_containers [0:15] ]
    rotational clusters:	
        [[ingress::hdr.a.first<16> ^0 ^bit[0..191] deparsed exact_containers [0:15]]]

ENTER DFS: 1
dfs_depth-1: will split [ ingress::hdr.a.first<16> ^0 ^bit[0..191] deparsed exact_containers [0:15] ]
possible slice choices: 
{new_split: 1, split_unref:0, n_avoidable_packings:0, size: 8}
{new_split: 0, split_unref:0, n_avoidable_packings:0, size: 16}
dfs_depth-1: possible choices: { 16 8 }
dfs_depth-1: try to split @16
Bit schema:
    ----------------
    [ ingress::hdr.a.first<16> ^0 ^bit[0..191] deparsed exact_containers [0:15] ]


Merge wide arith super clusters
dfs_depth-1: decide to split out first 16 bits of [ ingress::hdr.a.first<16> ^0 ^bit[0..191] deparsed exact_containers [0:15] ]
ENTER DFS: 2
found a solution after 2 steps
LEAVE DFS: 2
cannot find a solution
LEAVE DFS: 1
DFS Result: 0, n_steps_since_last_solution: 0, max_search_steps_per_solution: 524288
Making Itr for SUPERCLUSTER Uid: 112
    slice lists:	
        [ ingress::hdr.b.first<16> ^0 ^bit[0..207] deparsed exact_containers [0:15] ]
    rotational clusters:	
        [[ingress::hdr.b.first<16> ^0 ^bit[0..207] deparsed exact_containers [0:15]]]

Homogeneous slicing enabled: 0 Rejected slice options: 
pa_container_sz slicing schema: Bit schema:
    ----------------
    [ ingress::hdr.b.first<16> ^0 ^bit[0..207] deparsed exact_containers [0:15] ]


Bit schema:
    ----------------
    [ ingress::hdr.b.first<16> ^0 ^bit[0..207] deparsed exact_containers [0:15] ]


Merge wide arith super clusters
split by pa_container_size result: 
SUPERCLUSTER Uid: 163
    slice lists:	
        [ ingress::hdr.b.first<16> ^0 ^bit[0..207] deparsed exact_containers [0:15] ]
    rotational clusters:	
        [[ingress::hdr.b.first<16> ^0 ^bit[0..207] deparsed exact_containers [0:15]]]

split_by_adjacent_no_pack schema: Bit schema:
    ----------------
    [ ingress::hdr.b.first<16> ^0 ^bit[0..207] deparsed exact_containers [0:15] ]


Bit schema:
    ----------------
    [ ingress::hdr.b.first<16> ^0 ^bit[0..207] deparsed exact_containers [0:15] ]


Merge wide arith super clusters
after pre-split by adjacent_no_pack:
SUPERCLUSTER Uid: 164
    slice lists:	
        [ ingress::hdr.b.first<16> ^0 ^bit[0..207] deparsed exact_containers [0:15] ]
    rotational clusters:	
        [[ingress::hdr.b.first<16> ^0 ^bit[0..207] deparsed exact_containers [0:15]]]

split_by_deparsed_bottom_bits schema: Bit schema:
    ----------------
    [ ingress::hdr.b.first<16> ^0 ^bit[0..207] deparsed exact_containers [0:15] ]


Bit schema:
    ----------------
    [ ingress::hdr.b.first<16> ^0 ^bit[0..207] deparsed exact_containers [0:15] ]


Merge wide arith super clusters
after pre-split by deparsed_bottom_bits:
SUPERCLUSTER Uid: 165
    slice lists:	
        [ ingress::hdr.b.first<16> ^0 ^bit[0..207] deparsed exact_containers [0:15] ]
    rotational clusters:	
        [[ingress::hdr.b.first<16> ^0 ^bit[0..207] deparsed exact_containers [0:15]]]

split_by_adjacent_deparsed_and_non_deparsed schema: Bit schema:
    ----------------
    [ ingress::hdr.b.first<16> ^0 ^bit[0..207] deparsed exact_containers [0:15] ]


Bit schema:
    ----------------
    [ ingress::hdr.b.first<16> ^0 ^bit[0..207] deparsed exact_containers [0:15] ]


Merge wide arith super clusters
after pre-split by adjacent_deparsed_and_non_deparsed:
SUPERCLUSTER Uid: 166
    slice lists:	
        [ ingress::hdr.b.first<16> ^0 ^bit[0..207] deparsed exact_containers [0:15] ]
    rotational clusters:	
        [[ingress::hdr.b.first<16> ^0 ^bit[0..207] deparsed exact_containers [0:15]]]

split_parser_write_mode schema: Bit schema:
    ----------------
    [ ingress::hdr.b.first<16> ^0 ^bit[0..207] deparsed exact_containers [0:15] ]


Bit schema:
    ----------------
    [ ingress::hdr.b.first<16> ^0 ^bit[0..207] deparsed exact_containers [0:15] ]


Merge wide arith super clusters
after pre-split by parser_write_mode:
SUPERCLUSTER Uid: 167
    slice lists:	
        [ ingress::hdr.b.first<16> ^0 ^bit[0..207] deparsed exact_containers [0:15] ]
    rotational clusters:	
        [[ingress::hdr.b.first<16> ^0 ^bit[0..207] deparsed exact_containers [0:15]]]

ENTER DFS: 1
dfs_depth-1: will split [ ingress::hdr.b.first<16> ^0 ^bit[0..207] deparsed exact_containers [0:15] ]
possible slice choices: 
{new_split: 1, split_unref:0, n_avoidable_packings:0, size: 8}
{new_split: 0, split_unref:0, n_avoidable_packings:0, size: 16}
dfs_depth-1: possible choices: { 16 8 }
dfs_depth-1: try to split @16
Bit schema:
    ----------------
    [ ingress::hdr.b.first<16> ^0 ^bit[0..207] deparsed exact_containers [0:15] ]


Merge wide arith super clusters
dfs_depth-1: decide to split out first 16 bits of [ ingress::hdr.b.first<16> ^0 ^bit[0..207] deparsed exact_containers [0:15] ]
ENTER DFS: 2
found a solution after 2 steps
LEAVE DFS: 2
cannot find a solution
LEAVE DFS: 1
DFS Result: 0, n_steps_since_last_solution: 0, max_search_steps_per_solution: 524288
Making Itr for SUPERCLUSTER Uid: 113
    slice lists:	
        [ ingress::hdr.c.first<16> ^0 ^bit[0..223] deparsed exact_containers [0:15] ]
    rotational clusters:	
        [[ingress::hdr.c.first<16> ^0 ^bit[0..223] deparsed exact_containers [0:15]]]

Homogeneous slicing enabled: 0 Rejected slice options: 
pa_container_sz slicing schema: Bit schema:
    ----------------
    [ ingress::hdr.c.first<16> ^0 ^bit[0..223] deparsed exact_containers [0:15] ]


Bit schema:
    ----------------
    [ ingress::hdr.c.first<16> ^0 ^bit[0..223] deparsed exact_containers [0:15] ]


Merge wide arith super clusters
split by pa_container_size result: 
SUPERCLUSTER Uid: 169
    slice lists:	
        [ ingress::hdr.c.first<16> ^0 ^bit[0..223] deparsed exact_containers [0:15] ]
    rotational clusters:	
        [[ingress::hdr.c.first<16> ^0 ^bit[0..223] deparsed exact_containers [0:15]]]

split_by_adjacent_no_pack schema: Bit schema:
    ----------------
    [ ingress::hdr.c.first<16> ^0 ^bit[0..223] deparsed exact_containers [0:15] ]


Bit schema:
    ----------------
    [ ingress::hdr.c.first<16> ^0 ^bit[0..223] deparsed exact_containers [0:15] ]


Merge wide arith super clusters
after pre-split by adjacent_no_pack:
SUPERCLUSTER Uid: 170
    slice lists:	
        [ ingress::hdr.c.first<16> ^0 ^bit[0..223] deparsed exact_containers [0:15] ]
    rotational clusters:	
        [[ingress::hdr.c.first<16> ^0 ^bit[0..223] deparsed exact_containers [0:15]]]

split_by_deparsed_bottom_bits schema: Bit schema:
    ----------------
    [ ingress::hdr.c.first<16> ^0 ^bit[0..223] deparsed exact_containers [0:15] ]


Bit schema:
    ----------------
    [ ingress::hdr.c.first<16> ^0 ^bit[0..223] deparsed exact_containers [0:15] ]


Merge wide arith super clusters
after pre-split by deparsed_bottom_bits:
SUPERCLUSTER Uid: 171
    slice lists:	
        [ ingress::hdr.c.first<16> ^0 ^bit[0..223] deparsed exact_containers [0:15] ]
    rotational clusters:	
        [[ingress::hdr.c.first<16> ^0 ^bit[0..223] deparsed exact_containers [0:15]]]

split_by_adjacent_deparsed_and_non_deparsed schema: Bit schema:
    ----------------
    [ ingress::hdr.c.first<16> ^0 ^bit[0..223] deparsed exact_containers [0:15] ]


Bit schema:
    ----------------
    [ ingress::hdr.c.first<16> ^0 ^bit[0..223] deparsed exact_containers [0:15] ]


Merge wide arith super clusters
after pre-split by adjacent_deparsed_and_non_deparsed:
SUPERCLUSTER Uid: 172
    slice lists:	
        [ ingress::hdr.c.first<16> ^0 ^bit[0..223] deparsed exact_containers [0:15] ]
    rotational clusters:	
        [[ingress::hdr.c.first<16> ^0 ^bit[0..223] deparsed exact_containers [0:15]]]

split_parser_write_mode schema: Bit schema:
    ----------------
    [ ingress::hdr.c.first<16> ^0 ^bit[0..223] deparsed exact_containers [0:15] ]


Bit schema:
    ----------------
    [ ingress::hdr.c.first<16> ^0 ^bit[0..223] deparsed exact_containers [0:15] ]


Merge wide arith super clusters
after pre-split by parser_write_mode:
SUPERCLUSTER Uid: 173
    slice lists:	
        [ ingress::hdr.c.first<16> ^0 ^bit[0..223] deparsed exact_containers [0:15] ]
    rotational clusters:	
        [[ingress::hdr.c.first<16> ^0 ^bit[0..223] deparsed exact_containers [0:15]]]

ENTER DFS: 1
dfs_depth-1: will split [ ingress::hdr.c.first<16> ^0 ^bit[0..223] deparsed exact_containers [0:15] ]
possible slice choices: 
{new_split: 1, split_unref:0, n_avoidable_packings:0, size: 8}
{new_split: 0, split_unref:0, n_avoidable_packings:0, size: 16}
dfs_depth-1: possible choices: { 16 8 }
dfs_depth-1: try to split @16
Bit schema:
    ----------------
    [ ingress::hdr.c.first<16> ^0 ^bit[0..223] deparsed exact_containers [0:15] ]


Merge wide arith super clusters
dfs_depth-1: decide to split out first 16 bits of [ ingress::hdr.c.first<16> ^0 ^bit[0..223] deparsed exact_containers [0:15] ]
ENTER DFS: 2
found a solution after 2 steps
LEAVE DFS: 2
cannot find a solution
LEAVE DFS: 1
DFS Result: 0, n_steps_since_last_solution: 0, max_search_steps_per_solution: 524288
Making Itr for SUPERCLUSTER Uid: 114
    slice lists:	
        [ ingress::hdr.d.first<16> [0:15] ]
    rotational clusters:	
        [[ingress::hdr.d.first<16> [0:15]]]

Homogeneous slicing enabled: 0 Rejected slice options: 
pa_container_sz slicing schema: Bit schema:
    ----------------
    [ ingress::hdr.d.first<16> [0:15] ]


Bit schema:
    ----------------
    [ ingress::hdr.d.first<16> [0:15] ]


Merge wide arith super clusters
split by pa_container_size result: 
SUPERCLUSTER Uid: 175
    slice lists:	
        [ ingress::hdr.d.first<16> [0:15] ]
    rotational clusters:	
        [[ingress::hdr.d.first<16> [0:15]]]

split_by_adjacent_no_pack schema: Bit schema:
    ----------------
    [ ingress::hdr.d.first<16> [0:15] ]


Bit schema:
    ----------------
    [ ingress::hdr.d.first<16> [0:15] ]


Merge wide arith super clusters
after pre-split by adjacent_no_pack:
SUPERCLUSTER Uid: 176
    slice lists:	
        [ ingress::hdr.d.first<16> [0:15] ]
    rotational clusters:	
        [[ingress::hdr.d.first<16> [0:15]]]

split_by_deparsed_bottom_bits schema: Bit schema:
    ----------------
    [ ingress::hdr.d.first<16> [0:15] ]


Bit schema:
    ----------------
    [ ingress::hdr.d.first<16> [0:15] ]


Merge wide arith super clusters
after pre-split by deparsed_bottom_bits:
SUPERCLUSTER Uid: 177
    slice lists:	
        [ ingress::hdr.d.first<16> [0:15] ]
    rotational clusters:	
        [[ingress::hdr.d.first<16> [0:15]]]

split_by_adjacent_deparsed_and_non_deparsed schema: Bit schema:
    ----------------
    [ ingress::hdr.d.first<16> [0:15] ]


Bit schema:
    ----------------
    [ ingress::hdr.d.first<16> [0:15] ]


Merge wide arith super clusters
after pre-split by adjacent_deparsed_and_non_deparsed:
SUPERCLUSTER Uid: 178
    slice lists:	
        [ ingress::hdr.d.first<16> [0:15] ]
    rotational clusters:	
        [[ingress::hdr.d.first<16> [0:15]]]

split_parser_write_mode schema: Bit schema:
    ----------------
    [ ingress::hdr.d.first<16> [0:15] ]


Bit schema:
    ----------------
    [ ingress::hdr.d.first<16> [0:15] ]


Merge wide arith super clusters
after pre-split by parser_write_mode:
SUPERCLUSTER Uid: 179
    slice lists:	
        [ ingress::hdr.d.first<16> [0:15] ]
    rotational clusters:	
        [[ingress::hdr.d.first<16> [0:15]]]

ENTER DFS: 1
dfs_depth-1: will split [ ingress::hdr.d.first<16> [0:15] ]
possible slice choices: 
{new_split: 1, split_unref:0, n_avoidable_packings:0, size: 8}
{new_split: 0, split_unref:0, n_avoidable_packings:0, size: 16}
dfs_depth-1: possible choices: { 16 8 }
dfs_depth-1: try to split @16
Bit schema:
    ----------------
    [ ingress::hdr.d.first<16> [0:15] ]


Merge wide arith super clusters
dfs_depth-1: decide to split out first 16 bits of [ ingress::hdr.d.first<16> [0:15] ]
ENTER DFS: 2
found a solution after 2 steps
LEAVE DFS: 2
cannot find a solution
LEAVE DFS: 1
DFS Result: 0, n_steps_since_last_solution: 0, max_search_steps_per_solution: 524288
Making Itr for SUPERCLUSTER Uid: 118
    slice lists:	[ ]
    rotational clusters:	
        [[ingress::ig_intr_md_for_dprsr.mirror_type<3> meta intrinsic solitary no_split deparsed_bottom_bits [0:2]]]

Homogeneous slicing enabled: 0 Rejected slice options: 
empty slicelist SuperCluster
Making Itr for SUPERCLUSTER Uid: 121
    slice lists:	
        [ ingress::$tmp2<10> meta mirror%{10:ingress::ig_intr_md_for_dprsr.mirror_type#0}% no_split exact_containers [0:9]
          ingress::__phv_dummy_padding__<6> exact_containers [0:5] ]
    rotational clusters:	
        [[ingress::$tmp2<10> meta mirror%{10:ingress::ig_intr_md_for_dprsr.mirror_type#0}% no_split exact_containers [0:9]]]
        [[ingress::__phv_dummy_padding__<6> exact_containers [0:5]]]

Homogeneous slicing enabled: 0 Rejected slice options: 
pa_container_sz slicing schema: Bit schema:
    ----------------
    [ ingress::$tmp2<10> meta mirror%{10:ingress::ig_intr_md_for_dprsr.mirror_type#0}% no_split exact_containers [0:9]
          ingress::__phv_dummy_padding__<6> exact_containers [0:5] ]


Bit schema:
    ----------------
    [ ingress::$tmp2<10> meta mirror%{10:ingress::ig_intr_md_for_dprsr.mirror_type#0}% no_split exact_containers [0:9]
          ingress::__phv_dummy_padding__<6> exact_containers [0:5] ]


Merge wide arith super clusters
split by pa_container_size result: 
SUPERCLUSTER Uid: 182
    slice lists:	
        [ ingress::$tmp2<10> meta mirror%{10:ingress::ig_intr_md_for_dprsr.mirror_type#0}% no_split exact_containers [0:9]
          ingress::__phv_dummy_padding__<6> exact_containers [0:5] ]
    rotational clusters:	
        [[ingress::$tmp2<10> meta mirror%{10:ingress::ig_intr_md_for_dprsr.mirror_type#0}% no_split exact_containers [0:9]]]
        [[ingress::__phv_dummy_padding__<6> exact_containers [0:5]]]

split_by_adjacent_no_pack schema: Bit schema:
    ----------------
    [ ingress::$tmp2<10> meta mirror%{10:ingress::ig_intr_md_for_dprsr.mirror_type#0}% no_split exact_containers [0:9]
          ingress::__phv_dummy_padding__<6> exact_containers [0:5] ]


Bit schema:
    ----------------
    [ ingress::$tmp2<10> meta mirror%{10:ingress::ig_intr_md_for_dprsr.mirror_type#0}% no_split exact_containers [0:9]
          ingress::__phv_dummy_padding__<6> exact_containers [0:5] ]


Merge wide arith super clusters
after pre-split by adjacent_no_pack:
SUPERCLUSTER Uid: 183
    slice lists:	
        [ ingress::$tmp2<10> meta mirror%{10:ingress::ig_intr_md_for_dprsr.mirror_type#0}% no_split exact_containers [0:9]
          ingress::__phv_dummy_padding__<6> exact_containers [0:5] ]
    rotational clusters:	
        [[ingress::$tmp2<10> meta mirror%{10:ingress::ig_intr_md_for_dprsr.mirror_type#0}% no_split exact_containers [0:9]]]
        [[ingress::__phv_dummy_padding__<6> exact_containers [0:5]]]

split_by_deparsed_bottom_bits schema: Bit schema:
    ----------------
    [ ingress::$tmp2<10> meta mirror%{10:ingress::ig_intr_md_for_dprsr.mirror_type#0}% no_split exact_containers [0:9]
          ingress::__phv_dummy_padding__<6> exact_containers [0:5] ]


Bit schema:
    ----------------
    [ ingress::$tmp2<10> meta mirror%{10:ingress::ig_intr_md_for_dprsr.mirror_type#0}% no_split exact_containers [0:9]
          ingress::__phv_dummy_padding__<6> exact_containers [0:5] ]


Merge wide arith super clusters
after pre-split by deparsed_bottom_bits:
SUPERCLUSTER Uid: 184
    slice lists:	
        [ ingress::$tmp2<10> meta mirror%{10:ingress::ig_intr_md_for_dprsr.mirror_type#0}% no_split exact_containers [0:9]
          ingress::__phv_dummy_padding__<6> exact_containers [0:5] ]
    rotational clusters:	
        [[ingress::$tmp2<10> meta mirror%{10:ingress::ig_intr_md_for_dprsr.mirror_type#0}% no_split exact_containers [0:9]]]
        [[ingress::__phv_dummy_padding__<6> exact_containers [0:5]]]

split_by_adjacent_deparsed_and_non_deparsed schema: Bit schema:
    ----------------
    [ ingress::$tmp2<10> meta mirror%{10:ingress::ig_intr_md_for_dprsr.mirror_type#0}% no_split exact_containers [0:9]
          ingress::__phv_dummy_padding__<6> exact_containers [0:5] ]


Bit schema:
    ----------------
    [ ingress::$tmp2<10> meta mirror%{10:ingress::ig_intr_md_for_dprsr.mirror_type#0}% no_split exact_containers [0:9]
          ingress::__phv_dummy_padding__<6> exact_containers [0:5] ]


Merge wide arith super clusters
after pre-split by adjacent_deparsed_and_non_deparsed:
SUPERCLUSTER Uid: 185
    slice lists:	
        [ ingress::$tmp2<10> meta mirror%{10:ingress::ig_intr_md_for_dprsr.mirror_type#0}% no_split exact_containers [0:9]
          ingress::__phv_dummy_padding__<6> exact_containers [0:5] ]
    rotational clusters:	
        [[ingress::$tmp2<10> meta mirror%{10:ingress::ig_intr_md_for_dprsr.mirror_type#0}% no_split exact_containers [0:9]]]
        [[ingress::__phv_dummy_padding__<6> exact_containers [0:5]]]

split_parser_write_mode schema: Bit schema:
    ----------------
    [ ingress::$tmp2<10> meta mirror%{10:ingress::ig_intr_md_for_dprsr.mirror_type#0}% no_split exact_containers [0:9]
          ingress::__phv_dummy_padding__<6> exact_containers [0:5] ]


Bit schema:
    ----------------
    [ ingress::$tmp2<10> meta mirror%{10:ingress::ig_intr_md_for_dprsr.mirror_type#0}% no_split exact_containers [0:9]
          ingress::__phv_dummy_padding__<6> exact_containers [0:5] ]


Merge wide arith super clusters
after pre-split by parser_write_mode:
SUPERCLUSTER Uid: 186
    slice lists:	
        [ ingress::$tmp2<10> meta mirror%{10:ingress::ig_intr_md_for_dprsr.mirror_type#0}% no_split exact_containers [0:9]
          ingress::__phv_dummy_padding__<6> exact_containers [0:5] ]
    rotational clusters:	
        [[ingress::$tmp2<10> meta mirror%{10:ingress::ig_intr_md_for_dprsr.mirror_type#0}% no_split exact_containers [0:9]]]
        [[ingress::__phv_dummy_padding__<6> exact_containers [0:5]]]

ENTER DFS: 1
found a solution after 1 steps
LEAVE DFS: 1
DFS Result: 0, n_steps_since_last_solution: 0, max_search_steps_per_solution: 524288
Making Itr for SUPERCLUSTER Uid: 122
    slice lists:	
        [ egress::eg_intr_md.pkt_length<16> intrinsic [0:15]
          egress::eg_intr_md.deflection_flag<1> intrinsic [0:0]
          egress::eg_intr_md._pad10<7> intrinsic [0:6]
          egress::eg_intr_md.egress_cos<3> intrinsic [0:2]
          egress::eg_intr_md._pad9<5> intrinsic [0:4]
          egress::eg_intr_md.egress_qid<5> intrinsic [0:4]
          egress::eg_intr_md._pad8<3> intrinsic [0:2]
          egress::eg_intr_md.egress_rid_first<1> intrinsic [0:0]
          egress::eg_intr_md._pad7<7> intrinsic [0:6]
          egress::eg_intr_md.egress_rid<16> intrinsic [0:15]
          egress::eg_intr_md.deq_timedelta<18> intrinsic [0:17]
          egress::eg_intr_md._pad6<14> intrinsic [0:13]
          egress::eg_intr_md.app_pool_congest_stat<8> intrinsic [0:7]
          egress::eg_intr_md.deq_congest_stat<2> intrinsic [0:1]
          egress::eg_intr_md._pad5<6> intrinsic [0:5]
          egress::eg_intr_md.deq_qdepth<19> intrinsic [0:18]
          egress::eg_intr_md._pad4<5> intrinsic [0:4]
          egress::eg_intr_md.enq_tstamp<18> intrinsic [0:17]
          egress::eg_intr_md._pad3<14> intrinsic [0:13]
          egress::eg_intr_md.enq_congest_stat<2> intrinsic [0:1]
          egress::eg_intr_md._pad2<6> intrinsic [0:5]
          egress::eg_intr_md.enq_qdepth<19> intrinsic [0:18]
          egress::eg_intr_md._pad1<5> intrinsic [0:4]
          egress::eg_intr_md.egress_port<9> ^0 ^bit[0..15] intrinsic no_split deparsed_bottom_bits deparsed_to_tm [0:8]
          egress::eg_intr_md._pad0<7> intrinsic deparsed_to_tm [0:6] ]
    rotational clusters:	
        [[egress::eg_intr_md.pkt_length<16> intrinsic [0:15]]]
        [[egress::eg_intr_md.deflection_flag<1> intrinsic [0:0]]]
        [[egress::eg_intr_md._pad10<7> intrinsic [0:6]]]
        [[egress::eg_intr_md.egress_cos<3> intrinsic [0:2]]]
        [[egress::eg_intr_md._pad9<5> intrinsic [0:4]]]
        [[egress::eg_intr_md.egress_qid<5> intrinsic [0:4]]]
        [[egress::eg_intr_md._pad8<3> intrinsic [0:2]]]
        [[egress::eg_intr_md.egress_rid_first<1> intrinsic [0:0]]]
        [[egress::eg_intr_md._pad7<7> intrinsic [0:6]]]
        [[egress::eg_intr_md.egress_rid<16> intrinsic [0:15]]]
        [[egress::eg_intr_md.deq_timedelta<18> intrinsic [0:17]]]
        [[egress::eg_intr_md._pad6<14> intrinsic [0:13]]]
        [[egress::eg_intr_md.app_pool_congest_stat<8> intrinsic [0:7]]]
        [[egress::eg_intr_md.deq_congest_stat<2> intrinsic [0:1]]]
        [[egress::eg_intr_md._pad5<6> intrinsic [0:5]]]
        [[egress::eg_intr_md.deq_qdepth<19> intrinsic [0:18]]]
        [[egress::eg_intr_md._pad4<5> intrinsic [0:4]]]
        [[egress::eg_intr_md.enq_tstamp<18> intrinsic [0:17]]]
        [[egress::eg_intr_md._pad3<14> intrinsic [0:13]]]
        [[egress::eg_intr_md.enq_congest_stat<2> intrinsic [0:1]]]
        [[egress::eg_intr_md._pad2<6> intrinsic [0:5]]]
        [[egress::eg_intr_md.enq_qdepth<19> intrinsic [0:18]]]
        [[egress::eg_intr_md._pad1<5> intrinsic [0:4]]]
        [[egress::eg_intr_md.egress_port<9> ^0 ^bit[0..15] intrinsic no_split deparsed_bottom_bits deparsed_to_tm [0:8]]]
        [[egress::eg_intr_md._pad0<7> intrinsic deparsed_to_tm [0:6]]]

Homogeneous slicing enabled: 0 Rejected slice options: 
pa_container_sz slicing schema: Bit schema:
    ------------------------------------------------------------------------------------------------------------------------------------------------------------------------------------------------------------------------
    [ egress::eg_intr_md.pkt_length<16> intrinsic [0:15]
          egress::eg_intr_md.deflection_flag<1> intrinsic [0:0]
          egress::eg_intr_md._pad10<7> intrinsic [0:6]
          egress::eg_intr_md.egress_cos<3> intrinsic [0:2]
          egress::eg_intr_md._pad9<5> intrinsic [0:4]
          egress::eg_intr_md.egress_qid<5> intrinsic [0:4]
          egress::eg_intr_md._pad8<3> intrinsic [0:2]
          egress::eg_intr_md.egress_rid_first<1> intrinsic [0:0]
          egress::eg_intr_md._pad7<7> intrinsic [0:6]
          egress::eg_intr_md.egress_rid<16> intrinsic [0:15]
          egress::eg_intr_md.deq_timedelta<18> intrinsic [0:17]
          egress::eg_intr_md._pad6<14> intrinsic [0:13]
          egress::eg_intr_md.app_pool_congest_stat<8> intrinsic [0:7]
          egress::eg_intr_md.deq_congest_stat<2> intrinsic [0:1]
          egress::eg_intr_md._pad5<6> intrinsic [0:5]
          egress::eg_intr_md.deq_qdepth<19> intrinsic [0:18]
          egress::eg_intr_md._pad4<5> intrinsic [0:4]
          egress::eg_intr_md.enq_tstamp<18> intrinsic [0:17]
          egress::eg_intr_md._pad3<14> intrinsic [0:13]
          egress::eg_intr_md.enq_congest_stat<2> intrinsic [0:1]
          egress::eg_intr_md._pad2<6> intrinsic [0:5]
          egress::eg_intr_md.enq_qdepth<19> intrinsic [0:18]
          egress::eg_intr_md._pad1<5> intrinsic [0:4]
          egress::eg_intr_md.egress_port<9> ^0 ^bit[0..15] intrinsic no_split deparsed_bottom_bits deparsed_to_tm [0:8]
          egress::eg_intr_md._pad0<7> intrinsic deparsed_to_tm [0:6] ]


Bit schema:
    ------------------------------------------------------------------------------------------------------------------------------------------------------------------------------------------------------------------------
    [ egress::eg_intr_md.pkt_length<16> intrinsic [0:15]
          egress::eg_intr_md.deflection_flag<1> intrinsic [0:0]
          egress::eg_intr_md._pad10<7> intrinsic [0:6]
          egress::eg_intr_md.egress_cos<3> intrinsic [0:2]
          egress::eg_intr_md._pad9<5> intrinsic [0:4]
          egress::eg_intr_md.egress_qid<5> intrinsic [0:4]
          egress::eg_intr_md._pad8<3> intrinsic [0:2]
          egress::eg_intr_md.egress_rid_first<1> intrinsic [0:0]
          egress::eg_intr_md._pad7<7> intrinsic [0:6]
          egress::eg_intr_md.egress_rid<16> intrinsic [0:15]
          egress::eg_intr_md.deq_timedelta<18> intrinsic [0:17]
          egress::eg_intr_md._pad6<14> intrinsic [0:13]
          egress::eg_intr_md.app_pool_congest_stat<8> intrinsic [0:7]
          egress::eg_intr_md.deq_congest_stat<2> intrinsic [0:1]
          egress::eg_intr_md._pad5<6> intrinsic [0:5]
          egress::eg_intr_md.deq_qdepth<19> intrinsic [0:18]
          egress::eg_intr_md._pad4<5> intrinsic [0:4]
          egress::eg_intr_md.enq_tstamp<18> intrinsic [0:17]
          egress::eg_intr_md._pad3<14> intrinsic [0:13]
          egress::eg_intr_md.enq_congest_stat<2> intrinsic [0:1]
          egress::eg_intr_md._pad2<6> intrinsic [0:5]
          egress::eg_intr_md.enq_qdepth<19> intrinsic [0:18]
          egress::eg_intr_md._pad1<5> intrinsic [0:4]
          egress::eg_intr_md.egress_port<9> ^0 ^bit[0..15] intrinsic no_split deparsed_bottom_bits deparsed_to_tm [0:8]
          egress::eg_intr_md._pad0<7> intrinsic deparsed_to_tm [0:6] ]


Merge wide arith super clusters
split by pa_container_size result: 
SUPERCLUSTER Uid: 187
    slice lists:	
        [ egress::eg_intr_md.pkt_length<16> intrinsic [0:15]
          egress::eg_intr_md.deflection_flag<1> intrinsic [0:0]
          egress::eg_intr_md._pad10<7> intrinsic [0:6]
          egress::eg_intr_md.egress_cos<3> intrinsic [0:2]
          egress::eg_intr_md._pad9<5> intrinsic [0:4]
          egress::eg_intr_md.egress_qid<5> intrinsic [0:4]
          egress::eg_intr_md._pad8<3> intrinsic [0:2]
          egress::eg_intr_md.egress_rid_first<1> intrinsic [0:0]
          egress::eg_intr_md._pad7<7> intrinsic [0:6]
          egress::eg_intr_md.egress_rid<16> intrinsic [0:15]
          egress::eg_intr_md.deq_timedelta<18> intrinsic [0:17]
          egress::eg_intr_md._pad6<14> intrinsic [0:13]
          egress::eg_intr_md.app_pool_congest_stat<8> intrinsic [0:7]
          egress::eg_intr_md.deq_congest_stat<2> intrinsic [0:1]
          egress::eg_intr_md._pad5<6> intrinsic [0:5]
          egress::eg_intr_md.deq_qdepth<19> intrinsic [0:18]
          egress::eg_intr_md._pad4<5> intrinsic [0:4]
          egress::eg_intr_md.enq_tstamp<18> intrinsic [0:17]
          egress::eg_intr_md._pad3<14> intrinsic [0:13]
          egress::eg_intr_md.enq_congest_stat<2> intrinsic [0:1]
          egress::eg_intr_md._pad2<6> intrinsic [0:5]
          egress::eg_intr_md.enq_qdepth<19> intrinsic [0:18]
          egress::eg_intr_md._pad1<5> intrinsic [0:4]
          egress::eg_intr_md.egress_port<9> ^0 ^bit[0..15] intrinsic no_split deparsed_bottom_bits deparsed_to_tm [0:8]
          egress::eg_intr_md._pad0<7> intrinsic deparsed_to_tm [0:6] ]
    rotational clusters:	
        [[egress::eg_intr_md.pkt_length<16> intrinsic [0:15]]]
        [[egress::eg_intr_md.deflection_flag<1> intrinsic [0:0]]]
        [[egress::eg_intr_md._pad10<7> intrinsic [0:6]]]
        [[egress::eg_intr_md.egress_cos<3> intrinsic [0:2]]]
        [[egress::eg_intr_md._pad9<5> intrinsic [0:4]]]
        [[egress::eg_intr_md.egress_qid<5> intrinsic [0:4]]]
        [[egress::eg_intr_md._pad8<3> intrinsic [0:2]]]
        [[egress::eg_intr_md.egress_rid_first<1> intrinsic [0:0]]]
        [[egress::eg_intr_md._pad7<7> intrinsic [0:6]]]
        [[egress::eg_intr_md.egress_rid<16> intrinsic [0:15]]]
        [[egress::eg_intr_md.deq_timedelta<18> intrinsic [0:17]]]
        [[egress::eg_intr_md._pad6<14> intrinsic [0:13]]]
        [[egress::eg_intr_md.app_pool_congest_stat<8> intrinsic [0:7]]]
        [[egress::eg_intr_md.deq_congest_stat<2> intrinsic [0:1]]]
        [[egress::eg_intr_md._pad5<6> intrinsic [0:5]]]
        [[egress::eg_intr_md.deq_qdepth<19> intrinsic [0:18]]]
        [[egress::eg_intr_md._pad4<5> intrinsic [0:4]]]
        [[egress::eg_intr_md.enq_tstamp<18> intrinsic [0:17]]]
        [[egress::eg_intr_md._pad3<14> intrinsic [0:13]]]
        [[egress::eg_intr_md.enq_congest_stat<2> intrinsic [0:1]]]
        [[egress::eg_intr_md._pad2<6> intrinsic [0:5]]]
        [[egress::eg_intr_md.enq_qdepth<19> intrinsic [0:18]]]
        [[egress::eg_intr_md._pad1<5> intrinsic [0:4]]]
        [[egress::eg_intr_md.egress_port<9> ^0 ^bit[0..15] intrinsic no_split deparsed_bottom_bits deparsed_to_tm [0:8]]]
        [[egress::eg_intr_md._pad0<7> intrinsic deparsed_to_tm [0:6]]]

split_by_adjacent_no_pack schema: Bit schema:
    ------------------------------------------------------------------------------------------------------------------------------------------------------------------------------------------------------------------------
    [ egress::eg_intr_md.pkt_length<16> intrinsic [0:15]
          egress::eg_intr_md.deflection_flag<1> intrinsic [0:0]
          egress::eg_intr_md._pad10<7> intrinsic [0:6]
          egress::eg_intr_md.egress_cos<3> intrinsic [0:2]
          egress::eg_intr_md._pad9<5> intrinsic [0:4]
          egress::eg_intr_md.egress_qid<5> intrinsic [0:4]
          egress::eg_intr_md._pad8<3> intrinsic [0:2]
          egress::eg_intr_md.egress_rid_first<1> intrinsic [0:0]
          egress::eg_intr_md._pad7<7> intrinsic [0:6]
          egress::eg_intr_md.egress_rid<16> intrinsic [0:15]
          egress::eg_intr_md.deq_timedelta<18> intrinsic [0:17]
          egress::eg_intr_md._pad6<14> intrinsic [0:13]
          egress::eg_intr_md.app_pool_congest_stat<8> intrinsic [0:7]
          egress::eg_intr_md.deq_congest_stat<2> intrinsic [0:1]
          egress::eg_intr_md._pad5<6> intrinsic [0:5]
          egress::eg_intr_md.deq_qdepth<19> intrinsic [0:18]
          egress::eg_intr_md._pad4<5> intrinsic [0:4]
          egress::eg_intr_md.enq_tstamp<18> intrinsic [0:17]
          egress::eg_intr_md._pad3<14> intrinsic [0:13]
          egress::eg_intr_md.enq_congest_stat<2> intrinsic [0:1]
          egress::eg_intr_md._pad2<6> intrinsic [0:5]
          egress::eg_intr_md.enq_qdepth<19> intrinsic [0:18]
          egress::eg_intr_md._pad1<5> intrinsic [0:4]
          egress::eg_intr_md.egress_port<9> ^0 ^bit[0..15] intrinsic no_split deparsed_bottom_bits deparsed_to_tm [0:8]
          egress::eg_intr_md._pad0<7> intrinsic deparsed_to_tm [0:6] ]


Bit schema:
    ------------------------------------------------------------------------------------------------------------------------------------------------------------------------------------------------------------------------
    [ egress::eg_intr_md.pkt_length<16> intrinsic [0:15]
          egress::eg_intr_md.deflection_flag<1> intrinsic [0:0]
          egress::eg_intr_md._pad10<7> intrinsic [0:6]
          egress::eg_intr_md.egress_cos<3> intrinsic [0:2]
          egress::eg_intr_md._pad9<5> intrinsic [0:4]
          egress::eg_intr_md.egress_qid<5> intrinsic [0:4]
          egress::eg_intr_md._pad8<3> intrinsic [0:2]
          egress::eg_intr_md.egress_rid_first<1> intrinsic [0:0]
          egress::eg_intr_md._pad7<7> intrinsic [0:6]
          egress::eg_intr_md.egress_rid<16> intrinsic [0:15]
          egress::eg_intr_md.deq_timedelta<18> intrinsic [0:17]
          egress::eg_intr_md._pad6<14> intrinsic [0:13]
          egress::eg_intr_md.app_pool_congest_stat<8> intrinsic [0:7]
          egress::eg_intr_md.deq_congest_stat<2> intrinsic [0:1]
          egress::eg_intr_md._pad5<6> intrinsic [0:5]
          egress::eg_intr_md.deq_qdepth<19> intrinsic [0:18]
          egress::eg_intr_md._pad4<5> intrinsic [0:4]
          egress::eg_intr_md.enq_tstamp<18> intrinsic [0:17]
          egress::eg_intr_md._pad3<14> intrinsic [0:13]
          egress::eg_intr_md.enq_congest_stat<2> intrinsic [0:1]
          egress::eg_intr_md._pad2<6> intrinsic [0:5]
          egress::eg_intr_md.enq_qdepth<19> intrinsic [0:18]
          egress::eg_intr_md._pad1<5> intrinsic [0:4]
          egress::eg_intr_md.egress_port<9> ^0 ^bit[0..15] intrinsic no_split deparsed_bottom_bits deparsed_to_tm [0:8]
          egress::eg_intr_md._pad0<7> intrinsic deparsed_to_tm [0:6] ]


Merge wide arith super clusters
after pre-split by adjacent_no_pack:
SUPERCLUSTER Uid: 188
    slice lists:	
        [ egress::eg_intr_md.pkt_length<16> intrinsic [0:15]
          egress::eg_intr_md.deflection_flag<1> intrinsic [0:0]
          egress::eg_intr_md._pad10<7> intrinsic [0:6]
          egress::eg_intr_md.egress_cos<3> intrinsic [0:2]
          egress::eg_intr_md._pad9<5> intrinsic [0:4]
          egress::eg_intr_md.egress_qid<5> intrinsic [0:4]
          egress::eg_intr_md._pad8<3> intrinsic [0:2]
          egress::eg_intr_md.egress_rid_first<1> intrinsic [0:0]
          egress::eg_intr_md._pad7<7> intrinsic [0:6]
          egress::eg_intr_md.egress_rid<16> intrinsic [0:15]
          egress::eg_intr_md.deq_timedelta<18> intrinsic [0:17]
          egress::eg_intr_md._pad6<14> intrinsic [0:13]
          egress::eg_intr_md.app_pool_congest_stat<8> intrinsic [0:7]
          egress::eg_intr_md.deq_congest_stat<2> intrinsic [0:1]
          egress::eg_intr_md._pad5<6> intrinsic [0:5]
          egress::eg_intr_md.deq_qdepth<19> intrinsic [0:18]
          egress::eg_intr_md._pad4<5> intrinsic [0:4]
          egress::eg_intr_md.enq_tstamp<18> intrinsic [0:17]
          egress::eg_intr_md._pad3<14> intrinsic [0:13]
          egress::eg_intr_md.enq_congest_stat<2> intrinsic [0:1]
          egress::eg_intr_md._pad2<6> intrinsic [0:5]
          egress::eg_intr_md.enq_qdepth<19> intrinsic [0:18]
          egress::eg_intr_md._pad1<5> intrinsic [0:4]
          egress::eg_intr_md.egress_port<9> ^0 ^bit[0..15] intrinsic no_split deparsed_bottom_bits deparsed_to_tm [0:8]
          egress::eg_intr_md._pad0<7> intrinsic deparsed_to_tm [0:6] ]
    rotational clusters:	
        [[egress::eg_intr_md.pkt_length<16> intrinsic [0:15]]]
        [[egress::eg_intr_md.deflection_flag<1> intrinsic [0:0]]]
        [[egress::eg_intr_md._pad10<7> intrinsic [0:6]]]
        [[egress::eg_intr_md.egress_cos<3> intrinsic [0:2]]]
        [[egress::eg_intr_md._pad9<5> intrinsic [0:4]]]
        [[egress::eg_intr_md.egress_qid<5> intrinsic [0:4]]]
        [[egress::eg_intr_md._pad8<3> intrinsic [0:2]]]
        [[egress::eg_intr_md.egress_rid_first<1> intrinsic [0:0]]]
        [[egress::eg_intr_md._pad7<7> intrinsic [0:6]]]
        [[egress::eg_intr_md.egress_rid<16> intrinsic [0:15]]]
        [[egress::eg_intr_md.deq_timedelta<18> intrinsic [0:17]]]
        [[egress::eg_intr_md._pad6<14> intrinsic [0:13]]]
        [[egress::eg_intr_md.app_pool_congest_stat<8> intrinsic [0:7]]]
        [[egress::eg_intr_md.deq_congest_stat<2> intrinsic [0:1]]]
        [[egress::eg_intr_md._pad5<6> intrinsic [0:5]]]
        [[egress::eg_intr_md.deq_qdepth<19> intrinsic [0:18]]]
        [[egress::eg_intr_md._pad4<5> intrinsic [0:4]]]
        [[egress::eg_intr_md.enq_tstamp<18> intrinsic [0:17]]]
        [[egress::eg_intr_md._pad3<14> intrinsic [0:13]]]
        [[egress::eg_intr_md.enq_congest_stat<2> intrinsic [0:1]]]
        [[egress::eg_intr_md._pad2<6> intrinsic [0:5]]]
        [[egress::eg_intr_md.enq_qdepth<19> intrinsic [0:18]]]
        [[egress::eg_intr_md._pad1<5> intrinsic [0:4]]]
        [[egress::eg_intr_md.egress_port<9> ^0 ^bit[0..15] intrinsic no_split deparsed_bottom_bits deparsed_to_tm [0:8]]]
        [[egress::eg_intr_md._pad0<7> intrinsic deparsed_to_tm [0:6]]]

split_by_deparsed_bottom_bits schema: Bit schema:
    --------------------------------------------------------------------------------------------------------------------------------------------------------------------------------------------------------1---------------
    [ egress::eg_intr_md.pkt_length<16> intrinsic [0:15]
          egress::eg_intr_md.deflection_flag<1> intrinsic [0:0]
          egress::eg_intr_md._pad10<7> intrinsic [0:6]
          egress::eg_intr_md.egress_cos<3> intrinsic [0:2]
          egress::eg_intr_md._pad9<5> intrinsic [0:4]
          egress::eg_intr_md.egress_qid<5> intrinsic [0:4]
          egress::eg_intr_md._pad8<3> intrinsic [0:2]
          egress::eg_intr_md.egress_rid_first<1> intrinsic [0:0]
          egress::eg_intr_md._pad7<7> intrinsic [0:6]
          egress::eg_intr_md.egress_rid<16> intrinsic [0:15]
          egress::eg_intr_md.deq_timedelta<18> intrinsic [0:17]
          egress::eg_intr_md._pad6<14> intrinsic [0:13]
          egress::eg_intr_md.app_pool_congest_stat<8> intrinsic [0:7]
          egress::eg_intr_md.deq_congest_stat<2> intrinsic [0:1]
          egress::eg_intr_md._pad5<6> intrinsic [0:5]
          egress::eg_intr_md.deq_qdepth<19> intrinsic [0:18]
          egress::eg_intr_md._pad4<5> intrinsic [0:4]
          egress::eg_intr_md.enq_tstamp<18> intrinsic [0:17]
          egress::eg_intr_md._pad3<14> intrinsic [0:13]
          egress::eg_intr_md.enq_congest_stat<2> intrinsic [0:1]
          egress::eg_intr_md._pad2<6> intrinsic [0:5]
          egress::eg_intr_md.enq_qdepth<19> intrinsic [0:18]
          egress::eg_intr_md._pad1<5> intrinsic [0:4]
          egress::eg_intr_md.egress_port<9> ^0 ^bit[0..15] intrinsic no_split deparsed_bottom_bits deparsed_to_tm [0:8]
          egress::eg_intr_md._pad0<7> intrinsic deparsed_to_tm [0:6] ]


Bit schema:
    --------------------------------------------------------------------------------------------------------------------------------------------------------------------------------------------------------1---------------
    [ egress::eg_intr_md.pkt_length<16> intrinsic [0:15]
          egress::eg_intr_md.deflection_flag<1> intrinsic [0:0]
          egress::eg_intr_md._pad10<7> intrinsic [0:6]
          egress::eg_intr_md.egress_cos<3> intrinsic [0:2]
          egress::eg_intr_md._pad9<5> intrinsic [0:4]
          egress::eg_intr_md.egress_qid<5> intrinsic [0:4]
          egress::eg_intr_md._pad8<3> intrinsic [0:2]
          egress::eg_intr_md.egress_rid_first<1> intrinsic [0:0]
          egress::eg_intr_md._pad7<7> intrinsic [0:6]
          egress::eg_intr_md.egress_rid<16> intrinsic [0:15]
          egress::eg_intr_md.deq_timedelta<18> intrinsic [0:17]
          egress::eg_intr_md._pad6<14> intrinsic [0:13]
          egress::eg_intr_md.app_pool_congest_stat<8> intrinsic [0:7]
          egress::eg_intr_md.deq_congest_stat<2> intrinsic [0:1]
          egress::eg_intr_md._pad5<6> intrinsic [0:5]
          egress::eg_intr_md.deq_qdepth<19> intrinsic [0:18]
          egress::eg_intr_md._pad4<5> intrinsic [0:4]
          egress::eg_intr_md.enq_tstamp<18> intrinsic [0:17]
          egress::eg_intr_md._pad3<14> intrinsic [0:13]
          egress::eg_intr_md.enq_congest_stat<2> intrinsic [0:1]
          egress::eg_intr_md._pad2<6> intrinsic [0:5]
          egress::eg_intr_md.enq_qdepth<19> intrinsic [0:18]
          egress::eg_intr_md._pad1<5> intrinsic [0:4]
          egress::eg_intr_md.egress_port<9> ^0 ^bit[0..15] intrinsic no_split deparsed_bottom_bits deparsed_to_tm [0:8]
          egress::eg_intr_md._pad0<7> intrinsic deparsed_to_tm [0:6] ]


    ...(0) adding to slice list: egress::eg_intr_md.pkt_length<16> intrinsic [0:15]
    ...(16) adding to slice list: egress::eg_intr_md.deflection_flag<1> intrinsic [0:0]
    ...(17) adding to slice list: egress::eg_intr_md._pad10<7> intrinsic [0:6]
    ...(24) adding to slice list: egress::eg_intr_md.egress_cos<3> intrinsic [0:2]
    ...(27) adding to slice list: egress::eg_intr_md._pad9<5> intrinsic [0:4]
    ...(32) adding to slice list: egress::eg_intr_md.egress_qid<5> intrinsic [0:4]
    ...(37) adding to slice list: egress::eg_intr_md._pad8<3> intrinsic [0:2]
    ...(40) adding to slice list: egress::eg_intr_md.egress_rid_first<1> intrinsic [0:0]
    ...(41) adding to slice list: egress::eg_intr_md._pad7<7> intrinsic [0:6]
    ...(48) adding to slice list: egress::eg_intr_md.egress_rid<16> intrinsic [0:15]
    ...(64) adding to slice list: egress::eg_intr_md.deq_timedelta<18> intrinsic [0:17]
    ...(82) adding to slice list: egress::eg_intr_md._pad6<14> intrinsic [0:13]
    ...(96) adding to slice list: egress::eg_intr_md.app_pool_congest_stat<8> intrinsic [0:7]
    ...(104) adding to slice list: egress::eg_intr_md.deq_congest_stat<2> intrinsic [0:1]
    ...(106) adding to slice list: egress::eg_intr_md._pad5<6> intrinsic [0:5]
    ...(112) adding to slice list: egress::eg_intr_md.deq_qdepth<19> intrinsic [0:18]
    ...(131) adding to slice list: egress::eg_intr_md._pad4<5> intrinsic [0:4]
    ...(136) adding to slice list: egress::eg_intr_md.enq_tstamp<18> intrinsic [0:17]
    ...(154) adding to slice list: egress::eg_intr_md._pad3<14> intrinsic [0:13]
    ...(168) adding to slice list: egress::eg_intr_md.enq_congest_stat<2> intrinsic [0:1]
    ...(170) adding to slice list: egress::eg_intr_md._pad2<6> intrinsic [0:5]
    ...(176) adding to slice list: egress::eg_intr_md.enq_qdepth<19> intrinsic [0:18]
    ...(195) adding to slice list: egress::eg_intr_md._pad1<5> intrinsic [0:4]
    ...(200) split falls between slices
    ...(200) starting new slice list
Merge wide arith super clusters
after pre-split by deparsed_bottom_bits:
SUPERCLUSTER Uid: 189
    slice lists:	
        [ egress::eg_intr_md.pkt_length<16> intrinsic [0:15]
          egress::eg_intr_md.deflection_flag<1> intrinsic [0:0]
          egress::eg_intr_md._pad10<7> intrinsic [0:6]
          egress::eg_intr_md.egress_cos<3> intrinsic [0:2]
          egress::eg_intr_md._pad9<5> intrinsic [0:4]
          egress::eg_intr_md.egress_qid<5> intrinsic [0:4]
          egress::eg_intr_md._pad8<3> intrinsic [0:2]
          egress::eg_intr_md.egress_rid_first<1> intrinsic [0:0]
          egress::eg_intr_md._pad7<7> intrinsic [0:6]
          egress::eg_intr_md.egress_rid<16> intrinsic [0:15]
          egress::eg_intr_md.deq_timedelta<18> intrinsic [0:17]
          egress::eg_intr_md._pad6<14> intrinsic [0:13]
          egress::eg_intr_md.app_pool_congest_stat<8> intrinsic [0:7]
          egress::eg_intr_md.deq_congest_stat<2> intrinsic [0:1]
          egress::eg_intr_md._pad5<6> intrinsic [0:5]
          egress::eg_intr_md.deq_qdepth<19> intrinsic [0:18]
          egress::eg_intr_md._pad4<5> intrinsic [0:4]
          egress::eg_intr_md.enq_tstamp<18> intrinsic [0:17]
          egress::eg_intr_md._pad3<14> intrinsic [0:13]
          egress::eg_intr_md.enq_congest_stat<2> intrinsic [0:1]
          egress::eg_intr_md._pad2<6> intrinsic [0:5]
          egress::eg_intr_md.enq_qdepth<19> intrinsic [0:18]
          egress::eg_intr_md._pad1<5> intrinsic [0:4] ]
    rotational clusters:	
        [[egress::eg_intr_md.pkt_length<16> intrinsic [0:15]]]
        [[egress::eg_intr_md.deflection_flag<1> intrinsic [0:0]]]
        [[egress::eg_intr_md._pad10<7> intrinsic [0:6]]]
        [[egress::eg_intr_md.egress_cos<3> intrinsic [0:2]]]
        [[egress::eg_intr_md._pad9<5> intrinsic [0:4]]]
        [[egress::eg_intr_md.egress_qid<5> intrinsic [0:4]]]
        [[egress::eg_intr_md._pad8<3> intrinsic [0:2]]]
        [[egress::eg_intr_md.egress_rid_first<1> intrinsic [0:0]]]
        [[egress::eg_intr_md._pad7<7> intrinsic [0:6]]]
        [[egress::eg_intr_md.egress_rid<16> intrinsic [0:15]]]
        [[egress::eg_intr_md.deq_timedelta<18> intrinsic [0:17]]]
        [[egress::eg_intr_md._pad6<14> intrinsic [0:13]]]
        [[egress::eg_intr_md.app_pool_congest_stat<8> intrinsic [0:7]]]
        [[egress::eg_intr_md.deq_congest_stat<2> intrinsic [0:1]]]
        [[egress::eg_intr_md._pad5<6> intrinsic [0:5]]]
        [[egress::eg_intr_md.deq_qdepth<19> intrinsic [0:18]]]
        [[egress::eg_intr_md._pad4<5> intrinsic [0:4]]]
        [[egress::eg_intr_md.enq_tstamp<18> intrinsic [0:17]]]
        [[egress::eg_intr_md._pad3<14> intrinsic [0:13]]]
        [[egress::eg_intr_md.enq_congest_stat<2> intrinsic [0:1]]]
        [[egress::eg_intr_md._pad2<6> intrinsic [0:5]]]
        [[egress::eg_intr_md.enq_qdepth<19> intrinsic [0:18]]]
        [[egress::eg_intr_md._pad1<5> intrinsic [0:4]]]

SUPERCLUSTER Uid: 190
    slice lists:	
        [ egress::eg_intr_md.egress_port<9> ^0 ^bit[0..15] intrinsic no_split deparsed_bottom_bits deparsed_to_tm [0:8]
          egress::eg_intr_md._pad0<7> intrinsic deparsed_to_tm [0:6] ]
    rotational clusters:	
        [[egress::eg_intr_md.egress_port<9> ^0 ^bit[0..15] intrinsic no_split deparsed_bottom_bits deparsed_to_tm [0:8]]]
        [[egress::eg_intr_md._pad0<7> intrinsic deparsed_to_tm [0:6]]]

split_by_adjacent_deparsed_and_non_deparsed schema: Bit schema:
    --------------------------------------------------------------------------------------------------------------------------------------------------------------------------------------------------------
    [ egress::eg_intr_md.pkt_length<16> intrinsic [0:15]
          egress::eg_intr_md.deflection_flag<1> intrinsic [0:0]
          egress::eg_intr_md._pad10<7> intrinsic [0:6]
          egress::eg_intr_md.egress_cos<3> intrinsic [0:2]
          egress::eg_intr_md._pad9<5> intrinsic [0:4]
          egress::eg_intr_md.egress_qid<5> intrinsic [0:4]
          egress::eg_intr_md._pad8<3> intrinsic [0:2]
          egress::eg_intr_md.egress_rid_first<1> intrinsic [0:0]
          egress::eg_intr_md._pad7<7> intrinsic [0:6]
          egress::eg_intr_md.egress_rid<16> intrinsic [0:15]
          egress::eg_intr_md.deq_timedelta<18> intrinsic [0:17]
          egress::eg_intr_md._pad6<14> intrinsic [0:13]
          egress::eg_intr_md.app_pool_congest_stat<8> intrinsic [0:7]
          egress::eg_intr_md.deq_congest_stat<2> intrinsic [0:1]
          egress::eg_intr_md._pad5<6> intrinsic [0:5]
          egress::eg_intr_md.deq_qdepth<19> intrinsic [0:18]
          egress::eg_intr_md._pad4<5> intrinsic [0:4]
          egress::eg_intr_md.enq_tstamp<18> intrinsic [0:17]
          egress::eg_intr_md._pad3<14> intrinsic [0:13]
          egress::eg_intr_md.enq_congest_stat<2> intrinsic [0:1]
          egress::eg_intr_md._pad2<6> intrinsic [0:5]
          egress::eg_intr_md.enq_qdepth<19> intrinsic [0:18]
          egress::eg_intr_md._pad1<5> intrinsic [0:4] ]


Bit schema:
    --------------------------------------------------------------------------------------------------------------------------------------------------------------------------------------------------------
    [ egress::eg_intr_md.pkt_length<16> intrinsic [0:15]
          egress::eg_intr_md.deflection_flag<1> intrinsic [0:0]
          egress::eg_intr_md._pad10<7> intrinsic [0:6]
          egress::eg_intr_md.egress_cos<3> intrinsic [0:2]
          egress::eg_intr_md._pad9<5> intrinsic [0:4]
          egress::eg_intr_md.egress_qid<5> intrinsic [0:4]
          egress::eg_intr_md._pad8<3> intrinsic [0:2]
          egress::eg_intr_md.egress_rid_first<1> intrinsic [0:0]
          egress::eg_intr_md._pad7<7> intrinsic [0:6]
          egress::eg_intr_md.egress_rid<16> intrinsic [0:15]
          egress::eg_intr_md.deq_timedelta<18> intrinsic [0:17]
          egress::eg_intr_md._pad6<14> intrinsic [0:13]
          egress::eg_intr_md.app_pool_congest_stat<8> intrinsic [0:7]
          egress::eg_intr_md.deq_congest_stat<2> intrinsic [0:1]
          egress::eg_intr_md._pad5<6> intrinsic [0:5]
          egress::eg_intr_md.deq_qdepth<19> intrinsic [0:18]
          egress::eg_intr_md._pad4<5> intrinsic [0:4]
          egress::eg_intr_md.enq_tstamp<18> intrinsic [0:17]
          egress::eg_intr_md._pad3<14> intrinsic [0:13]
          egress::eg_intr_md.enq_congest_stat<2> intrinsic [0:1]
          egress::eg_intr_md._pad2<6> intrinsic [0:5]
          egress::eg_intr_md.enq_qdepth<19> intrinsic [0:18]
          egress::eg_intr_md._pad1<5> intrinsic [0:4] ]


Merge wide arith super clusters
split_by_adjacent_deparsed_and_non_deparsed schema: Bit schema:
    ----------------
    [ egress::eg_intr_md.egress_port<9> ^0 ^bit[0..15] intrinsic no_split deparsed_bottom_bits deparsed_to_tm [0:8]
          egress::eg_intr_md._pad0<7> intrinsic deparsed_to_tm [0:6] ]


Bit schema:
    ----------------
    [ egress::eg_intr_md.egress_port<9> ^0 ^bit[0..15] intrinsic no_split deparsed_bottom_bits deparsed_to_tm [0:8]
          egress::eg_intr_md._pad0<7> intrinsic deparsed_to_tm [0:6] ]


Merge wide arith super clusters
after pre-split by adjacent_deparsed_and_non_deparsed:
SUPERCLUSTER Uid: 191
    slice lists:	
        [ egress::eg_intr_md.pkt_length<16> intrinsic [0:15]
          egress::eg_intr_md.deflection_flag<1> intrinsic [0:0]
          egress::eg_intr_md._pad10<7> intrinsic [0:6]
          egress::eg_intr_md.egress_cos<3> intrinsic [0:2]
          egress::eg_intr_md._pad9<5> intrinsic [0:4]
          egress::eg_intr_md.egress_qid<5> intrinsic [0:4]
          egress::eg_intr_md._pad8<3> intrinsic [0:2]
          egress::eg_intr_md.egress_rid_first<1> intrinsic [0:0]
          egress::eg_intr_md._pad7<7> intrinsic [0:6]
          egress::eg_intr_md.egress_rid<16> intrinsic [0:15]
          egress::eg_intr_md.deq_timedelta<18> intrinsic [0:17]
          egress::eg_intr_md._pad6<14> intrinsic [0:13]
          egress::eg_intr_md.app_pool_congest_stat<8> intrinsic [0:7]
          egress::eg_intr_md.deq_congest_stat<2> intrinsic [0:1]
          egress::eg_intr_md._pad5<6> intrinsic [0:5]
          egress::eg_intr_md.deq_qdepth<19> intrinsic [0:18]
          egress::eg_intr_md._pad4<5> intrinsic [0:4]
          egress::eg_intr_md.enq_tstamp<18> intrinsic [0:17]
          egress::eg_intr_md._pad3<14> intrinsic [0:13]
          egress::eg_intr_md.enq_congest_stat<2> intrinsic [0:1]
          egress::eg_intr_md._pad2<6> intrinsic [0:5]
          egress::eg_intr_md.enq_qdepth<19> intrinsic [0:18]
          egress::eg_intr_md._pad1<5> intrinsic [0:4] ]
    rotational clusters:	
        [[egress::eg_intr_md.pkt_length<16> intrinsic [0:15]]]
        [[egress::eg_intr_md.deflection_flag<1> intrinsic [0:0]]]
        [[egress::eg_intr_md._pad10<7> intrinsic [0:6]]]
        [[egress::eg_intr_md.egress_cos<3> intrinsic [0:2]]]
        [[egress::eg_intr_md._pad9<5> intrinsic [0:4]]]
        [[egress::eg_intr_md.egress_qid<5> intrinsic [0:4]]]
        [[egress::eg_intr_md._pad8<3> intrinsic [0:2]]]
        [[egress::eg_intr_md.egress_rid_first<1> intrinsic [0:0]]]
        [[egress::eg_intr_md._pad7<7> intrinsic [0:6]]]
        [[egress::eg_intr_md.egress_rid<16> intrinsic [0:15]]]
        [[egress::eg_intr_md.deq_timedelta<18> intrinsic [0:17]]]
        [[egress::eg_intr_md._pad6<14> intrinsic [0:13]]]
        [[egress::eg_intr_md.app_pool_congest_stat<8> intrinsic [0:7]]]
        [[egress::eg_intr_md.deq_congest_stat<2> intrinsic [0:1]]]
        [[egress::eg_intr_md._pad5<6> intrinsic [0:5]]]
        [[egress::eg_intr_md.deq_qdepth<19> intrinsic [0:18]]]
        [[egress::eg_intr_md._pad4<5> intrinsic [0:4]]]
        [[egress::eg_intr_md.enq_tstamp<18> intrinsic [0:17]]]
        [[egress::eg_intr_md._pad3<14> intrinsic [0:13]]]
        [[egress::eg_intr_md.enq_congest_stat<2> intrinsic [0:1]]]
        [[egress::eg_intr_md._pad2<6> intrinsic [0:5]]]
        [[egress::eg_intr_md.enq_qdepth<19> intrinsic [0:18]]]
        [[egress::eg_intr_md._pad1<5> intrinsic [0:4]]]

SUPERCLUSTER Uid: 192
    slice lists:	
        [ egress::eg_intr_md.egress_port<9> ^0 ^bit[0..15] intrinsic no_split deparsed_bottom_bits deparsed_to_tm [0:8]
          egress::eg_intr_md._pad0<7> intrinsic deparsed_to_tm [0:6] ]
    rotational clusters:	
        [[egress::eg_intr_md.egress_port<9> ^0 ^bit[0..15] intrinsic no_split deparsed_bottom_bits deparsed_to_tm [0:8]]]
        [[egress::eg_intr_md._pad0<7> intrinsic deparsed_to_tm [0:6]]]

split_parser_write_mode schema: Bit schema:
    --------------------------------------------------------------------------------------------------------------------------------------------------------------------------------------------------------
    [ egress::eg_intr_md.pkt_length<16> intrinsic [0:15]
          egress::eg_intr_md.deflection_flag<1> intrinsic [0:0]
          egress::eg_intr_md._pad10<7> intrinsic [0:6]
          egress::eg_intr_md.egress_cos<3> intrinsic [0:2]
          egress::eg_intr_md._pad9<5> intrinsic [0:4]
          egress::eg_intr_md.egress_qid<5> intrinsic [0:4]
          egress::eg_intr_md._pad8<3> intrinsic [0:2]
          egress::eg_intr_md.egress_rid_first<1> intrinsic [0:0]
          egress::eg_intr_md._pad7<7> intrinsic [0:6]
          egress::eg_intr_md.egress_rid<16> intrinsic [0:15]
          egress::eg_intr_md.deq_timedelta<18> intrinsic [0:17]
          egress::eg_intr_md._pad6<14> intrinsic [0:13]
          egress::eg_intr_md.app_pool_congest_stat<8> intrinsic [0:7]
          egress::eg_intr_md.deq_congest_stat<2> intrinsic [0:1]
          egress::eg_intr_md._pad5<6> intrinsic [0:5]
          egress::eg_intr_md.deq_qdepth<19> intrinsic [0:18]
          egress::eg_intr_md._pad4<5> intrinsic [0:4]
          egress::eg_intr_md.enq_tstamp<18> intrinsic [0:17]
          egress::eg_intr_md._pad3<14> intrinsic [0:13]
          egress::eg_intr_md.enq_congest_stat<2> intrinsic [0:1]
          egress::eg_intr_md._pad2<6> intrinsic [0:5]
          egress::eg_intr_md.enq_qdepth<19> intrinsic [0:18]
          egress::eg_intr_md._pad1<5> intrinsic [0:4] ]


Bit schema:
    --------------------------------------------------------------------------------------------------------------------------------------------------------------------------------------------------------
    [ egress::eg_intr_md.pkt_length<16> intrinsic [0:15]
          egress::eg_intr_md.deflection_flag<1> intrinsic [0:0]
          egress::eg_intr_md._pad10<7> intrinsic [0:6]
          egress::eg_intr_md.egress_cos<3> intrinsic [0:2]
          egress::eg_intr_md._pad9<5> intrinsic [0:4]
          egress::eg_intr_md.egress_qid<5> intrinsic [0:4]
          egress::eg_intr_md._pad8<3> intrinsic [0:2]
          egress::eg_intr_md.egress_rid_first<1> intrinsic [0:0]
          egress::eg_intr_md._pad7<7> intrinsic [0:6]
          egress::eg_intr_md.egress_rid<16> intrinsic [0:15]
          egress::eg_intr_md.deq_timedelta<18> intrinsic [0:17]
          egress::eg_intr_md._pad6<14> intrinsic [0:13]
          egress::eg_intr_md.app_pool_congest_stat<8> intrinsic [0:7]
          egress::eg_intr_md.deq_congest_stat<2> intrinsic [0:1]
          egress::eg_intr_md._pad5<6> intrinsic [0:5]
          egress::eg_intr_md.deq_qdepth<19> intrinsic [0:18]
          egress::eg_intr_md._pad4<5> intrinsic [0:4]
          egress::eg_intr_md.enq_tstamp<18> intrinsic [0:17]
          egress::eg_intr_md._pad3<14> intrinsic [0:13]
          egress::eg_intr_md.enq_congest_stat<2> intrinsic [0:1]
          egress::eg_intr_md._pad2<6> intrinsic [0:5]
          egress::eg_intr_md.enq_qdepth<19> intrinsic [0:18]
          egress::eg_intr_md._pad1<5> intrinsic [0:4] ]


Merge wide arith super clusters
split_parser_write_mode schema: Bit schema:
    ----------------
    [ egress::eg_intr_md.egress_port<9> ^0 ^bit[0..15] intrinsic no_split deparsed_bottom_bits deparsed_to_tm [0:8]
          egress::eg_intr_md._pad0<7> intrinsic deparsed_to_tm [0:6] ]


Bit schema:
    ----------------
    [ egress::eg_intr_md.egress_port<9> ^0 ^bit[0..15] intrinsic no_split deparsed_bottom_bits deparsed_to_tm [0:8]
          egress::eg_intr_md._pad0<7> intrinsic deparsed_to_tm [0:6] ]


Merge wide arith super clusters
after pre-split by parser_write_mode:
SUPERCLUSTER Uid: 193
    slice lists:	
        [ egress::eg_intr_md.pkt_length<16> intrinsic [0:15]
          egress::eg_intr_md.deflection_flag<1> intrinsic [0:0]
          egress::eg_intr_md._pad10<7> intrinsic [0:6]
          egress::eg_intr_md.egress_cos<3> intrinsic [0:2]
          egress::eg_intr_md._pad9<5> intrinsic [0:4]
          egress::eg_intr_md.egress_qid<5> intrinsic [0:4]
          egress::eg_intr_md._pad8<3> intrinsic [0:2]
          egress::eg_intr_md.egress_rid_first<1> intrinsic [0:0]
          egress::eg_intr_md._pad7<7> intrinsic [0:6]
          egress::eg_intr_md.egress_rid<16> intrinsic [0:15]
          egress::eg_intr_md.deq_timedelta<18> intrinsic [0:17]
          egress::eg_intr_md._pad6<14> intrinsic [0:13]
          egress::eg_intr_md.app_pool_congest_stat<8> intrinsic [0:7]
          egress::eg_intr_md.deq_congest_stat<2> intrinsic [0:1]
          egress::eg_intr_md._pad5<6> intrinsic [0:5]
          egress::eg_intr_md.deq_qdepth<19> intrinsic [0:18]
          egress::eg_intr_md._pad4<5> intrinsic [0:4]
          egress::eg_intr_md.enq_tstamp<18> intrinsic [0:17]
          egress::eg_intr_md._pad3<14> intrinsic [0:13]
          egress::eg_intr_md.enq_congest_stat<2> intrinsic [0:1]
          egress::eg_intr_md._pad2<6> intrinsic [0:5]
          egress::eg_intr_md.enq_qdepth<19> intrinsic [0:18]
          egress::eg_intr_md._pad1<5> intrinsic [0:4] ]
    rotational clusters:	
        [[egress::eg_intr_md.pkt_length<16> intrinsic [0:15]]]
        [[egress::eg_intr_md.deflection_flag<1> intrinsic [0:0]]]
        [[egress::eg_intr_md._pad10<7> intrinsic [0:6]]]
        [[egress::eg_intr_md.egress_cos<3> intrinsic [0:2]]]
        [[egress::eg_intr_md._pad9<5> intrinsic [0:4]]]
        [[egress::eg_intr_md.egress_qid<5> intrinsic [0:4]]]
        [[egress::eg_intr_md._pad8<3> intrinsic [0:2]]]
        [[egress::eg_intr_md.egress_rid_first<1> intrinsic [0:0]]]
        [[egress::eg_intr_md._pad7<7> intrinsic [0:6]]]
        [[egress::eg_intr_md.egress_rid<16> intrinsic [0:15]]]
        [[egress::eg_intr_md.deq_timedelta<18> intrinsic [0:17]]]
        [[egress::eg_intr_md._pad6<14> intrinsic [0:13]]]
        [[egress::eg_intr_md.app_pool_congest_stat<8> intrinsic [0:7]]]
        [[egress::eg_intr_md.deq_congest_stat<2> intrinsic [0:1]]]
        [[egress::eg_intr_md._pad5<6> intrinsic [0:5]]]
        [[egress::eg_intr_md.deq_qdepth<19> intrinsic [0:18]]]
        [[egress::eg_intr_md._pad4<5> intrinsic [0:4]]]
        [[egress::eg_intr_md.enq_tstamp<18> intrinsic [0:17]]]
        [[egress::eg_intr_md._pad3<14> intrinsic [0:13]]]
        [[egress::eg_intr_md.enq_congest_stat<2> intrinsic [0:1]]]
        [[egress::eg_intr_md._pad2<6> intrinsic [0:5]]]
        [[egress::eg_intr_md.enq_qdepth<19> intrinsic [0:18]]]
        [[egress::eg_intr_md._pad1<5> intrinsic [0:4]]]

SUPERCLUSTER Uid: 194
    slice lists:	
        [ egress::eg_intr_md.egress_port<9> ^0 ^bit[0..15] intrinsic no_split deparsed_bottom_bits deparsed_to_tm [0:8]
          egress::eg_intr_md._pad0<7> intrinsic deparsed_to_tm [0:6] ]
    rotational clusters:	
        [[egress::eg_intr_md.egress_port<9> ^0 ^bit[0..15] intrinsic no_split deparsed_bottom_bits deparsed_to_tm [0:8]]]
        [[egress::eg_intr_md._pad0<7> intrinsic deparsed_to_tm [0:6]]]

ENTER DFS: 1
dfs_depth-1: will split [ egress::eg_intr_md.pkt_length<16> intrinsic [0:15]
          egress::eg_intr_md.deflection_flag<1> intrinsic [0:0]
          egress::eg_intr_md._pad10<7> intrinsic [0:6]
          egress::eg_intr_md.egress_cos<3> intrinsic [0:2]
          egress::eg_intr_md._pad9<5> intrinsic [0:4]
          egress::eg_intr_md.egress_qid<5> intrinsic [0:4]
          egress::eg_intr_md._pad8<3> intrinsic [0:2]
          egress::eg_intr_md.egress_rid_first<1> intrinsic [0:0]
          egress::eg_intr_md._pad7<7> intrinsic [0:6]
          egress::eg_intr_md.egress_rid<16> intrinsic [0:15]
          egress::eg_intr_md.deq_timedelta<18> intrinsic [0:17]
          egress::eg_intr_md._pad6<14> intrinsic [0:13]
          egress::eg_intr_md.app_pool_congest_stat<8> intrinsic [0:7]
          egress::eg_intr_md.deq_congest_stat<2> intrinsic [0:1]
          egress::eg_intr_md._pad5<6> intrinsic [0:5]
          egress::eg_intr_md.deq_qdepth<19> intrinsic [0:18]
          egress::eg_intr_md._pad4<5> intrinsic [0:4]
          egress::eg_intr_md.enq_tstamp<18> intrinsic [0:17]
          egress::eg_intr_md._pad3<14> intrinsic [0:13]
          egress::eg_intr_md.enq_congest_stat<2> intrinsic [0:1]
          egress::eg_intr_md._pad2<6> intrinsic [0:5]
          egress::eg_intr_md.enq_qdepth<19> intrinsic [0:18]
          egress::eg_intr_md._pad1<5> intrinsic [0:4] ]
possible slice choices: 
{new_split: 1, split_unref:0, n_avoidable_packings:0, size: 8}
{new_split: 0, split_unref:0, n_avoidable_packings:0, size: 16}
{new_split: 0, split_unref:0, n_avoidable_packings:0, size: 32}
dfs_depth-1: possible choices: { 32 16 8 }
dfs_depth-1: try to split @32
Bit schema:
    --------------------------------1-----------------------------------------------------------------------------------------------------------------------------------------------------------------------
    [ egress::eg_intr_md.pkt_length<16> intrinsic [0:15]
          egress::eg_intr_md.deflection_flag<1> intrinsic [0:0]
          egress::eg_intr_md._pad10<7> intrinsic [0:6]
          egress::eg_intr_md.egress_cos<3> intrinsic [0:2]
          egress::eg_intr_md._pad9<5> intrinsic [0:4]
          egress::eg_intr_md.egress_qid<5> intrinsic [0:4]
          egress::eg_intr_md._pad8<3> intrinsic [0:2]
          egress::eg_intr_md.egress_rid_first<1> intrinsic [0:0]
          egress::eg_intr_md._pad7<7> intrinsic [0:6]
          egress::eg_intr_md.egress_rid<16> intrinsic [0:15]
          egress::eg_intr_md.deq_timedelta<18> intrinsic [0:17]
          egress::eg_intr_md._pad6<14> intrinsic [0:13]
          egress::eg_intr_md.app_pool_congest_stat<8> intrinsic [0:7]
          egress::eg_intr_md.deq_congest_stat<2> intrinsic [0:1]
          egress::eg_intr_md._pad5<6> intrinsic [0:5]
          egress::eg_intr_md.deq_qdepth<19> intrinsic [0:18]
          egress::eg_intr_md._pad4<5> intrinsic [0:4]
          egress::eg_intr_md.enq_tstamp<18> intrinsic [0:17]
          egress::eg_intr_md._pad3<14> intrinsic [0:13]
          egress::eg_intr_md.enq_congest_stat<2> intrinsic [0:1]
          egress::eg_intr_md._pad2<6> intrinsic [0:5]
          egress::eg_intr_md.enq_qdepth<19> intrinsic [0:18]
          egress::eg_intr_md._pad1<5> intrinsic [0:4] ]


    ...(0) adding to slice list: egress::eg_intr_md.pkt_length<16> intrinsic [0:15]
    ...(16) adding to slice list: egress::eg_intr_md.deflection_flag<1> intrinsic [0:0]
    ...(17) adding to slice list: egress::eg_intr_md._pad10<7> intrinsic [0:6]
    ...(24) adding to slice list: egress::eg_intr_md.egress_cos<3> intrinsic [0:2]
    ...(27) adding to slice list: egress::eg_intr_md._pad9<5> intrinsic [0:4]
    ...(32) split falls between slices
    ...(32) starting new slice list
Merge wide arith super clusters
dfs_depth-1: decide to split out first 32 bits of [ egress::eg_intr_md.pkt_length<16> intrinsic [0:15]
          egress::eg_intr_md.deflection_flag<1> intrinsic [0:0]
          egress::eg_intr_md._pad10<7> intrinsic [0:6]
          egress::eg_intr_md.egress_cos<3> intrinsic [0:2]
          egress::eg_intr_md._pad9<5> intrinsic [0:4]
          egress::eg_intr_md.egress_qid<5> intrinsic [0:4]
          egress::eg_intr_md._pad8<3> intrinsic [0:2]
          egress::eg_intr_md.egress_rid_first<1> intrinsic [0:0]
          egress::eg_intr_md._pad7<7> intrinsic [0:6]
          egress::eg_intr_md.egress_rid<16> intrinsic [0:15]
          egress::eg_intr_md.deq_timedelta<18> intrinsic [0:17]
          egress::eg_intr_md._pad6<14> intrinsic [0:13]
          egress::eg_intr_md.app_pool_congest_stat<8> intrinsic [0:7]
          egress::eg_intr_md.deq_congest_stat<2> intrinsic [0:1]
          egress::eg_intr_md._pad5<6> intrinsic [0:5]
          egress::eg_intr_md.deq_qdepth<19> intrinsic [0:18]
          egress::eg_intr_md._pad4<5> intrinsic [0:4]
          egress::eg_intr_md.enq_tstamp<18> intrinsic [0:17]
          egress::eg_intr_md._pad3<14> intrinsic [0:13]
          egress::eg_intr_md.enq_congest_stat<2> intrinsic [0:1]
          egress::eg_intr_md._pad2<6> intrinsic [0:5]
          egress::eg_intr_md.enq_qdepth<19> intrinsic [0:18]
          egress::eg_intr_md._pad1<5> intrinsic [0:4] ]
ENTER DFS: 2
dfs_depth-2: will split [ egress::eg_intr_md.egress_qid<5> intrinsic [0:4]
          egress::eg_intr_md._pad8<3> intrinsic [0:2]
          egress::eg_intr_md.egress_rid_first<1> intrinsic [0:0]
          egress::eg_intr_md._pad7<7> intrinsic [0:6]
          egress::eg_intr_md.egress_rid<16> intrinsic [0:15]
          egress::eg_intr_md.deq_timedelta<18> intrinsic [0:17]
          egress::eg_intr_md._pad6<14> intrinsic [0:13]
          egress::eg_intr_md.app_pool_congest_stat<8> intrinsic [0:7]
          egress::eg_intr_md.deq_congest_stat<2> intrinsic [0:1]
          egress::eg_intr_md._pad5<6> intrinsic [0:5]
          egress::eg_intr_md.deq_qdepth<19> intrinsic [0:18]
          egress::eg_intr_md._pad4<5> intrinsic [0:4]
          egress::eg_intr_md.enq_tstamp<18> intrinsic [0:17]
          egress::eg_intr_md._pad3<14> intrinsic [0:13]
          egress::eg_intr_md.enq_congest_stat<2> intrinsic [0:1]
          egress::eg_intr_md._pad2<6> intrinsic [0:5]
          egress::eg_intr_md.enq_qdepth<19> intrinsic [0:18]
          egress::eg_intr_md._pad1<5> intrinsic [0:4] ]
possible slice choices: 
{new_split: 0, split_unref:0, n_avoidable_packings:0, size: 8}
{new_split: 0, split_unref:0, n_avoidable_packings:0, size: 16}
{new_split: 0, split_unref:0, n_avoidable_packings:0, size: 32}
dfs_depth-2: possible choices: { 32 16 8 }
dfs_depth-2: try to split @32
Bit schema:
    --------------------------------1---------------------------------------------------------------------------------------------------------------------------------------
    [ egress::eg_intr_md.egress_qid<5> intrinsic [0:4]
          egress::eg_intr_md._pad8<3> intrinsic [0:2]
          egress::eg_intr_md.egress_rid_first<1> intrinsic [0:0]
          egress::eg_intr_md._pad7<7> intrinsic [0:6]
          egress::eg_intr_md.egress_rid<16> intrinsic [0:15]
          egress::eg_intr_md.deq_timedelta<18> intrinsic [0:17]
          egress::eg_intr_md._pad6<14> intrinsic [0:13]
          egress::eg_intr_md.app_pool_congest_stat<8> intrinsic [0:7]
          egress::eg_intr_md.deq_congest_stat<2> intrinsic [0:1]
          egress::eg_intr_md._pad5<6> intrinsic [0:5]
          egress::eg_intr_md.deq_qdepth<19> intrinsic [0:18]
          egress::eg_intr_md._pad4<5> intrinsic [0:4]
          egress::eg_intr_md.enq_tstamp<18> intrinsic [0:17]
          egress::eg_intr_md._pad3<14> intrinsic [0:13]
          egress::eg_intr_md.enq_congest_stat<2> intrinsic [0:1]
          egress::eg_intr_md._pad2<6> intrinsic [0:5]
          egress::eg_intr_md.enq_qdepth<19> intrinsic [0:18]
          egress::eg_intr_md._pad1<5> intrinsic [0:4] ]


    ...(0) adding to slice list: egress::eg_intr_md.egress_qid<5> intrinsic [0:4]
    ...(5) adding to slice list: egress::eg_intr_md._pad8<3> intrinsic [0:2]
    ...(8) adding to slice list: egress::eg_intr_md.egress_rid_first<1> intrinsic [0:0]
    ...(9) adding to slice list: egress::eg_intr_md._pad7<7> intrinsic [0:6]
    ...(16) adding to slice list: egress::eg_intr_md.egress_rid<16> intrinsic [0:15]
    ...(32) split falls between slices
    ...(32) starting new slice list
Merge wide arith super clusters
dfs_depth-2: decide to split out first 32 bits of [ egress::eg_intr_md.egress_qid<5> intrinsic [0:4]
          egress::eg_intr_md._pad8<3> intrinsic [0:2]
          egress::eg_intr_md.egress_rid_first<1> intrinsic [0:0]
          egress::eg_intr_md._pad7<7> intrinsic [0:6]
          egress::eg_intr_md.egress_rid<16> intrinsic [0:15]
          egress::eg_intr_md.deq_timedelta<18> intrinsic [0:17]
          egress::eg_intr_md._pad6<14> intrinsic [0:13]
          egress::eg_intr_md.app_pool_congest_stat<8> intrinsic [0:7]
          egress::eg_intr_md.deq_congest_stat<2> intrinsic [0:1]
          egress::eg_intr_md._pad5<6> intrinsic [0:5]
          egress::eg_intr_md.deq_qdepth<19> intrinsic [0:18]
          egress::eg_intr_md._pad4<5> intrinsic [0:4]
          egress::eg_intr_md.enq_tstamp<18> intrinsic [0:17]
          egress::eg_intr_md._pad3<14> intrinsic [0:13]
          egress::eg_intr_md.enq_congest_stat<2> intrinsic [0:1]
          egress::eg_intr_md._pad2<6> intrinsic [0:5]
          egress::eg_intr_md.enq_qdepth<19> intrinsic [0:18]
          egress::eg_intr_md._pad1<5> intrinsic [0:4] ]
ENTER DFS: 3
dfs_depth-3: will split [ egress::eg_intr_md.deq_timedelta<18> intrinsic [0:17]
          egress::eg_intr_md._pad6<14> intrinsic [0:13]
          egress::eg_intr_md.app_pool_congest_stat<8> intrinsic [0:7]
          egress::eg_intr_md.deq_congest_stat<2> intrinsic [0:1]
          egress::eg_intr_md._pad5<6> intrinsic [0:5]
          egress::eg_intr_md.deq_qdepth<19> intrinsic [0:18]
          egress::eg_intr_md._pad4<5> intrinsic [0:4]
          egress::eg_intr_md.enq_tstamp<18> intrinsic [0:17]
          egress::eg_intr_md._pad3<14> intrinsic [0:13]
          egress::eg_intr_md.enq_congest_stat<2> intrinsic [0:1]
          egress::eg_intr_md._pad2<6> intrinsic [0:5]
          egress::eg_intr_md.enq_qdepth<19> intrinsic [0:18]
          egress::eg_intr_md._pad1<5> intrinsic [0:4] ]
possible slice choices: 
{new_split: 1, split_unref:0, n_avoidable_packings:0, size: 8}
{new_split: 1, split_unref:0, n_avoidable_packings:0, size: 16}
{new_split: 0, split_unref:0, n_avoidable_packings:0, size: 32}
dfs_depth-3: possible choices: { 32 16 8 }
dfs_depth-3: try to split @32
Bit schema:
    --------------------------------1-------------------------------------------------------------------------------------------------------
    [ egress::eg_intr_md.deq_timedelta<18> intrinsic [0:17]
          egress::eg_intr_md._pad6<14> intrinsic [0:13]
          egress::eg_intr_md.app_pool_congest_stat<8> intrinsic [0:7]
          egress::eg_intr_md.deq_congest_stat<2> intrinsic [0:1]
          egress::eg_intr_md._pad5<6> intrinsic [0:5]
          egress::eg_intr_md.deq_qdepth<19> intrinsic [0:18]
          egress::eg_intr_md._pad4<5> intrinsic [0:4]
          egress::eg_intr_md.enq_tstamp<18> intrinsic [0:17]
          egress::eg_intr_md._pad3<14> intrinsic [0:13]
          egress::eg_intr_md.enq_congest_stat<2> intrinsic [0:1]
          egress::eg_intr_md._pad2<6> intrinsic [0:5]
          egress::eg_intr_md.enq_qdepth<19> intrinsic [0:18]
          egress::eg_intr_md._pad1<5> intrinsic [0:4] ]


    ...(0) adding to slice list: egress::eg_intr_md.deq_timedelta<18> intrinsic [0:17]
    ...(18) adding to slice list: egress::eg_intr_md._pad6<14> intrinsic [0:13]
    ...(32) split falls between slices
    ...(32) starting new slice list
Merge wide arith super clusters
dfs_depth-3: decide to split out first 32 bits of [ egress::eg_intr_md.deq_timedelta<18> intrinsic [0:17]
          egress::eg_intr_md._pad6<14> intrinsic [0:13]
          egress::eg_intr_md.app_pool_congest_stat<8> intrinsic [0:7]
          egress::eg_intr_md.deq_congest_stat<2> intrinsic [0:1]
          egress::eg_intr_md._pad5<6> intrinsic [0:5]
          egress::eg_intr_md.deq_qdepth<19> intrinsic [0:18]
          egress::eg_intr_md._pad4<5> intrinsic [0:4]
          egress::eg_intr_md.enq_tstamp<18> intrinsic [0:17]
          egress::eg_intr_md._pad3<14> intrinsic [0:13]
          egress::eg_intr_md.enq_congest_stat<2> intrinsic [0:1]
          egress::eg_intr_md._pad2<6> intrinsic [0:5]
          egress::eg_intr_md.enq_qdepth<19> intrinsic [0:18]
          egress::eg_intr_md._pad1<5> intrinsic [0:4] ]
ENTER DFS: 4
dfs_depth-4: will split [ egress::eg_intr_md.app_pool_congest_stat<8> intrinsic [0:7]
          egress::eg_intr_md.deq_congest_stat<2> intrinsic [0:1]
          egress::eg_intr_md._pad5<6> intrinsic [0:5]
          egress::eg_intr_md.deq_qdepth<19> intrinsic [0:18]
          egress::eg_intr_md._pad4<5> intrinsic [0:4]
          egress::eg_intr_md.enq_tstamp<18> intrinsic [0:17]
          egress::eg_intr_md._pad3<14> intrinsic [0:13]
          egress::eg_intr_md.enq_congest_stat<2> intrinsic [0:1]
          egress::eg_intr_md._pad2<6> intrinsic [0:5]
          egress::eg_intr_md.enq_qdepth<19> intrinsic [0:18]
          egress::eg_intr_md._pad1<5> intrinsic [0:4] ]
possible slice choices: 
{new_split: 0, split_unref:0, n_avoidable_packings:0, size: 8}
{new_split: 0, split_unref:0, n_avoidable_packings:0, size: 16}
{new_split: 1, split_unref:0, n_avoidable_packings:0, size: 32}
dfs_depth-4: possible choices: { 16 8 32 }
dfs_depth-4: try to split @16
Bit schema:
    ----------------1---------------------------------------------------------------------------------------
    [ egress::eg_intr_md.app_pool_congest_stat<8> intrinsic [0:7]
          egress::eg_intr_md.deq_congest_stat<2> intrinsic [0:1]
          egress::eg_intr_md._pad5<6> intrinsic [0:5]
          egress::eg_intr_md.deq_qdepth<19> intrinsic [0:18]
          egress::eg_intr_md._pad4<5> intrinsic [0:4]
          egress::eg_intr_md.enq_tstamp<18> intrinsic [0:17]
          egress::eg_intr_md._pad3<14> intrinsic [0:13]
          egress::eg_intr_md.enq_congest_stat<2> intrinsic [0:1]
          egress::eg_intr_md._pad2<6> intrinsic [0:5]
          egress::eg_intr_md.enq_qdepth<19> intrinsic [0:18]
          egress::eg_intr_md._pad1<5> intrinsic [0:4] ]


    ...(0) adding to slice list: egress::eg_intr_md.app_pool_congest_stat<8> intrinsic [0:7]
    ...(8) adding to slice list: egress::eg_intr_md.deq_congest_stat<2> intrinsic [0:1]
    ...(10) adding to slice list: egress::eg_intr_md._pad5<6> intrinsic [0:5]
    ...(16) split falls between slices
    ...(16) starting new slice list
Merge wide arith super clusters
dfs_depth-4: decide to split out first 16 bits of [ egress::eg_intr_md.app_pool_congest_stat<8> intrinsic [0:7]
          egress::eg_intr_md.deq_congest_stat<2> intrinsic [0:1]
          egress::eg_intr_md._pad5<6> intrinsic [0:5]
          egress::eg_intr_md.deq_qdepth<19> intrinsic [0:18]
          egress::eg_intr_md._pad4<5> intrinsic [0:4]
          egress::eg_intr_md.enq_tstamp<18> intrinsic [0:17]
          egress::eg_intr_md._pad3<14> intrinsic [0:13]
          egress::eg_intr_md.enq_congest_stat<2> intrinsic [0:1]
          egress::eg_intr_md._pad2<6> intrinsic [0:5]
          egress::eg_intr_md.enq_qdepth<19> intrinsic [0:18]
          egress::eg_intr_md._pad1<5> intrinsic [0:4] ]
ENTER DFS: 5
dfs_depth-5: will split [ egress::eg_intr_md.deq_qdepth<19> intrinsic [0:18]
          egress::eg_intr_md._pad4<5> intrinsic [0:4]
          egress::eg_intr_md.enq_tstamp<18> intrinsic [0:17]
          egress::eg_intr_md._pad3<14> intrinsic [0:13]
          egress::eg_intr_md.enq_congest_stat<2> intrinsic [0:1]
          egress::eg_intr_md._pad2<6> intrinsic [0:5]
          egress::eg_intr_md.enq_qdepth<19> intrinsic [0:18]
          egress::eg_intr_md._pad1<5> intrinsic [0:4] ]
possible slice choices: 
{new_split: 1, split_unref:0, n_avoidable_packings:0, size: 8}
{new_split: 1, split_unref:0, n_avoidable_packings:0, size: 16}
{new_split: 1, split_unref:0, n_avoidable_packings:0, size: 32}
dfs_depth-5: possible choices: { 32 16 8 }
dfs_depth-5: try to split @32
Bit schema:
    --------------------------------1-------------------------------------------------------
    [ egress::eg_intr_md.deq_qdepth<19> intrinsic [0:18]
          egress::eg_intr_md._pad4<5> intrinsic [0:4]
          egress::eg_intr_md.enq_tstamp<18> intrinsic [0:17]
          egress::eg_intr_md._pad3<14> intrinsic [0:13]
          egress::eg_intr_md.enq_congest_stat<2> intrinsic [0:1]
          egress::eg_intr_md._pad2<6> intrinsic [0:5]
          egress::eg_intr_md.enq_qdepth<19> intrinsic [0:18]
          egress::eg_intr_md._pad1<5> intrinsic [0:4] ]


    ...(0) adding to slice list: egress::eg_intr_md.deq_qdepth<19> intrinsic [0:18]
    ...(19) adding to slice list: egress::eg_intr_md._pad4<5> intrinsic [0:4]
    ...(24) found slice to split at idx 32: egress::eg_intr_md.enq_tstamp<18> intrinsic [0:17]
    ...erasing egress::eg_intr_md.enq_tstamp<18> intrinsic [0:17] in this slice list
    ...adding egress::eg_intr_md.enq_tstamp<18> intrinsic [0:7] in this slice list
    ...adding egress::eg_intr_md.enq_tstamp<18> intrinsic [8:17] in this slice list
    ...(24) adding to slice list: egress::eg_intr_md.enq_tstamp<18> intrinsic [0:17]
    ...(24) starting new slice list
    ...erasing old cluster [[egress::eg_intr_md.enq_tstamp<18> intrinsic [0:17]]]
    ...adding new lo cluster [[egress::eg_intr_md.enq_tstamp<18> intrinsic [0:7]]]
    ...adding new hi cluster [[egress::eg_intr_md.enq_tstamp<18> intrinsic [8:17]]]
    ...updating slices_to_clusters
        - erasing egress::eg_intr_md.enq_tstamp<18> intrinsic [0:17]
        - adding egress::eg_intr_md.enq_tstamp<18> intrinsic [0:7]
        - adding egress::eg_intr_md.enq_tstamp<18> intrinsic [8:17]
    ...updating slice_lists
    ...updating slices_to_slice_lists
Merge wide arith super clusters
dfs_depth-5: decide to split out first 32 bits of [ egress::eg_intr_md.deq_qdepth<19> intrinsic [0:18]
          egress::eg_intr_md._pad4<5> intrinsic [0:4]
          egress::eg_intr_md.enq_tstamp<18> intrinsic [0:17]
          egress::eg_intr_md._pad3<14> intrinsic [0:13]
          egress::eg_intr_md.enq_congest_stat<2> intrinsic [0:1]
          egress::eg_intr_md._pad2<6> intrinsic [0:5]
          egress::eg_intr_md.enq_qdepth<19> intrinsic [0:18]
          egress::eg_intr_md._pad1<5> intrinsic [0:4] ]
ENTER DFS: 6
dfs_depth-6: will split [ egress::eg_intr_md.enq_tstamp<18> intrinsic [8:17]
          egress::eg_intr_md._pad3<14> intrinsic [0:13]
          egress::eg_intr_md.enq_congest_stat<2> intrinsic [0:1]
          egress::eg_intr_md._pad2<6> intrinsic [0:5]
          egress::eg_intr_md.enq_qdepth<19> intrinsic [0:18]
          egress::eg_intr_md._pad1<5> intrinsic [0:4] ]
possible slice choices: 
{new_split: 1, split_unref:0, n_avoidable_packings:0, size: 8}
{new_split: 1, split_unref:0, n_avoidable_packings:0, size: 16}
{new_split: 0, split_unref:0, n_avoidable_packings:0, size: 32}
dfs_depth-6: possible choices: { 32 16 8 }
dfs_depth-6: try to split @32
Bit schema:
    --------------------------------1-----------------------
    [ egress::eg_intr_md.enq_tstamp<18> intrinsic [8:17]
          egress::eg_intr_md._pad3<14> intrinsic [0:13]
          egress::eg_intr_md.enq_congest_stat<2> intrinsic [0:1]
          egress::eg_intr_md._pad2<6> intrinsic [0:5]
          egress::eg_intr_md.enq_qdepth<19> intrinsic [0:18]
          egress::eg_intr_md._pad1<5> intrinsic [0:4] ]


    ...(0) adding to slice list: egress::eg_intr_md.enq_tstamp<18> intrinsic [8:17]
    ...(10) adding to slice list: egress::eg_intr_md._pad3<14> intrinsic [0:13]
    ...(24) adding to slice list: egress::eg_intr_md.enq_congest_stat<2> intrinsic [0:1]
    ...(26) adding to slice list: egress::eg_intr_md._pad2<6> intrinsic [0:5]
    ...(32) split falls between slices
    ...(32) starting new slice list
Merge wide arith super clusters
dfs_depth-6: decide to split out first 32 bits of [ egress::eg_intr_md.enq_tstamp<18> intrinsic [8:17]
          egress::eg_intr_md._pad3<14> intrinsic [0:13]
          egress::eg_intr_md.enq_congest_stat<2> intrinsic [0:1]
          egress::eg_intr_md._pad2<6> intrinsic [0:5]
          egress::eg_intr_md.enq_qdepth<19> intrinsic [0:18]
          egress::eg_intr_md._pad1<5> intrinsic [0:4] ]
ENTER DFS: 7
dfs_depth-7: will split [ egress::eg_intr_md.enq_qdepth<19> intrinsic [0:18]
          egress::eg_intr_md._pad1<5> intrinsic [0:4] ]
possible slice choices: 
{new_split: 1, split_unref:0, n_avoidable_packings:0, size: 8}
{new_split: 1, split_unref:0, n_avoidable_packings:0, size: 16}
{new_split: 0, split_unref:0, n_avoidable_packings:0, size: 32}
dfs_depth-7: possible choices: { 32 16 8 }
dfs_depth-7: try to split @32
Bit schema:
    ------------------------
    [ egress::eg_intr_md.enq_qdepth<19> intrinsic [0:18]
          egress::eg_intr_md._pad1<5> intrinsic [0:4] ]


Merge wide arith super clusters
dfs_depth-7: decide to split out first 32 bits of [ egress::eg_intr_md.enq_qdepth<19> intrinsic [0:18]
          egress::eg_intr_md._pad1<5> intrinsic [0:4] ]
ENTER DFS: 8
found a solution after 8 steps
LEAVE DFS: 8
cannot find a solution
LEAVE DFS: 7
cannot find a solution
LEAVE DFS: 6
cannot find a solution
LEAVE DFS: 5
cannot find a solution
LEAVE DFS: 4
cannot find a solution
LEAVE DFS: 3
cannot find a solution
LEAVE DFS: 2
cannot find a solution
LEAVE DFS: 1
DFS Result: 0, n_steps_since_last_solution: 0, max_search_steps_per_solution: 524288
Making Itr for SUPERCLUSTER Uid: 123
    slice lists:	
        [ egress::hdr.min_parse_depth_padding_0[0].packet_payload<88> ^0 ^bit[0..87] deparsed exact_containers [0:87] ]
    rotational clusters:	
        [[egress::hdr.min_parse_depth_padding_0[0].packet_payload<88> ^0 ^bit[0..87] deparsed exact_containers [0:87]]]

Homogeneous slicing enabled: 0 Rejected slice options: 
pa_container_sz slicing schema: Bit schema:
    ----------------------------------------------------------------------------------------
    [ egress::hdr.min_parse_depth_padding_0[0].packet_payload<88> ^0 ^bit[0..87] deparsed exact_containers [0:87] ]


Bit schema:
    ----------------------------------------------------------------------------------------
    [ egress::hdr.min_parse_depth_padding_0[0].packet_payload<88> ^0 ^bit[0..87] deparsed exact_containers [0:87] ]


Merge wide arith super clusters
split by pa_container_size result: 
SUPERCLUSTER Uid: 212
    slice lists:	
        [ egress::hdr.min_parse_depth_padding_0[0].packet_payload<88> ^0 ^bit[0..87] deparsed exact_containers [0:87] ]
    rotational clusters:	
        [[egress::hdr.min_parse_depth_padding_0[0].packet_payload<88> ^0 ^bit[0..87] deparsed exact_containers [0:87]]]

split_by_adjacent_no_pack schema: Bit schema:
    ----------------------------------------------------------------------------------------
    [ egress::hdr.min_parse_depth_padding_0[0].packet_payload<88> ^0 ^bit[0..87] deparsed exact_containers [0:87] ]


Bit schema:
    ----------------------------------------------------------------------------------------
    [ egress::hdr.min_parse_depth_padding_0[0].packet_payload<88> ^0 ^bit[0..87] deparsed exact_containers [0:87] ]


Merge wide arith super clusters
after pre-split by adjacent_no_pack:
SUPERCLUSTER Uid: 213
    slice lists:	
        [ egress::hdr.min_parse_depth_padding_0[0].packet_payload<88> ^0 ^bit[0..87] deparsed exact_containers [0:87] ]
    rotational clusters:	
        [[egress::hdr.min_parse_depth_padding_0[0].packet_payload<88> ^0 ^bit[0..87] deparsed exact_containers [0:87]]]

split_by_deparsed_bottom_bits schema: Bit schema:
    ----------------------------------------------------------------------------------------
    [ egress::hdr.min_parse_depth_padding_0[0].packet_payload<88> ^0 ^bit[0..87] deparsed exact_containers [0:87] ]


Bit schema:
    ----------------------------------------------------------------------------------------
    [ egress::hdr.min_parse_depth_padding_0[0].packet_payload<88> ^0 ^bit[0..87] deparsed exact_containers [0:87] ]


Merge wide arith super clusters
after pre-split by deparsed_bottom_bits:
SUPERCLUSTER Uid: 214
    slice lists:	
        [ egress::hdr.min_parse_depth_padding_0[0].packet_payload<88> ^0 ^bit[0..87] deparsed exact_containers [0:87] ]
    rotational clusters:	
        [[egress::hdr.min_parse_depth_padding_0[0].packet_payload<88> ^0 ^bit[0..87] deparsed exact_containers [0:87]]]

split_by_adjacent_deparsed_and_non_deparsed schema: Bit schema:
    ----------------------------------------------------------------------------------------
    [ egress::hdr.min_parse_depth_padding_0[0].packet_payload<88> ^0 ^bit[0..87] deparsed exact_containers [0:87] ]


Bit schema:
    ----------------------------------------------------------------------------------------
    [ egress::hdr.min_parse_depth_padding_0[0].packet_payload<88> ^0 ^bit[0..87] deparsed exact_containers [0:87] ]


Merge wide arith super clusters
after pre-split by adjacent_deparsed_and_non_deparsed:
SUPERCLUSTER Uid: 215
    slice lists:	
        [ egress::hdr.min_parse_depth_padding_0[0].packet_payload<88> ^0 ^bit[0..87] deparsed exact_containers [0:87] ]
    rotational clusters:	
        [[egress::hdr.min_parse_depth_padding_0[0].packet_payload<88> ^0 ^bit[0..87] deparsed exact_containers [0:87]]]

split_parser_write_mode schema: Bit schema:
    ----------------------------------------------------------------------------------------
    [ egress::hdr.min_parse_depth_padding_0[0].packet_payload<88> ^0 ^bit[0..87] deparsed exact_containers [0:87] ]


Bit schema:
    ----------------------------------------------------------------------------------------
    [ egress::hdr.min_parse_depth_padding_0[0].packet_payload<88> ^0 ^bit[0..87] deparsed exact_containers [0:87] ]


Merge wide arith super clusters
after pre-split by parser_write_mode:
SUPERCLUSTER Uid: 216
    slice lists:	
        [ egress::hdr.min_parse_depth_padding_0[0].packet_payload<88> ^0 ^bit[0..87] deparsed exact_containers [0:87] ]
    rotational clusters:	
        [[egress::hdr.min_parse_depth_padding_0[0].packet_payload<88> ^0 ^bit[0..87] deparsed exact_containers [0:87]]]

ENTER DFS: 1
dfs_depth-1: will split [ egress::hdr.min_parse_depth_padding_0[0].packet_payload<88> ^0 ^bit[0..87] deparsed exact_containers [0:87] ]
possible slice choices: 
{new_split: 1, split_unref:0, n_avoidable_packings:0, size: 8}
{new_split: 1, split_unref:0, n_avoidable_packings:0, size: 16}
{new_split: 1, split_unref:0, n_avoidable_packings:0, size: 32}
dfs_depth-1: possible choices: { 32 16 8 }
dfs_depth-1: try to split @32
Bit schema:
    --------------------------------1-------------------------------------------------------
    [ egress::hdr.min_parse_depth_padding_0[0].packet_payload<88> ^0 ^bit[0..87] deparsed exact_containers [0:87] ]


    ...(0) found slice to split at idx 32: egress::hdr.min_parse_depth_padding_0[0].packet_payload<88> ^0 ^bit[0..87] deparsed exact_containers [0:87]
    ...erasing egress::hdr.min_parse_depth_padding_0[0].packet_payload<88> ^0 ^bit[0..87] deparsed exact_containers [0:87] in this slice list
    ...adding egress::hdr.min_parse_depth_padding_0[0].packet_payload<88> ^0 ^bit[0..87] deparsed exact_containers [0:31] in this slice list
    ...adding egress::hdr.min_parse_depth_padding_0[0].packet_payload<88> ^0 ^bit[0..55] deparsed exact_containers [32:87] in this slice list
    ...(0) adding to slice list: egress::hdr.min_parse_depth_padding_0[0].packet_payload<88> ^0 ^bit[0..87] deparsed exact_containers [0:87]
    ...(0) starting new slice list
    ...erasing old cluster [[egress::hdr.min_parse_depth_padding_0[0].packet_payload<88> ^0 ^bit[0..87] deparsed exact_containers [0:87]]]
    ...adding new lo cluster [[egress::hdr.min_parse_depth_padding_0[0].packet_payload<88> ^0 ^bit[0..87] deparsed exact_containers [0:31]]]
    ...adding new hi cluster [[egress::hdr.min_parse_depth_padding_0[0].packet_payload<88> ^0 ^bit[0..55] deparsed exact_containers [32:87]]]
    ...updating slices_to_clusters
        - erasing egress::hdr.min_parse_depth_padding_0[0].packet_payload<88> ^0 ^bit[0..87] deparsed exact_containers [0:87]
        - adding egress::hdr.min_parse_depth_padding_0[0].packet_payload<88> ^0 ^bit[0..87] deparsed exact_containers [0:31]
        - adding egress::hdr.min_parse_depth_padding_0[0].packet_payload<88> ^0 ^bit[0..55] deparsed exact_containers [32:87]
    ...updating slice_lists
    ...updating slices_to_slice_lists
Merge wide arith super clusters
dfs_depth-1: decide to split out first 32 bits of [ egress::hdr.min_parse_depth_padding_0[0].packet_payload<88> ^0 ^bit[0..87] deparsed exact_containers [0:87] ]
ENTER DFS: 2
dfs_depth-2: will split [ egress::hdr.min_parse_depth_padding_0[0].packet_payload<88> ^0 ^bit[0..55] deparsed exact_containers [32:87] ]
possible slice choices: 
{new_split: 1, split_unref:0, n_avoidable_packings:0, size: 8}
{new_split: 1, split_unref:0, n_avoidable_packings:0, size: 16}
{new_split: 1, split_unref:0, n_avoidable_packings:0, size: 32}
dfs_depth-2: possible choices: { 32 16 8 }
dfs_depth-2: try to split @32
Bit schema:
    --------------------------------1-----------------------
    [ egress::hdr.min_parse_depth_padding_0[0].packet_payload<88> ^0 ^bit[0..55] deparsed exact_containers [32:87] ]


    ...(0) found slice to split at idx 32: egress::hdr.min_parse_depth_padding_0[0].packet_payload<88> ^0 ^bit[0..55] deparsed exact_containers [32:87]
    ...erasing egress::hdr.min_parse_depth_padding_0[0].packet_payload<88> ^0 ^bit[0..55] deparsed exact_containers [32:87] in this slice list
    ...adding egress::hdr.min_parse_depth_padding_0[0].packet_payload<88> ^0 ^bit[0..55] deparsed exact_containers [32:63] in this slice list
    ...adding egress::hdr.min_parse_depth_padding_0[0].packet_payload<88> ^0 ^bit[0..23] deparsed exact_containers [64:87] in this slice list
    ...(0) adding to slice list: egress::hdr.min_parse_depth_padding_0[0].packet_payload<88> ^0 ^bit[0..55] deparsed exact_containers [32:87]
    ...(0) starting new slice list
    ...erasing old cluster [[egress::hdr.min_parse_depth_padding_0[0].packet_payload<88> ^0 ^bit[0..55] deparsed exact_containers [32:87]]]
    ...adding new lo cluster [[egress::hdr.min_parse_depth_padding_0[0].packet_payload<88> ^0 ^bit[0..55] deparsed exact_containers [32:63]]]
    ...adding new hi cluster [[egress::hdr.min_parse_depth_padding_0[0].packet_payload<88> ^0 ^bit[0..23] deparsed exact_containers [64:87]]]
    ...updating slices_to_clusters
        - erasing egress::hdr.min_parse_depth_padding_0[0].packet_payload<88> ^0 ^bit[0..55] deparsed exact_containers [32:87]
        - adding egress::hdr.min_parse_depth_padding_0[0].packet_payload<88> ^0 ^bit[0..55] deparsed exact_containers [32:63]
        - adding egress::hdr.min_parse_depth_padding_0[0].packet_payload<88> ^0 ^bit[0..23] deparsed exact_containers [64:87]
    ...updating slice_lists
    ...updating slices_to_slice_lists
Merge wide arith super clusters
dfs_depth-2: decide to split out first 32 bits of [ egress::hdr.min_parse_depth_padding_0[0].packet_payload<88> ^0 ^bit[0..55] deparsed exact_containers [32:87] ]
ENTER DFS: 3
dfs_depth-3: will split [ egress::hdr.min_parse_depth_padding_0[0].packet_payload<88> ^0 ^bit[0..23] deparsed exact_containers [64:87] ]
possible slice choices: 
{new_split: 1, split_unref:0, n_avoidable_packings:0, size: 8}
{new_split: 1, split_unref:0, n_avoidable_packings:0, size: 16}
dfs_depth-3: possible choices: { 16 8 }
dfs_depth-3: try to split @16
Bit schema:
    ----------------1-------
    [ egress::hdr.min_parse_depth_padding_0[0].packet_payload<88> ^0 ^bit[0..23] deparsed exact_containers [64:87] ]


    ...(0) found slice to split at idx 16: egress::hdr.min_parse_depth_padding_0[0].packet_payload<88> ^0 ^bit[0..23] deparsed exact_containers [64:87]
    ...erasing egress::hdr.min_parse_depth_padding_0[0].packet_payload<88> ^0 ^bit[0..23] deparsed exact_containers [64:87] in this slice list
    ...adding egress::hdr.min_parse_depth_padding_0[0].packet_payload<88> ^0 ^bit[0..23] deparsed exact_containers [64:79] in this slice list
    ...adding egress::hdr.min_parse_depth_padding_0[0].packet_payload<88> ^0 ^bit[0..7] deparsed exact_containers [80:87] in this slice list
    ...(0) adding to slice list: egress::hdr.min_parse_depth_padding_0[0].packet_payload<88> ^0 ^bit[0..23] deparsed exact_containers [64:87]
    ...(0) starting new slice list
    ...erasing old cluster [[egress::hdr.min_parse_depth_padding_0[0].packet_payload<88> ^0 ^bit[0..23] deparsed exact_containers [64:87]]]
    ...adding new lo cluster [[egress::hdr.min_parse_depth_padding_0[0].packet_payload<88> ^0 ^bit[0..23] deparsed exact_containers [64:79]]]
    ...adding new hi cluster [[egress::hdr.min_parse_depth_padding_0[0].packet_payload<88> ^0 ^bit[0..7] deparsed exact_containers [80:87]]]
    ...updating slices_to_clusters
        - erasing egress::hdr.min_parse_depth_padding_0[0].packet_payload<88> ^0 ^bit[0..23] deparsed exact_containers [64:87]
        - adding egress::hdr.min_parse_depth_padding_0[0].packet_payload<88> ^0 ^bit[0..23] deparsed exact_containers [64:79]
        - adding egress::hdr.min_parse_depth_padding_0[0].packet_payload<88> ^0 ^bit[0..7] deparsed exact_containers [80:87]
    ...updating slice_lists
    ...updating slices_to_slice_lists
Merge wide arith super clusters
dfs_depth-3: decide to split out first 16 bits of [ egress::hdr.min_parse_depth_padding_0[0].packet_payload<88> ^0 ^bit[0..23] deparsed exact_containers [64:87] ]
ENTER DFS: 4
found a solution after 4 steps
LEAVE DFS: 4
cannot find a solution
LEAVE DFS: 3
cannot find a solution
LEAVE DFS: 2
cannot find a solution
LEAVE DFS: 1
DFS Result: 0, n_steps_since_last_solution: 0, max_search_steps_per_solution: 524288
Making Itr for SUPERCLUSTER Uid: 124
    slice lists:	
        [ egress::hdr.min_parse_depth_padding_0[1].packet_payload<88> ^0 ^bit[0..87] deparsed exact_containers [0:87] ]
    rotational clusters:	
        [[egress::hdr.min_parse_depth_padding_0[1].packet_payload<88> ^0 ^bit[0..87] deparsed exact_containers [0:87]]]

Homogeneous slicing enabled: 0 Rejected slice options: 
pa_container_sz slicing schema: Bit schema:
    ----------------------------------------------------------------------------------------
    [ egress::hdr.min_parse_depth_padding_0[1].packet_payload<88> ^0 ^bit[0..87] deparsed exact_containers [0:87] ]


Bit schema:
    ----------------------------------------------------------------------------------------
    [ egress::hdr.min_parse_depth_padding_0[1].packet_payload<88> ^0 ^bit[0..87] deparsed exact_containers [0:87] ]


Merge wide arith super clusters
split by pa_container_size result: 
SUPERCLUSTER Uid: 235
    slice lists:	
        [ egress::hdr.min_parse_depth_padding_0[1].packet_payload<88> ^0 ^bit[0..87] deparsed exact_containers [0:87] ]
    rotational clusters:	
        [[egress::hdr.min_parse_depth_padding_0[1].packet_payload<88> ^0 ^bit[0..87] deparsed exact_containers [0:87]]]

split_by_adjacent_no_pack schema: Bit schema:
    ----------------------------------------------------------------------------------------
    [ egress::hdr.min_parse_depth_padding_0[1].packet_payload<88> ^0 ^bit[0..87] deparsed exact_containers [0:87] ]


Bit schema:
    ----------------------------------------------------------------------------------------
    [ egress::hdr.min_parse_depth_padding_0[1].packet_payload<88> ^0 ^bit[0..87] deparsed exact_containers [0:87] ]


Merge wide arith super clusters
after pre-split by adjacent_no_pack:
SUPERCLUSTER Uid: 236
    slice lists:	
        [ egress::hdr.min_parse_depth_padding_0[1].packet_payload<88> ^0 ^bit[0..87] deparsed exact_containers [0:87] ]
    rotational clusters:	
        [[egress::hdr.min_parse_depth_padding_0[1].packet_payload<88> ^0 ^bit[0..87] deparsed exact_containers [0:87]]]

split_by_deparsed_bottom_bits schema: Bit schema:
    ----------------------------------------------------------------------------------------
    [ egress::hdr.min_parse_depth_padding_0[1].packet_payload<88> ^0 ^bit[0..87] deparsed exact_containers [0:87] ]


Bit schema:
    ----------------------------------------------------------------------------------------
    [ egress::hdr.min_parse_depth_padding_0[1].packet_payload<88> ^0 ^bit[0..87] deparsed exact_containers [0:87] ]


Merge wide arith super clusters
after pre-split by deparsed_bottom_bits:
SUPERCLUSTER Uid: 237
    slice lists:	
        [ egress::hdr.min_parse_depth_padding_0[1].packet_payload<88> ^0 ^bit[0..87] deparsed exact_containers [0:87] ]
    rotational clusters:	
        [[egress::hdr.min_parse_depth_padding_0[1].packet_payload<88> ^0 ^bit[0..87] deparsed exact_containers [0:87]]]

split_by_adjacent_deparsed_and_non_deparsed schema: Bit schema:
    ----------------------------------------------------------------------------------------
    [ egress::hdr.min_parse_depth_padding_0[1].packet_payload<88> ^0 ^bit[0..87] deparsed exact_containers [0:87] ]


Bit schema:
    ----------------------------------------------------------------------------------------
    [ egress::hdr.min_parse_depth_padding_0[1].packet_payload<88> ^0 ^bit[0..87] deparsed exact_containers [0:87] ]


Merge wide arith super clusters
after pre-split by adjacent_deparsed_and_non_deparsed:
SUPERCLUSTER Uid: 238
    slice lists:	
        [ egress::hdr.min_parse_depth_padding_0[1].packet_payload<88> ^0 ^bit[0..87] deparsed exact_containers [0:87] ]
    rotational clusters:	
        [[egress::hdr.min_parse_depth_padding_0[1].packet_payload<88> ^0 ^bit[0..87] deparsed exact_containers [0:87]]]

split_parser_write_mode schema: Bit schema:
    ----------------------------------------------------------------------------------------
    [ egress::hdr.min_parse_depth_padding_0[1].packet_payload<88> ^0 ^bit[0..87] deparsed exact_containers [0:87] ]


Bit schema:
    ----------------------------------------------------------------------------------------
    [ egress::hdr.min_parse_depth_padding_0[1].packet_payload<88> ^0 ^bit[0..87] deparsed exact_containers [0:87] ]


Merge wide arith super clusters
after pre-split by parser_write_mode:
SUPERCLUSTER Uid: 239
    slice lists:	
        [ egress::hdr.min_parse_depth_padding_0[1].packet_payload<88> ^0 ^bit[0..87] deparsed exact_containers [0:87] ]
    rotational clusters:	
        [[egress::hdr.min_parse_depth_padding_0[1].packet_payload<88> ^0 ^bit[0..87] deparsed exact_containers [0:87]]]

ENTER DFS: 1
dfs_depth-1: will split [ egress::hdr.min_parse_depth_padding_0[1].packet_payload<88> ^0 ^bit[0..87] deparsed exact_containers [0:87] ]
possible slice choices: 
{new_split: 1, split_unref:0, n_avoidable_packings:0, size: 8}
{new_split: 1, split_unref:0, n_avoidable_packings:0, size: 16}
{new_split: 1, split_unref:0, n_avoidable_packings:0, size: 32}
dfs_depth-1: possible choices: { 32 16 8 }
dfs_depth-1: try to split @32
Bit schema:
    --------------------------------1-------------------------------------------------------
    [ egress::hdr.min_parse_depth_padding_0[1].packet_payload<88> ^0 ^bit[0..87] deparsed exact_containers [0:87] ]


    ...(0) found slice to split at idx 32: egress::hdr.min_parse_depth_padding_0[1].packet_payload<88> ^0 ^bit[0..87] deparsed exact_containers [0:87]
    ...erasing egress::hdr.min_parse_depth_padding_0[1].packet_payload<88> ^0 ^bit[0..87] deparsed exact_containers [0:87] in this slice list
    ...adding egress::hdr.min_parse_depth_padding_0[1].packet_payload<88> ^0 ^bit[0..87] deparsed exact_containers [0:31] in this slice list
    ...adding egress::hdr.min_parse_depth_padding_0[1].packet_payload<88> ^0 ^bit[0..55] deparsed exact_containers [32:87] in this slice list
    ...(0) adding to slice list: egress::hdr.min_parse_depth_padding_0[1].packet_payload<88> ^0 ^bit[0..87] deparsed exact_containers [0:87]
    ...(0) starting new slice list
    ...erasing old cluster [[egress::hdr.min_parse_depth_padding_0[1].packet_payload<88> ^0 ^bit[0..87] deparsed exact_containers [0:87]]]
    ...adding new lo cluster [[egress::hdr.min_parse_depth_padding_0[1].packet_payload<88> ^0 ^bit[0..87] deparsed exact_containers [0:31]]]
    ...adding new hi cluster [[egress::hdr.min_parse_depth_padding_0[1].packet_payload<88> ^0 ^bit[0..55] deparsed exact_containers [32:87]]]
    ...updating slices_to_clusters
        - erasing egress::hdr.min_parse_depth_padding_0[1].packet_payload<88> ^0 ^bit[0..87] deparsed exact_containers [0:87]
        - adding egress::hdr.min_parse_depth_padding_0[1].packet_payload<88> ^0 ^bit[0..87] deparsed exact_containers [0:31]
        - adding egress::hdr.min_parse_depth_padding_0[1].packet_payload<88> ^0 ^bit[0..55] deparsed exact_containers [32:87]
    ...updating slice_lists
    ...updating slices_to_slice_lists
Merge wide arith super clusters
dfs_depth-1: decide to split out first 32 bits of [ egress::hdr.min_parse_depth_padding_0[1].packet_payload<88> ^0 ^bit[0..87] deparsed exact_containers [0:87] ]
ENTER DFS: 2
dfs_depth-2: will split [ egress::hdr.min_parse_depth_padding_0[1].packet_payload<88> ^0 ^bit[0..55] deparsed exact_containers [32:87] ]
possible slice choices: 
{new_split: 1, split_unref:0, n_avoidable_packings:0, size: 8}
{new_split: 1, split_unref:0, n_avoidable_packings:0, size: 16}
{new_split: 1, split_unref:0, n_avoidable_packings:0, size: 32}
dfs_depth-2: possible choices: { 32 16 8 }
dfs_depth-2: try to split @32
Bit schema:
    --------------------------------1-----------------------
    [ egress::hdr.min_parse_depth_padding_0[1].packet_payload<88> ^0 ^bit[0..55] deparsed exact_containers [32:87] ]


    ...(0) found slice to split at idx 32: egress::hdr.min_parse_depth_padding_0[1].packet_payload<88> ^0 ^bit[0..55] deparsed exact_containers [32:87]
    ...erasing egress::hdr.min_parse_depth_padding_0[1].packet_payload<88> ^0 ^bit[0..55] deparsed exact_containers [32:87] in this slice list
    ...adding egress::hdr.min_parse_depth_padding_0[1].packet_payload<88> ^0 ^bit[0..55] deparsed exact_containers [32:63] in this slice list
    ...adding egress::hdr.min_parse_depth_padding_0[1].packet_payload<88> ^0 ^bit[0..23] deparsed exact_containers [64:87] in this slice list
    ...(0) adding to slice list: egress::hdr.min_parse_depth_padding_0[1].packet_payload<88> ^0 ^bit[0..55] deparsed exact_containers [32:87]
    ...(0) starting new slice list
    ...erasing old cluster [[egress::hdr.min_parse_depth_padding_0[1].packet_payload<88> ^0 ^bit[0..55] deparsed exact_containers [32:87]]]
    ...adding new lo cluster [[egress::hdr.min_parse_depth_padding_0[1].packet_payload<88> ^0 ^bit[0..55] deparsed exact_containers [32:63]]]
    ...adding new hi cluster [[egress::hdr.min_parse_depth_padding_0[1].packet_payload<88> ^0 ^bit[0..23] deparsed exact_containers [64:87]]]
    ...updating slices_to_clusters
        - erasing egress::hdr.min_parse_depth_padding_0[1].packet_payload<88> ^0 ^bit[0..55] deparsed exact_containers [32:87]
        - adding egress::hdr.min_parse_depth_padding_0[1].packet_payload<88> ^0 ^bit[0..55] deparsed exact_containers [32:63]
        - adding egress::hdr.min_parse_depth_padding_0[1].packet_payload<88> ^0 ^bit[0..23] deparsed exact_containers [64:87]
    ...updating slice_lists
    ...updating slices_to_slice_lists
Merge wide arith super clusters
dfs_depth-2: decide to split out first 32 bits of [ egress::hdr.min_parse_depth_padding_0[1].packet_payload<88> ^0 ^bit[0..55] deparsed exact_containers [32:87] ]
ENTER DFS: 3
dfs_depth-3: will split [ egress::hdr.min_parse_depth_padding_0[1].packet_payload<88> ^0 ^bit[0..23] deparsed exact_containers [64:87] ]
possible slice choices: 
{new_split: 1, split_unref:0, n_avoidable_packings:0, size: 8}
{new_split: 1, split_unref:0, n_avoidable_packings:0, size: 16}
dfs_depth-3: possible choices: { 16 8 }
dfs_depth-3: try to split @16
Bit schema:
    ----------------1-------
    [ egress::hdr.min_parse_depth_padding_0[1].packet_payload<88> ^0 ^bit[0..23] deparsed exact_containers [64:87] ]


    ...(0) found slice to split at idx 16: egress::hdr.min_parse_depth_padding_0[1].packet_payload<88> ^0 ^bit[0..23] deparsed exact_containers [64:87]
    ...erasing egress::hdr.min_parse_depth_padding_0[1].packet_payload<88> ^0 ^bit[0..23] deparsed exact_containers [64:87] in this slice list
    ...adding egress::hdr.min_parse_depth_padding_0[1].packet_payload<88> ^0 ^bit[0..23] deparsed exact_containers [64:79] in this slice list
    ...adding egress::hdr.min_parse_depth_padding_0[1].packet_payload<88> ^0 ^bit[0..7] deparsed exact_containers [80:87] in this slice list
    ...(0) adding to slice list: egress::hdr.min_parse_depth_padding_0[1].packet_payload<88> ^0 ^bit[0..23] deparsed exact_containers [64:87]
    ...(0) starting new slice list
    ...erasing old cluster [[egress::hdr.min_parse_depth_padding_0[1].packet_payload<88> ^0 ^bit[0..23] deparsed exact_containers [64:87]]]
    ...adding new lo cluster [[egress::hdr.min_parse_depth_padding_0[1].packet_payload<88> ^0 ^bit[0..23] deparsed exact_containers [64:79]]]
    ...adding new hi cluster [[egress::hdr.min_parse_depth_padding_0[1].packet_payload<88> ^0 ^bit[0..7] deparsed exact_containers [80:87]]]
    ...updating slices_to_clusters
        - erasing egress::hdr.min_parse_depth_padding_0[1].packet_payload<88> ^0 ^bit[0..23] deparsed exact_containers [64:87]
        - adding egress::hdr.min_parse_depth_padding_0[1].packet_payload<88> ^0 ^bit[0..23] deparsed exact_containers [64:79]
        - adding egress::hdr.min_parse_depth_padding_0[1].packet_payload<88> ^0 ^bit[0..7] deparsed exact_containers [80:87]
    ...updating slice_lists
    ...updating slices_to_slice_lists
Merge wide arith super clusters
dfs_depth-3: decide to split out first 16 bits of [ egress::hdr.min_parse_depth_padding_0[1].packet_payload<88> ^0 ^bit[0..23] deparsed exact_containers [64:87] ]
ENTER DFS: 4
found a solution after 4 steps
LEAVE DFS: 4
cannot find a solution
LEAVE DFS: 3
cannot find a solution
LEAVE DFS: 2
cannot find a solution
LEAVE DFS: 1
DFS Result: 0, n_steps_since_last_solution: 0, max_search_steps_per_solution: 524288
Making Itr for SUPERCLUSTER Uid: 125
    slice lists:	
        [ egress::hdr.min_parse_depth_padding_0[2].packet_payload<88> ^0 ^bit[0..87] deparsed exact_containers [0:87] ]
    rotational clusters:	
        [[egress::hdr.min_parse_depth_padding_0[2].packet_payload<88> ^0 ^bit[0..87] deparsed exact_containers [0:87]]]

Homogeneous slicing enabled: 0 Rejected slice options: 
pa_container_sz slicing schema: Bit schema:
    ----------------------------------------------------------------------------------------
    [ egress::hdr.min_parse_depth_padding_0[2].packet_payload<88> ^0 ^bit[0..87] deparsed exact_containers [0:87] ]


Bit schema:
    ----------------------------------------------------------------------------------------
    [ egress::hdr.min_parse_depth_padding_0[2].packet_payload<88> ^0 ^bit[0..87] deparsed exact_containers [0:87] ]


Merge wide arith super clusters
split by pa_container_size result: 
SUPERCLUSTER Uid: 258
    slice lists:	
        [ egress::hdr.min_parse_depth_padding_0[2].packet_payload<88> ^0 ^bit[0..87] deparsed exact_containers [0:87] ]
    rotational clusters:	
        [[egress::hdr.min_parse_depth_padding_0[2].packet_payload<88> ^0 ^bit[0..87] deparsed exact_containers [0:87]]]

split_by_adjacent_no_pack schema: Bit schema:
    ----------------------------------------------------------------------------------------
    [ egress::hdr.min_parse_depth_padding_0[2].packet_payload<88> ^0 ^bit[0..87] deparsed exact_containers [0:87] ]


Bit schema:
    ----------------------------------------------------------------------------------------
    [ egress::hdr.min_parse_depth_padding_0[2].packet_payload<88> ^0 ^bit[0..87] deparsed exact_containers [0:87] ]


Merge wide arith super clusters
after pre-split by adjacent_no_pack:
SUPERCLUSTER Uid: 259
    slice lists:	
        [ egress::hdr.min_parse_depth_padding_0[2].packet_payload<88> ^0 ^bit[0..87] deparsed exact_containers [0:87] ]
    rotational clusters:	
        [[egress::hdr.min_parse_depth_padding_0[2].packet_payload<88> ^0 ^bit[0..87] deparsed exact_containers [0:87]]]

split_by_deparsed_bottom_bits schema: Bit schema:
    ----------------------------------------------------------------------------------------
    [ egress::hdr.min_parse_depth_padding_0[2].packet_payload<88> ^0 ^bit[0..87] deparsed exact_containers [0:87] ]


Bit schema:
    ----------------------------------------------------------------------------------------
    [ egress::hdr.min_parse_depth_padding_0[2].packet_payload<88> ^0 ^bit[0..87] deparsed exact_containers [0:87] ]


Merge wide arith super clusters
after pre-split by deparsed_bottom_bits:
SUPERCLUSTER Uid: 260
    slice lists:	
        [ egress::hdr.min_parse_depth_padding_0[2].packet_payload<88> ^0 ^bit[0..87] deparsed exact_containers [0:87] ]
    rotational clusters:	
        [[egress::hdr.min_parse_depth_padding_0[2].packet_payload<88> ^0 ^bit[0..87] deparsed exact_containers [0:87]]]

split_by_adjacent_deparsed_and_non_deparsed schema: Bit schema:
    ----------------------------------------------------------------------------------------
    [ egress::hdr.min_parse_depth_padding_0[2].packet_payload<88> ^0 ^bit[0..87] deparsed exact_containers [0:87] ]


Bit schema:
    ----------------------------------------------------------------------------------------
    [ egress::hdr.min_parse_depth_padding_0[2].packet_payload<88> ^0 ^bit[0..87] deparsed exact_containers [0:87] ]


Merge wide arith super clusters
after pre-split by adjacent_deparsed_and_non_deparsed:
SUPERCLUSTER Uid: 261
    slice lists:	
        [ egress::hdr.min_parse_depth_padding_0[2].packet_payload<88> ^0 ^bit[0..87] deparsed exact_containers [0:87] ]
    rotational clusters:	
        [[egress::hdr.min_parse_depth_padding_0[2].packet_payload<88> ^0 ^bit[0..87] deparsed exact_containers [0:87]]]

split_parser_write_mode schema: Bit schema:
    ----------------------------------------------------------------------------------------
    [ egress::hdr.min_parse_depth_padding_0[2].packet_payload<88> ^0 ^bit[0..87] deparsed exact_containers [0:87] ]


Bit schema:
    ----------------------------------------------------------------------------------------
    [ egress::hdr.min_parse_depth_padding_0[2].packet_payload<88> ^0 ^bit[0..87] deparsed exact_containers [0:87] ]


Merge wide arith super clusters
after pre-split by parser_write_mode:
SUPERCLUSTER Uid: 262
    slice lists:	
        [ egress::hdr.min_parse_depth_padding_0[2].packet_payload<88> ^0 ^bit[0..87] deparsed exact_containers [0:87] ]
    rotational clusters:	
        [[egress::hdr.min_parse_depth_padding_0[2].packet_payload<88> ^0 ^bit[0..87] deparsed exact_containers [0:87]]]

ENTER DFS: 1
dfs_depth-1: will split [ egress::hdr.min_parse_depth_padding_0[2].packet_payload<88> ^0 ^bit[0..87] deparsed exact_containers [0:87] ]
possible slice choices: 
{new_split: 1, split_unref:0, n_avoidable_packings:0, size: 8}
{new_split: 1, split_unref:0, n_avoidable_packings:0, size: 16}
{new_split: 1, split_unref:0, n_avoidable_packings:0, size: 32}
dfs_depth-1: possible choices: { 32 16 8 }
dfs_depth-1: try to split @32
Bit schema:
    --------------------------------1-------------------------------------------------------
    [ egress::hdr.min_parse_depth_padding_0[2].packet_payload<88> ^0 ^bit[0..87] deparsed exact_containers [0:87] ]


    ...(0) found slice to split at idx 32: egress::hdr.min_parse_depth_padding_0[2].packet_payload<88> ^0 ^bit[0..87] deparsed exact_containers [0:87]
    ...erasing egress::hdr.min_parse_depth_padding_0[2].packet_payload<88> ^0 ^bit[0..87] deparsed exact_containers [0:87] in this slice list
    ...adding egress::hdr.min_parse_depth_padding_0[2].packet_payload<88> ^0 ^bit[0..87] deparsed exact_containers [0:31] in this slice list
    ...adding egress::hdr.min_parse_depth_padding_0[2].packet_payload<88> ^0 ^bit[0..55] deparsed exact_containers [32:87] in this slice list
    ...(0) adding to slice list: egress::hdr.min_parse_depth_padding_0[2].packet_payload<88> ^0 ^bit[0..87] deparsed exact_containers [0:87]
    ...(0) starting new slice list
    ...erasing old cluster [[egress::hdr.min_parse_depth_padding_0[2].packet_payload<88> ^0 ^bit[0..87] deparsed exact_containers [0:87]]]
    ...adding new lo cluster [[egress::hdr.min_parse_depth_padding_0[2].packet_payload<88> ^0 ^bit[0..87] deparsed exact_containers [0:31]]]
    ...adding new hi cluster [[egress::hdr.min_parse_depth_padding_0[2].packet_payload<88> ^0 ^bit[0..55] deparsed exact_containers [32:87]]]
    ...updating slices_to_clusters
        - erasing egress::hdr.min_parse_depth_padding_0[2].packet_payload<88> ^0 ^bit[0..87] deparsed exact_containers [0:87]
        - adding egress::hdr.min_parse_depth_padding_0[2].packet_payload<88> ^0 ^bit[0..87] deparsed exact_containers [0:31]
        - adding egress::hdr.min_parse_depth_padding_0[2].packet_payload<88> ^0 ^bit[0..55] deparsed exact_containers [32:87]
    ...updating slice_lists
    ...updating slices_to_slice_lists
Merge wide arith super clusters
dfs_depth-1: decide to split out first 32 bits of [ egress::hdr.min_parse_depth_padding_0[2].packet_payload<88> ^0 ^bit[0..87] deparsed exact_containers [0:87] ]
ENTER DFS: 2
dfs_depth-2: will split [ egress::hdr.min_parse_depth_padding_0[2].packet_payload<88> ^0 ^bit[0..55] deparsed exact_containers [32:87] ]
possible slice choices: 
{new_split: 1, split_unref:0, n_avoidable_packings:0, size: 8}
{new_split: 1, split_unref:0, n_avoidable_packings:0, size: 16}
{new_split: 1, split_unref:0, n_avoidable_packings:0, size: 32}
dfs_depth-2: possible choices: { 32 16 8 }
dfs_depth-2: try to split @32
Bit schema:
    --------------------------------1-----------------------
    [ egress::hdr.min_parse_depth_padding_0[2].packet_payload<88> ^0 ^bit[0..55] deparsed exact_containers [32:87] ]


    ...(0) found slice to split at idx 32: egress::hdr.min_parse_depth_padding_0[2].packet_payload<88> ^0 ^bit[0..55] deparsed exact_containers [32:87]
    ...erasing egress::hdr.min_parse_depth_padding_0[2].packet_payload<88> ^0 ^bit[0..55] deparsed exact_containers [32:87] in this slice list
    ...adding egress::hdr.min_parse_depth_padding_0[2].packet_payload<88> ^0 ^bit[0..55] deparsed exact_containers [32:63] in this slice list
    ...adding egress::hdr.min_parse_depth_padding_0[2].packet_payload<88> ^0 ^bit[0..23] deparsed exact_containers [64:87] in this slice list
    ...(0) adding to slice list: egress::hdr.min_parse_depth_padding_0[2].packet_payload<88> ^0 ^bit[0..55] deparsed exact_containers [32:87]
    ...(0) starting new slice list
    ...erasing old cluster [[egress::hdr.min_parse_depth_padding_0[2].packet_payload<88> ^0 ^bit[0..55] deparsed exact_containers [32:87]]]
    ...adding new lo cluster [[egress::hdr.min_parse_depth_padding_0[2].packet_payload<88> ^0 ^bit[0..55] deparsed exact_containers [32:63]]]
    ...adding new hi cluster [[egress::hdr.min_parse_depth_padding_0[2].packet_payload<88> ^0 ^bit[0..23] deparsed exact_containers [64:87]]]
    ...updating slices_to_clusters
        - erasing egress::hdr.min_parse_depth_padding_0[2].packet_payload<88> ^0 ^bit[0..55] deparsed exact_containers [32:87]
        - adding egress::hdr.min_parse_depth_padding_0[2].packet_payload<88> ^0 ^bit[0..55] deparsed exact_containers [32:63]
        - adding egress::hdr.min_parse_depth_padding_0[2].packet_payload<88> ^0 ^bit[0..23] deparsed exact_containers [64:87]
    ...updating slice_lists
    ...updating slices_to_slice_lists
Merge wide arith super clusters
dfs_depth-2: decide to split out first 32 bits of [ egress::hdr.min_parse_depth_padding_0[2].packet_payload<88> ^0 ^bit[0..55] deparsed exact_containers [32:87] ]
ENTER DFS: 3
dfs_depth-3: will split [ egress::hdr.min_parse_depth_padding_0[2].packet_payload<88> ^0 ^bit[0..23] deparsed exact_containers [64:87] ]
possible slice choices: 
{new_split: 1, split_unref:0, n_avoidable_packings:0, size: 8}
{new_split: 1, split_unref:0, n_avoidable_packings:0, size: 16}
dfs_depth-3: possible choices: { 16 8 }
dfs_depth-3: try to split @16
Bit schema:
    ----------------1-------
    [ egress::hdr.min_parse_depth_padding_0[2].packet_payload<88> ^0 ^bit[0..23] deparsed exact_containers [64:87] ]


    ...(0) found slice to split at idx 16: egress::hdr.min_parse_depth_padding_0[2].packet_payload<88> ^0 ^bit[0..23] deparsed exact_containers [64:87]
    ...erasing egress::hdr.min_parse_depth_padding_0[2].packet_payload<88> ^0 ^bit[0..23] deparsed exact_containers [64:87] in this slice list
    ...adding egress::hdr.min_parse_depth_padding_0[2].packet_payload<88> ^0 ^bit[0..23] deparsed exact_containers [64:79] in this slice list
    ...adding egress::hdr.min_parse_depth_padding_0[2].packet_payload<88> ^0 ^bit[0..7] deparsed exact_containers [80:87] in this slice list
    ...(0) adding to slice list: egress::hdr.min_parse_depth_padding_0[2].packet_payload<88> ^0 ^bit[0..23] deparsed exact_containers [64:87]
    ...(0) starting new slice list
    ...erasing old cluster [[egress::hdr.min_parse_depth_padding_0[2].packet_payload<88> ^0 ^bit[0..23] deparsed exact_containers [64:87]]]
    ...adding new lo cluster [[egress::hdr.min_parse_depth_padding_0[2].packet_payload<88> ^0 ^bit[0..23] deparsed exact_containers [64:79]]]
    ...adding new hi cluster [[egress::hdr.min_parse_depth_padding_0[2].packet_payload<88> ^0 ^bit[0..7] deparsed exact_containers [80:87]]]
    ...updating slices_to_clusters
        - erasing egress::hdr.min_parse_depth_padding_0[2].packet_payload<88> ^0 ^bit[0..23] deparsed exact_containers [64:87]
        - adding egress::hdr.min_parse_depth_padding_0[2].packet_payload<88> ^0 ^bit[0..23] deparsed exact_containers [64:79]
        - adding egress::hdr.min_parse_depth_padding_0[2].packet_payload<88> ^0 ^bit[0..7] deparsed exact_containers [80:87]
    ...updating slice_lists
    ...updating slices_to_slice_lists
Merge wide arith super clusters
dfs_depth-3: decide to split out first 16 bits of [ egress::hdr.min_parse_depth_padding_0[2].packet_payload<88> ^0 ^bit[0..23] deparsed exact_containers [64:87] ]
ENTER DFS: 4
found a solution after 4 steps
LEAVE DFS: 4
cannot find a solution
LEAVE DFS: 3
cannot find a solution
LEAVE DFS: 2
cannot find a solution
LEAVE DFS: 1
DFS Result: 0, n_steps_since_last_solution: 0, max_search_steps_per_solution: 524288
Making Itr for SUPERCLUSTER Uid: 126
    slice lists:	
        [ egress::hdr.min_parse_depth_padding_0[3].packet_payload<88> ^0 ^bit[0..87] deparsed exact_containers [0:87] ]
    rotational clusters:	
        [[egress::hdr.min_parse_depth_padding_0[3].packet_payload<88> ^0 ^bit[0..87] deparsed exact_containers [0:87]]]

Homogeneous slicing enabled: 0 Rejected slice options: 
pa_container_sz slicing schema: Bit schema:
    ----------------------------------------------------------------------------------------
    [ egress::hdr.min_parse_depth_padding_0[3].packet_payload<88> ^0 ^bit[0..87] deparsed exact_containers [0:87] ]


Bit schema:
    ----------------------------------------------------------------------------------------
    [ egress::hdr.min_parse_depth_padding_0[3].packet_payload<88> ^0 ^bit[0..87] deparsed exact_containers [0:87] ]


Merge wide arith super clusters
split by pa_container_size result: 
SUPERCLUSTER Uid: 281
    slice lists:	
        [ egress::hdr.min_parse_depth_padding_0[3].packet_payload<88> ^0 ^bit[0..87] deparsed exact_containers [0:87] ]
    rotational clusters:	
        [[egress::hdr.min_parse_depth_padding_0[3].packet_payload<88> ^0 ^bit[0..87] deparsed exact_containers [0:87]]]

split_by_adjacent_no_pack schema: Bit schema:
    ----------------------------------------------------------------------------------------
    [ egress::hdr.min_parse_depth_padding_0[3].packet_payload<88> ^0 ^bit[0..87] deparsed exact_containers [0:87] ]


Bit schema:
    ----------------------------------------------------------------------------------------
    [ egress::hdr.min_parse_depth_padding_0[3].packet_payload<88> ^0 ^bit[0..87] deparsed exact_containers [0:87] ]


Merge wide arith super clusters
after pre-split by adjacent_no_pack:
SUPERCLUSTER Uid: 282
    slice lists:	
        [ egress::hdr.min_parse_depth_padding_0[3].packet_payload<88> ^0 ^bit[0..87] deparsed exact_containers [0:87] ]
    rotational clusters:	
        [[egress::hdr.min_parse_depth_padding_0[3].packet_payload<88> ^0 ^bit[0..87] deparsed exact_containers [0:87]]]

split_by_deparsed_bottom_bits schema: Bit schema:
    ----------------------------------------------------------------------------------------
    [ egress::hdr.min_parse_depth_padding_0[3].packet_payload<88> ^0 ^bit[0..87] deparsed exact_containers [0:87] ]


Bit schema:
    ----------------------------------------------------------------------------------------
    [ egress::hdr.min_parse_depth_padding_0[3].packet_payload<88> ^0 ^bit[0..87] deparsed exact_containers [0:87] ]


Merge wide arith super clusters
after pre-split by deparsed_bottom_bits:
SUPERCLUSTER Uid: 283
    slice lists:	
        [ egress::hdr.min_parse_depth_padding_0[3].packet_payload<88> ^0 ^bit[0..87] deparsed exact_containers [0:87] ]
    rotational clusters:	
        [[egress::hdr.min_parse_depth_padding_0[3].packet_payload<88> ^0 ^bit[0..87] deparsed exact_containers [0:87]]]

split_by_adjacent_deparsed_and_non_deparsed schema: Bit schema:
    ----------------------------------------------------------------------------------------
    [ egress::hdr.min_parse_depth_padding_0[3].packet_payload<88> ^0 ^bit[0..87] deparsed exact_containers [0:87] ]


Bit schema:
    ----------------------------------------------------------------------------------------
    [ egress::hdr.min_parse_depth_padding_0[3].packet_payload<88> ^0 ^bit[0..87] deparsed exact_containers [0:87] ]


Merge wide arith super clusters
after pre-split by adjacent_deparsed_and_non_deparsed:
SUPERCLUSTER Uid: 284
    slice lists:	
        [ egress::hdr.min_parse_depth_padding_0[3].packet_payload<88> ^0 ^bit[0..87] deparsed exact_containers [0:87] ]
    rotational clusters:	
        [[egress::hdr.min_parse_depth_padding_0[3].packet_payload<88> ^0 ^bit[0..87] deparsed exact_containers [0:87]]]

split_parser_write_mode schema: Bit schema:
    ----------------------------------------------------------------------------------------
    [ egress::hdr.min_parse_depth_padding_0[3].packet_payload<88> ^0 ^bit[0..87] deparsed exact_containers [0:87] ]


Bit schema:
    ----------------------------------------------------------------------------------------
    [ egress::hdr.min_parse_depth_padding_0[3].packet_payload<88> ^0 ^bit[0..87] deparsed exact_containers [0:87] ]


Merge wide arith super clusters
after pre-split by parser_write_mode:
SUPERCLUSTER Uid: 285
    slice lists:	
        [ egress::hdr.min_parse_depth_padding_0[3].packet_payload<88> ^0 ^bit[0..87] deparsed exact_containers [0:87] ]
    rotational clusters:	
        [[egress::hdr.min_parse_depth_padding_0[3].packet_payload<88> ^0 ^bit[0..87] deparsed exact_containers [0:87]]]

ENTER DFS: 1
dfs_depth-1: will split [ egress::hdr.min_parse_depth_padding_0[3].packet_payload<88> ^0 ^bit[0..87] deparsed exact_containers [0:87] ]
possible slice choices: 
{new_split: 1, split_unref:0, n_avoidable_packings:0, size: 8}
{new_split: 1, split_unref:0, n_avoidable_packings:0, size: 16}
{new_split: 1, split_unref:0, n_avoidable_packings:0, size: 32}
dfs_depth-1: possible choices: { 32 16 8 }
dfs_depth-1: try to split @32
Bit schema:
    --------------------------------1-------------------------------------------------------
    [ egress::hdr.min_parse_depth_padding_0[3].packet_payload<88> ^0 ^bit[0..87] deparsed exact_containers [0:87] ]


    ...(0) found slice to split at idx 32: egress::hdr.min_parse_depth_padding_0[3].packet_payload<88> ^0 ^bit[0..87] deparsed exact_containers [0:87]
    ...erasing egress::hdr.min_parse_depth_padding_0[3].packet_payload<88> ^0 ^bit[0..87] deparsed exact_containers [0:87] in this slice list
    ...adding egress::hdr.min_parse_depth_padding_0[3].packet_payload<88> ^0 ^bit[0..87] deparsed exact_containers [0:31] in this slice list
    ...adding egress::hdr.min_parse_depth_padding_0[3].packet_payload<88> ^0 ^bit[0..55] deparsed exact_containers [32:87] in this slice list
    ...(0) adding to slice list: egress::hdr.min_parse_depth_padding_0[3].packet_payload<88> ^0 ^bit[0..87] deparsed exact_containers [0:87]
    ...(0) starting new slice list
    ...erasing old cluster [[egress::hdr.min_parse_depth_padding_0[3].packet_payload<88> ^0 ^bit[0..87] deparsed exact_containers [0:87]]]
    ...adding new lo cluster [[egress::hdr.min_parse_depth_padding_0[3].packet_payload<88> ^0 ^bit[0..87] deparsed exact_containers [0:31]]]
    ...adding new hi cluster [[egress::hdr.min_parse_depth_padding_0[3].packet_payload<88> ^0 ^bit[0..55] deparsed exact_containers [32:87]]]
    ...updating slices_to_clusters
        - erasing egress::hdr.min_parse_depth_padding_0[3].packet_payload<88> ^0 ^bit[0..87] deparsed exact_containers [0:87]
        - adding egress::hdr.min_parse_depth_padding_0[3].packet_payload<88> ^0 ^bit[0..87] deparsed exact_containers [0:31]
        - adding egress::hdr.min_parse_depth_padding_0[3].packet_payload<88> ^0 ^bit[0..55] deparsed exact_containers [32:87]
    ...updating slice_lists
    ...updating slices_to_slice_lists
Merge wide arith super clusters
dfs_depth-1: decide to split out first 32 bits of [ egress::hdr.min_parse_depth_padding_0[3].packet_payload<88> ^0 ^bit[0..87] deparsed exact_containers [0:87] ]
ENTER DFS: 2
dfs_depth-2: will split [ egress::hdr.min_parse_depth_padding_0[3].packet_payload<88> ^0 ^bit[0..55] deparsed exact_containers [32:87] ]
possible slice choices: 
{new_split: 1, split_unref:0, n_avoidable_packings:0, size: 8}
{new_split: 1, split_unref:0, n_avoidable_packings:0, size: 16}
{new_split: 1, split_unref:0, n_avoidable_packings:0, size: 32}
dfs_depth-2: possible choices: { 32 16 8 }
dfs_depth-2: try to split @32
Bit schema:
    --------------------------------1-----------------------
    [ egress::hdr.min_parse_depth_padding_0[3].packet_payload<88> ^0 ^bit[0..55] deparsed exact_containers [32:87] ]


    ...(0) found slice to split at idx 32: egress::hdr.min_parse_depth_padding_0[3].packet_payload<88> ^0 ^bit[0..55] deparsed exact_containers [32:87]
    ...erasing egress::hdr.min_parse_depth_padding_0[3].packet_payload<88> ^0 ^bit[0..55] deparsed exact_containers [32:87] in this slice list
    ...adding egress::hdr.min_parse_depth_padding_0[3].packet_payload<88> ^0 ^bit[0..55] deparsed exact_containers [32:63] in this slice list
    ...adding egress::hdr.min_parse_depth_padding_0[3].packet_payload<88> ^0 ^bit[0..23] deparsed exact_containers [64:87] in this slice list
    ...(0) adding to slice list: egress::hdr.min_parse_depth_padding_0[3].packet_payload<88> ^0 ^bit[0..55] deparsed exact_containers [32:87]
    ...(0) starting new slice list
    ...erasing old cluster [[egress::hdr.min_parse_depth_padding_0[3].packet_payload<88> ^0 ^bit[0..55] deparsed exact_containers [32:87]]]
    ...adding new lo cluster [[egress::hdr.min_parse_depth_padding_0[3].packet_payload<88> ^0 ^bit[0..55] deparsed exact_containers [32:63]]]
    ...adding new hi cluster [[egress::hdr.min_parse_depth_padding_0[3].packet_payload<88> ^0 ^bit[0..23] deparsed exact_containers [64:87]]]
    ...updating slices_to_clusters
        - erasing egress::hdr.min_parse_depth_padding_0[3].packet_payload<88> ^0 ^bit[0..55] deparsed exact_containers [32:87]
        - adding egress::hdr.min_parse_depth_padding_0[3].packet_payload<88> ^0 ^bit[0..55] deparsed exact_containers [32:63]
        - adding egress::hdr.min_parse_depth_padding_0[3].packet_payload<88> ^0 ^bit[0..23] deparsed exact_containers [64:87]
    ...updating slice_lists
    ...updating slices_to_slice_lists
Merge wide arith super clusters
dfs_depth-2: decide to split out first 32 bits of [ egress::hdr.min_parse_depth_padding_0[3].packet_payload<88> ^0 ^bit[0..55] deparsed exact_containers [32:87] ]
ENTER DFS: 3
dfs_depth-3: will split [ egress::hdr.min_parse_depth_padding_0[3].packet_payload<88> ^0 ^bit[0..23] deparsed exact_containers [64:87] ]
possible slice choices: 
{new_split: 1, split_unref:0, n_avoidable_packings:0, size: 8}
{new_split: 1, split_unref:0, n_avoidable_packings:0, size: 16}
dfs_depth-3: possible choices: { 16 8 }
dfs_depth-3: try to split @16
Bit schema:
    ----------------1-------
    [ egress::hdr.min_parse_depth_padding_0[3].packet_payload<88> ^0 ^bit[0..23] deparsed exact_containers [64:87] ]


    ...(0) found slice to split at idx 16: egress::hdr.min_parse_depth_padding_0[3].packet_payload<88> ^0 ^bit[0..23] deparsed exact_containers [64:87]
    ...erasing egress::hdr.min_parse_depth_padding_0[3].packet_payload<88> ^0 ^bit[0..23] deparsed exact_containers [64:87] in this slice list
    ...adding egress::hdr.min_parse_depth_padding_0[3].packet_payload<88> ^0 ^bit[0..23] deparsed exact_containers [64:79] in this slice list
    ...adding egress::hdr.min_parse_depth_padding_0[3].packet_payload<88> ^0 ^bit[0..7] deparsed exact_containers [80:87] in this slice list
    ...(0) adding to slice list: egress::hdr.min_parse_depth_padding_0[3].packet_payload<88> ^0 ^bit[0..23] deparsed exact_containers [64:87]
    ...(0) starting new slice list
    ...erasing old cluster [[egress::hdr.min_parse_depth_padding_0[3].packet_payload<88> ^0 ^bit[0..23] deparsed exact_containers [64:87]]]
    ...adding new lo cluster [[egress::hdr.min_parse_depth_padding_0[3].packet_payload<88> ^0 ^bit[0..23] deparsed exact_containers [64:79]]]
    ...adding new hi cluster [[egress::hdr.min_parse_depth_padding_0[3].packet_payload<88> ^0 ^bit[0..7] deparsed exact_containers [80:87]]]
    ...updating slices_to_clusters
        - erasing egress::hdr.min_parse_depth_padding_0[3].packet_payload<88> ^0 ^bit[0..23] deparsed exact_containers [64:87]
        - adding egress::hdr.min_parse_depth_padding_0[3].packet_payload<88> ^0 ^bit[0..23] deparsed exact_containers [64:79]
        - adding egress::hdr.min_parse_depth_padding_0[3].packet_payload<88> ^0 ^bit[0..7] deparsed exact_containers [80:87]
    ...updating slice_lists
    ...updating slices_to_slice_lists
Merge wide arith super clusters
dfs_depth-3: decide to split out first 16 bits of [ egress::hdr.min_parse_depth_padding_0[3].packet_payload<88> ^0 ^bit[0..23] deparsed exact_containers [64:87] ]
ENTER DFS: 4
found a solution after 4 steps
LEAVE DFS: 4
cannot find a solution
LEAVE DFS: 3
cannot find a solution
LEAVE DFS: 2
cannot find a solution
LEAVE DFS: 1
DFS Result: 0, n_steps_since_last_solution: 0, max_search_steps_per_solution: 524288
Making Itr for SUPERCLUSTER Uid: 127
    slice lists:	
        [ ingress::hdr.eth_hdr.$valid<1> pov [0:0]
          ingress::hdr.a.$valid<1> pov [0:0]
          ingress::hdr.b.$valid<1> pov [0:0]
          ingress::hdr.c.$valid<1> pov [0:0] ]
    rotational clusters:	
        [[ingress::hdr.eth_hdr.$valid<1> pov [0:0]]]
        [[ingress::hdr.a.$valid<1> pov [0:0]]]
        [[ingress::hdr.b.$valid<1> pov [0:0]]]
        [[ingress::hdr.c.$valid<1> pov [0:0]]]

Homogeneous slicing enabled: 0 Rejected slice options: 
pa_container_sz slicing schema: Bit schema:
    ----
    [ ingress::hdr.eth_hdr.$valid<1> pov [0:0]
          ingress::hdr.a.$valid<1> pov [0:0]
          ingress::hdr.b.$valid<1> pov [0:0]
          ingress::hdr.c.$valid<1> pov [0:0] ]


Bit schema:
    ----
    [ ingress::hdr.eth_hdr.$valid<1> pov [0:0]
          ingress::hdr.a.$valid<1> pov [0:0]
          ingress::hdr.b.$valid<1> pov [0:0]
          ingress::hdr.c.$valid<1> pov [0:0] ]


Merge wide arith super clusters
split by pa_container_size result: 
SUPERCLUSTER Uid: 304
    slice lists:	
        [ ingress::hdr.eth_hdr.$valid<1> pov [0:0]
          ingress::hdr.a.$valid<1> pov [0:0]
          ingress::hdr.b.$valid<1> pov [0:0]
          ingress::hdr.c.$valid<1> pov [0:0] ]
    rotational clusters:	
        [[ingress::hdr.eth_hdr.$valid<1> pov [0:0]]]
        [[ingress::hdr.a.$valid<1> pov [0:0]]]
        [[ingress::hdr.b.$valid<1> pov [0:0]]]
        [[ingress::hdr.c.$valid<1> pov [0:0]]]

split_by_adjacent_no_pack schema: Bit schema:
    ----
    [ ingress::hdr.eth_hdr.$valid<1> pov [0:0]
          ingress::hdr.a.$valid<1> pov [0:0]
          ingress::hdr.b.$valid<1> pov [0:0]
          ingress::hdr.c.$valid<1> pov [0:0] ]


Bit schema:
    ----
    [ ingress::hdr.eth_hdr.$valid<1> pov [0:0]
          ingress::hdr.a.$valid<1> pov [0:0]
          ingress::hdr.b.$valid<1> pov [0:0]
          ingress::hdr.c.$valid<1> pov [0:0] ]


Merge wide arith super clusters
after pre-split by adjacent_no_pack:
SUPERCLUSTER Uid: 305
    slice lists:	
        [ ingress::hdr.eth_hdr.$valid<1> pov [0:0]
          ingress::hdr.a.$valid<1> pov [0:0]
          ingress::hdr.b.$valid<1> pov [0:0]
          ingress::hdr.c.$valid<1> pov [0:0] ]
    rotational clusters:	
        [[ingress::hdr.eth_hdr.$valid<1> pov [0:0]]]
        [[ingress::hdr.a.$valid<1> pov [0:0]]]
        [[ingress::hdr.b.$valid<1> pov [0:0]]]
        [[ingress::hdr.c.$valid<1> pov [0:0]]]

split_by_deparsed_bottom_bits schema: Bit schema:
    ----
    [ ingress::hdr.eth_hdr.$valid<1> pov [0:0]
          ingress::hdr.a.$valid<1> pov [0:0]
          ingress::hdr.b.$valid<1> pov [0:0]
          ingress::hdr.c.$valid<1> pov [0:0] ]


Bit schema:
    ----
    [ ingress::hdr.eth_hdr.$valid<1> pov [0:0]
          ingress::hdr.a.$valid<1> pov [0:0]
          ingress::hdr.b.$valid<1> pov [0:0]
          ingress::hdr.c.$valid<1> pov [0:0] ]


Merge wide arith super clusters
after pre-split by deparsed_bottom_bits:
SUPERCLUSTER Uid: 306
    slice lists:	
        [ ingress::hdr.eth_hdr.$valid<1> pov [0:0]
          ingress::hdr.a.$valid<1> pov [0:0]
          ingress::hdr.b.$valid<1> pov [0:0]
          ingress::hdr.c.$valid<1> pov [0:0] ]
    rotational clusters:	
        [[ingress::hdr.eth_hdr.$valid<1> pov [0:0]]]
        [[ingress::hdr.a.$valid<1> pov [0:0]]]
        [[ingress::hdr.b.$valid<1> pov [0:0]]]
        [[ingress::hdr.c.$valid<1> pov [0:0]]]

split_by_adjacent_deparsed_and_non_deparsed schema: Bit schema:
    ----
    [ ingress::hdr.eth_hdr.$valid<1> pov [0:0]
          ingress::hdr.a.$valid<1> pov [0:0]
          ingress::hdr.b.$valid<1> pov [0:0]
          ingress::hdr.c.$valid<1> pov [0:0] ]


Bit schema:
    ----
    [ ingress::hdr.eth_hdr.$valid<1> pov [0:0]
          ingress::hdr.a.$valid<1> pov [0:0]
          ingress::hdr.b.$valid<1> pov [0:0]
          ingress::hdr.c.$valid<1> pov [0:0] ]


Merge wide arith super clusters
after pre-split by adjacent_deparsed_and_non_deparsed:
SUPERCLUSTER Uid: 307
    slice lists:	
        [ ingress::hdr.eth_hdr.$valid<1> pov [0:0]
          ingress::hdr.a.$valid<1> pov [0:0]
          ingress::hdr.b.$valid<1> pov [0:0]
          ingress::hdr.c.$valid<1> pov [0:0] ]
    rotational clusters:	
        [[ingress::hdr.eth_hdr.$valid<1> pov [0:0]]]
        [[ingress::hdr.a.$valid<1> pov [0:0]]]
        [[ingress::hdr.b.$valid<1> pov [0:0]]]
        [[ingress::hdr.c.$valid<1> pov [0:0]]]

split_parser_write_mode schema: Bit schema:
    ----
    [ ingress::hdr.eth_hdr.$valid<1> pov [0:0]
          ingress::hdr.a.$valid<1> pov [0:0]
          ingress::hdr.b.$valid<1> pov [0:0]
          ingress::hdr.c.$valid<1> pov [0:0] ]


Bit schema:
    ----
    [ ingress::hdr.eth_hdr.$valid<1> pov [0:0]
          ingress::hdr.a.$valid<1> pov [0:0]
          ingress::hdr.b.$valid<1> pov [0:0]
          ingress::hdr.c.$valid<1> pov [0:0] ]


Merge wide arith super clusters
after pre-split by parser_write_mode:
SUPERCLUSTER Uid: 308
    slice lists:	
        [ ingress::hdr.eth_hdr.$valid<1> pov [0:0]
          ingress::hdr.a.$valid<1> pov [0:0]
          ingress::hdr.b.$valid<1> pov [0:0]
          ingress::hdr.c.$valid<1> pov [0:0] ]
    rotational clusters:	
        [[ingress::hdr.eth_hdr.$valid<1> pov [0:0]]]
        [[ingress::hdr.a.$valid<1> pov [0:0]]]
        [[ingress::hdr.b.$valid<1> pov [0:0]]]
        [[ingress::hdr.c.$valid<1> pov [0:0]]]

ENTER DFS: 1
found a solution after 1 steps
LEAVE DFS: 1
DFS Result: 0, n_steps_since_last_solution: 0, max_search_steps_per_solution: 524288
Making Itr for SUPERCLUSTER Uid: 130
    slice lists:	
        [ egress::hdr.min_parse_depth_padding_0.$stkvalid<4> meta pov no_split [0:0]
          egress::hdr.min_parse_depth_padding_0.$stkvalid<4> meta pov no_split [1:1]
          egress::hdr.min_parse_depth_padding_0.$stkvalid<4> meta pov no_split [2:2]
          egress::hdr.min_parse_depth_padding_0.$stkvalid<4> meta pov no_split [3:3] ]
    rotational clusters:	
        [[egress::hdr.min_parse_depth_padding_0.$stkvalid<4> meta pov no_split [0:0]]]
        [[egress::hdr.min_parse_depth_padding_0.$stkvalid<4> meta pov no_split [1:1]]]
        [[egress::hdr.min_parse_depth_padding_0.$stkvalid<4> meta pov no_split [2:2]]]
        [[egress::hdr.min_parse_depth_padding_0.$stkvalid<4> meta pov no_split [3:3]]]

Homogeneous slicing enabled: 0 Rejected slice options: 
pa_container_sz slicing schema: Bit schema:
    ----
    [ egress::hdr.min_parse_depth_padding_0.$stkvalid<4> meta pov no_split [0:0]
          egress::hdr.min_parse_depth_padding_0.$stkvalid<4> meta pov no_split [1:1]
          egress::hdr.min_parse_depth_padding_0.$stkvalid<4> meta pov no_split [2:2]
          egress::hdr.min_parse_depth_padding_0.$stkvalid<4> meta pov no_split [3:3] ]


Bit schema:
    ----
    [ egress::hdr.min_parse_depth_padding_0.$stkvalid<4> meta pov no_split [0:0]
          egress::hdr.min_parse_depth_padding_0.$stkvalid<4> meta pov no_split [1:1]
          egress::hdr.min_parse_depth_padding_0.$stkvalid<4> meta pov no_split [2:2]
          egress::hdr.min_parse_depth_padding_0.$stkvalid<4> meta pov no_split [3:3] ]


Merge wide arith super clusters
split by pa_container_size result: 
SUPERCLUSTER Uid: 309
    slice lists:	
        [ egress::hdr.min_parse_depth_padding_0.$stkvalid<4> meta pov no_split [0:0]
          egress::hdr.min_parse_depth_padding_0.$stkvalid<4> meta pov no_split [1:1]
          egress::hdr.min_parse_depth_padding_0.$stkvalid<4> meta pov no_split [2:2]
          egress::hdr.min_parse_depth_padding_0.$stkvalid<4> meta pov no_split [3:3] ]
    rotational clusters:	
        [[egress::hdr.min_parse_depth_padding_0.$stkvalid<4> meta pov no_split [0:0]]]
        [[egress::hdr.min_parse_depth_padding_0.$stkvalid<4> meta pov no_split [1:1]]]
        [[egress::hdr.min_parse_depth_padding_0.$stkvalid<4> meta pov no_split [2:2]]]
        [[egress::hdr.min_parse_depth_padding_0.$stkvalid<4> meta pov no_split [3:3]]]

split_by_adjacent_no_pack schema: Bit schema:
    ----
    [ egress::hdr.min_parse_depth_padding_0.$stkvalid<4> meta pov no_split [0:0]
          egress::hdr.min_parse_depth_padding_0.$stkvalid<4> meta pov no_split [1:1]
          egress::hdr.min_parse_depth_padding_0.$stkvalid<4> meta pov no_split [2:2]
          egress::hdr.min_parse_depth_padding_0.$stkvalid<4> meta pov no_split [3:3] ]


Bit schema:
    ----
    [ egress::hdr.min_parse_depth_padding_0.$stkvalid<4> meta pov no_split [0:0]
          egress::hdr.min_parse_depth_padding_0.$stkvalid<4> meta pov no_split [1:1]
          egress::hdr.min_parse_depth_padding_0.$stkvalid<4> meta pov no_split [2:2]
          egress::hdr.min_parse_depth_padding_0.$stkvalid<4> meta pov no_split [3:3] ]


Merge wide arith super clusters
after pre-split by adjacent_no_pack:
SUPERCLUSTER Uid: 310
    slice lists:	
        [ egress::hdr.min_parse_depth_padding_0.$stkvalid<4> meta pov no_split [0:0]
          egress::hdr.min_parse_depth_padding_0.$stkvalid<4> meta pov no_split [1:1]
          egress::hdr.min_parse_depth_padding_0.$stkvalid<4> meta pov no_split [2:2]
          egress::hdr.min_parse_depth_padding_0.$stkvalid<4> meta pov no_split [3:3] ]
    rotational clusters:	
        [[egress::hdr.min_parse_depth_padding_0.$stkvalid<4> meta pov no_split [0:0]]]
        [[egress::hdr.min_parse_depth_padding_0.$stkvalid<4> meta pov no_split [1:1]]]
        [[egress::hdr.min_parse_depth_padding_0.$stkvalid<4> meta pov no_split [2:2]]]
        [[egress::hdr.min_parse_depth_padding_0.$stkvalid<4> meta pov no_split [3:3]]]

split_by_deparsed_bottom_bits schema: Bit schema:
    ----
    [ egress::hdr.min_parse_depth_padding_0.$stkvalid<4> meta pov no_split [0:0]
          egress::hdr.min_parse_depth_padding_0.$stkvalid<4> meta pov no_split [1:1]
          egress::hdr.min_parse_depth_padding_0.$stkvalid<4> meta pov no_split [2:2]
          egress::hdr.min_parse_depth_padding_0.$stkvalid<4> meta pov no_split [3:3] ]


Bit schema:
    ----
    [ egress::hdr.min_parse_depth_padding_0.$stkvalid<4> meta pov no_split [0:0]
          egress::hdr.min_parse_depth_padding_0.$stkvalid<4> meta pov no_split [1:1]
          egress::hdr.min_parse_depth_padding_0.$stkvalid<4> meta pov no_split [2:2]
          egress::hdr.min_parse_depth_padding_0.$stkvalid<4> meta pov no_split [3:3] ]


Merge wide arith super clusters
after pre-split by deparsed_bottom_bits:
SUPERCLUSTER Uid: 311
    slice lists:	
        [ egress::hdr.min_parse_depth_padding_0.$stkvalid<4> meta pov no_split [0:0]
          egress::hdr.min_parse_depth_padding_0.$stkvalid<4> meta pov no_split [1:1]
          egress::hdr.min_parse_depth_padding_0.$stkvalid<4> meta pov no_split [2:2]
          egress::hdr.min_parse_depth_padding_0.$stkvalid<4> meta pov no_split [3:3] ]
    rotational clusters:	
        [[egress::hdr.min_parse_depth_padding_0.$stkvalid<4> meta pov no_split [0:0]]]
        [[egress::hdr.min_parse_depth_padding_0.$stkvalid<4> meta pov no_split [1:1]]]
        [[egress::hdr.min_parse_depth_padding_0.$stkvalid<4> meta pov no_split [2:2]]]
        [[egress::hdr.min_parse_depth_padding_0.$stkvalid<4> meta pov no_split [3:3]]]

split_by_adjacent_deparsed_and_non_deparsed schema: Bit schema:
    ----
    [ egress::hdr.min_parse_depth_padding_0.$stkvalid<4> meta pov no_split [0:0]
          egress::hdr.min_parse_depth_padding_0.$stkvalid<4> meta pov no_split [1:1]
          egress::hdr.min_parse_depth_padding_0.$stkvalid<4> meta pov no_split [2:2]
          egress::hdr.min_parse_depth_padding_0.$stkvalid<4> meta pov no_split [3:3] ]


Bit schema:
    ----
    [ egress::hdr.min_parse_depth_padding_0.$stkvalid<4> meta pov no_split [0:0]
          egress::hdr.min_parse_depth_padding_0.$stkvalid<4> meta pov no_split [1:1]
          egress::hdr.min_parse_depth_padding_0.$stkvalid<4> meta pov no_split [2:2]
          egress::hdr.min_parse_depth_padding_0.$stkvalid<4> meta pov no_split [3:3] ]


Merge wide arith super clusters
after pre-split by adjacent_deparsed_and_non_deparsed:
SUPERCLUSTER Uid: 312
    slice lists:	
        [ egress::hdr.min_parse_depth_padding_0.$stkvalid<4> meta pov no_split [0:0]
          egress::hdr.min_parse_depth_padding_0.$stkvalid<4> meta pov no_split [1:1]
          egress::hdr.min_parse_depth_padding_0.$stkvalid<4> meta pov no_split [2:2]
          egress::hdr.min_parse_depth_padding_0.$stkvalid<4> meta pov no_split [3:3] ]
    rotational clusters:	
        [[egress::hdr.min_parse_depth_padding_0.$stkvalid<4> meta pov no_split [0:0]]]
        [[egress::hdr.min_parse_depth_padding_0.$stkvalid<4> meta pov no_split [1:1]]]
        [[egress::hdr.min_parse_depth_padding_0.$stkvalid<4> meta pov no_split [2:2]]]
        [[egress::hdr.min_parse_depth_padding_0.$stkvalid<4> meta pov no_split [3:3]]]

split_parser_write_mode schema: Bit schema:
    ----
    [ egress::hdr.min_parse_depth_padding_0.$stkvalid<4> meta pov no_split [0:0]
          egress::hdr.min_parse_depth_padding_0.$stkvalid<4> meta pov no_split [1:1]
          egress::hdr.min_parse_depth_padding_0.$stkvalid<4> meta pov no_split [2:2]
          egress::hdr.min_parse_depth_padding_0.$stkvalid<4> meta pov no_split [3:3] ]


Bit schema:
    ----
    [ egress::hdr.min_parse_depth_padding_0.$stkvalid<4> meta pov no_split [0:0]
          egress::hdr.min_parse_depth_padding_0.$stkvalid<4> meta pov no_split [1:1]
          egress::hdr.min_parse_depth_padding_0.$stkvalid<4> meta pov no_split [2:2]
          egress::hdr.min_parse_depth_padding_0.$stkvalid<4> meta pov no_split [3:3] ]


Merge wide arith super clusters
after pre-split by parser_write_mode:
SUPERCLUSTER Uid: 313
    slice lists:	
        [ egress::hdr.min_parse_depth_padding_0.$stkvalid<4> meta pov no_split [0:0]
          egress::hdr.min_parse_depth_padding_0.$stkvalid<4> meta pov no_split [1:1]
          egress::hdr.min_parse_depth_padding_0.$stkvalid<4> meta pov no_split [2:2]
          egress::hdr.min_parse_depth_padding_0.$stkvalid<4> meta pov no_split [3:3] ]
    rotational clusters:	
        [[egress::hdr.min_parse_depth_padding_0.$stkvalid<4> meta pov no_split [0:0]]]
        [[egress::hdr.min_parse_depth_padding_0.$stkvalid<4> meta pov no_split [1:1]]]
        [[egress::hdr.min_parse_depth_padding_0.$stkvalid<4> meta pov no_split [2:2]]]
        [[egress::hdr.min_parse_depth_padding_0.$stkvalid<4> meta pov no_split [3:3]]]

ENTER DFS: 1
found a solution after 1 steps
LEAVE DFS: 1
DFS Result: 0, n_steps_since_last_solution: 0, max_search_steps_per_solution: 524288
Making Itr for SUPERCLUSTER Uid: 181
    slice lists:	[ ]
    rotational clusters:	
        [[ingress::ig_intr_md_for_dprsr.mirror_type<3> meta intrinsic solitary no_split deparsed_bottom_bits [0:2]]]

Homogeneous slicing enabled: 0 Rejected slice options: 
empty slicelist SuperCluster
Making Itr for SUPERCLUSTER Uid: 186
    slice lists:	
        [ ingress::$tmp2<10> meta mirror%{10:ingress::ig_intr_md_for_dprsr.mirror_type#0}% no_split exact_containers [0:9]
          ingress::__phv_dummy_padding__<6> exact_containers [0:5] ]
    rotational clusters:	
        [[ingress::$tmp2<10> meta mirror%{10:ingress::ig_intr_md_for_dprsr.mirror_type#0}% no_split exact_containers [0:9]]]
        [[ingress::__phv_dummy_padding__<6> exact_containers [0:5]]]

Homogeneous slicing enabled: 0 Rejected slice options: 
pa_container_sz slicing schema: Bit schema:
    ----------------
    [ ingress::$tmp2<10> meta mirror%{10:ingress::ig_intr_md_for_dprsr.mirror_type#0}% no_split exact_containers [0:9]
          ingress::__phv_dummy_padding__<6> exact_containers [0:5] ]


Bit schema:
    ----------------
    [ ingress::$tmp2<10> meta mirror%{10:ingress::ig_intr_md_for_dprsr.mirror_type#0}% no_split exact_containers [0:9]
          ingress::__phv_dummy_padding__<6> exact_containers [0:5] ]


Merge wide arith super clusters
split by pa_container_size result: 
SUPERCLUSTER Uid: 315
    slice lists:	
        [ ingress::$tmp2<10> meta mirror%{10:ingress::ig_intr_md_for_dprsr.mirror_type#0}% no_split exact_containers [0:9]
          ingress::__phv_dummy_padding__<6> exact_containers [0:5] ]
    rotational clusters:	
        [[ingress::$tmp2<10> meta mirror%{10:ingress::ig_intr_md_for_dprsr.mirror_type#0}% no_split exact_containers [0:9]]]
        [[ingress::__phv_dummy_padding__<6> exact_containers [0:5]]]

split_by_adjacent_no_pack schema: Bit schema:
    ----------------
    [ ingress::$tmp2<10> meta mirror%{10:ingress::ig_intr_md_for_dprsr.mirror_type#0}% no_split exact_containers [0:9]
          ingress::__phv_dummy_padding__<6> exact_containers [0:5] ]


Bit schema:
    ----------------
    [ ingress::$tmp2<10> meta mirror%{10:ingress::ig_intr_md_for_dprsr.mirror_type#0}% no_split exact_containers [0:9]
          ingress::__phv_dummy_padding__<6> exact_containers [0:5] ]


Merge wide arith super clusters
after pre-split by adjacent_no_pack:
SUPERCLUSTER Uid: 316
    slice lists:	
        [ ingress::$tmp2<10> meta mirror%{10:ingress::ig_intr_md_for_dprsr.mirror_type#0}% no_split exact_containers [0:9]
          ingress::__phv_dummy_padding__<6> exact_containers [0:5] ]
    rotational clusters:	
        [[ingress::$tmp2<10> meta mirror%{10:ingress::ig_intr_md_for_dprsr.mirror_type#0}% no_split exact_containers [0:9]]]
        [[ingress::__phv_dummy_padding__<6> exact_containers [0:5]]]

split_by_deparsed_bottom_bits schema: Bit schema:
    ----------------
    [ ingress::$tmp2<10> meta mirror%{10:ingress::ig_intr_md_for_dprsr.mirror_type#0}% no_split exact_containers [0:9]
          ingress::__phv_dummy_padding__<6> exact_containers [0:5] ]


Bit schema:
    ----------------
    [ ingress::$tmp2<10> meta mirror%{10:ingress::ig_intr_md_for_dprsr.mirror_type#0}% no_split exact_containers [0:9]
          ingress::__phv_dummy_padding__<6> exact_containers [0:5] ]


Merge wide arith super clusters
after pre-split by deparsed_bottom_bits:
SUPERCLUSTER Uid: 317
    slice lists:	
        [ ingress::$tmp2<10> meta mirror%{10:ingress::ig_intr_md_for_dprsr.mirror_type#0}% no_split exact_containers [0:9]
          ingress::__phv_dummy_padding__<6> exact_containers [0:5] ]
    rotational clusters:	
        [[ingress::$tmp2<10> meta mirror%{10:ingress::ig_intr_md_for_dprsr.mirror_type#0}% no_split exact_containers [0:9]]]
        [[ingress::__phv_dummy_padding__<6> exact_containers [0:5]]]

split_by_adjacent_deparsed_and_non_deparsed schema: Bit schema:
    ----------------
    [ ingress::$tmp2<10> meta mirror%{10:ingress::ig_intr_md_for_dprsr.mirror_type#0}% no_split exact_containers [0:9]
          ingress::__phv_dummy_padding__<6> exact_containers [0:5] ]


Bit schema:
    ----------------
    [ ingress::$tmp2<10> meta mirror%{10:ingress::ig_intr_md_for_dprsr.mirror_type#0}% no_split exact_containers [0:9]
          ingress::__phv_dummy_padding__<6> exact_containers [0:5] ]


Merge wide arith super clusters
after pre-split by adjacent_deparsed_and_non_deparsed:
SUPERCLUSTER Uid: 318
    slice lists:	
        [ ingress::$tmp2<10> meta mirror%{10:ingress::ig_intr_md_for_dprsr.mirror_type#0}% no_split exact_containers [0:9]
          ingress::__phv_dummy_padding__<6> exact_containers [0:5] ]
    rotational clusters:	
        [[ingress::$tmp2<10> meta mirror%{10:ingress::ig_intr_md_for_dprsr.mirror_type#0}% no_split exact_containers [0:9]]]
        [[ingress::__phv_dummy_padding__<6> exact_containers [0:5]]]

split_parser_write_mode schema: Bit schema:
    ----------------
    [ ingress::$tmp2<10> meta mirror%{10:ingress::ig_intr_md_for_dprsr.mirror_type#0}% no_split exact_containers [0:9]
          ingress::__phv_dummy_padding__<6> exact_containers [0:5] ]


Bit schema:
    ----------------
    [ ingress::$tmp2<10> meta mirror%{10:ingress::ig_intr_md_for_dprsr.mirror_type#0}% no_split exact_containers [0:9]
          ingress::__phv_dummy_padding__<6> exact_containers [0:5] ]


Merge wide arith super clusters
after pre-split by parser_write_mode:
SUPERCLUSTER Uid: 319
    slice lists:	
        [ ingress::$tmp2<10> meta mirror%{10:ingress::ig_intr_md_for_dprsr.mirror_type#0}% no_split exact_containers [0:9]
          ingress::__phv_dummy_padding__<6> exact_containers [0:5] ]
    rotational clusters:	
        [[ingress::$tmp2<10> meta mirror%{10:ingress::ig_intr_md_for_dprsr.mirror_type#0}% no_split exact_containers [0:9]]]
        [[ingress::__phv_dummy_padding__<6> exact_containers [0:5]]]

ENTER DFS: 1
found a solution after 1 steps
LEAVE DFS: 1
DFS Result: 1, n_steps_since_last_solution: 0, max_search_steps_per_solution: 524288
Making Itr for SUPERCLUSTER Uid: 313
    slice lists:	
        [ egress::hdr.min_parse_depth_padding_0.$stkvalid<4> meta pov no_split [0:0]
          egress::hdr.min_parse_depth_padding_0.$stkvalid<4> meta pov no_split [1:1]
          egress::hdr.min_parse_depth_padding_0.$stkvalid<4> meta pov no_split [2:2]
          egress::hdr.min_parse_depth_padding_0.$stkvalid<4> meta pov no_split [3:3] ]
    rotational clusters:	
        [[egress::hdr.min_parse_depth_padding_0.$stkvalid<4> meta pov no_split [0:0]]]
        [[egress::hdr.min_parse_depth_padding_0.$stkvalid<4> meta pov no_split [1:1]]]
        [[egress::hdr.min_parse_depth_padding_0.$stkvalid<4> meta pov no_split [2:2]]]
        [[egress::hdr.min_parse_depth_padding_0.$stkvalid<4> meta pov no_split [3:3]]]

Homogeneous slicing enabled: 0 Rejected slice options: 
pa_container_sz slicing schema: Bit schema:
    ----
    [ egress::hdr.min_parse_depth_padding_0.$stkvalid<4> meta pov no_split [0:0]
          egress::hdr.min_parse_depth_padding_0.$stkvalid<4> meta pov no_split [1:1]
          egress::hdr.min_parse_depth_padding_0.$stkvalid<4> meta pov no_split [2:2]
          egress::hdr.min_parse_depth_padding_0.$stkvalid<4> meta pov no_split [3:3] ]


Bit schema:
    ----
    [ egress::hdr.min_parse_depth_padding_0.$stkvalid<4> meta pov no_split [0:0]
          egress::hdr.min_parse_depth_padding_0.$stkvalid<4> meta pov no_split [1:1]
          egress::hdr.min_parse_depth_padding_0.$stkvalid<4> meta pov no_split [2:2]
          egress::hdr.min_parse_depth_padding_0.$stkvalid<4> meta pov no_split [3:3] ]


Merge wide arith super clusters
split by pa_container_size result: 
SUPERCLUSTER Uid: 320
    slice lists:	
        [ egress::hdr.min_parse_depth_padding_0.$stkvalid<4> meta pov no_split [0:0]
          egress::hdr.min_parse_depth_padding_0.$stkvalid<4> meta pov no_split [1:1]
          egress::hdr.min_parse_depth_padding_0.$stkvalid<4> meta pov no_split [2:2]
          egress::hdr.min_parse_depth_padding_0.$stkvalid<4> meta pov no_split [3:3] ]
    rotational clusters:	
        [[egress::hdr.min_parse_depth_padding_0.$stkvalid<4> meta pov no_split [0:0]]]
        [[egress::hdr.min_parse_depth_padding_0.$stkvalid<4> meta pov no_split [1:1]]]
        [[egress::hdr.min_parse_depth_padding_0.$stkvalid<4> meta pov no_split [2:2]]]
        [[egress::hdr.min_parse_depth_padding_0.$stkvalid<4> meta pov no_split [3:3]]]

split_by_adjacent_no_pack schema: Bit schema:
    ----
    [ egress::hdr.min_parse_depth_padding_0.$stkvalid<4> meta pov no_split [0:0]
          egress::hdr.min_parse_depth_padding_0.$stkvalid<4> meta pov no_split [1:1]
          egress::hdr.min_parse_depth_padding_0.$stkvalid<4> meta pov no_split [2:2]
          egress::hdr.min_parse_depth_padding_0.$stkvalid<4> meta pov no_split [3:3] ]


Bit schema:
    ----
    [ egress::hdr.min_parse_depth_padding_0.$stkvalid<4> meta pov no_split [0:0]
          egress::hdr.min_parse_depth_padding_0.$stkvalid<4> meta pov no_split [1:1]
          egress::hdr.min_parse_depth_padding_0.$stkvalid<4> meta pov no_split [2:2]
          egress::hdr.min_parse_depth_padding_0.$stkvalid<4> meta pov no_split [3:3] ]


Merge wide arith super clusters
after pre-split by adjacent_no_pack:
SUPERCLUSTER Uid: 321
    slice lists:	
        [ egress::hdr.min_parse_depth_padding_0.$stkvalid<4> meta pov no_split [0:0]
          egress::hdr.min_parse_depth_padding_0.$stkvalid<4> meta pov no_split [1:1]
          egress::hdr.min_parse_depth_padding_0.$stkvalid<4> meta pov no_split [2:2]
          egress::hdr.min_parse_depth_padding_0.$stkvalid<4> meta pov no_split [3:3] ]
    rotational clusters:	
        [[egress::hdr.min_parse_depth_padding_0.$stkvalid<4> meta pov no_split [0:0]]]
        [[egress::hdr.min_parse_depth_padding_0.$stkvalid<4> meta pov no_split [1:1]]]
        [[egress::hdr.min_parse_depth_padding_0.$stkvalid<4> meta pov no_split [2:2]]]
        [[egress::hdr.min_parse_depth_padding_0.$stkvalid<4> meta pov no_split [3:3]]]

split_by_deparsed_bottom_bits schema: Bit schema:
    ----
    [ egress::hdr.min_parse_depth_padding_0.$stkvalid<4> meta pov no_split [0:0]
          egress::hdr.min_parse_depth_padding_0.$stkvalid<4> meta pov no_split [1:1]
          egress::hdr.min_parse_depth_padding_0.$stkvalid<4> meta pov no_split [2:2]
          egress::hdr.min_parse_depth_padding_0.$stkvalid<4> meta pov no_split [3:3] ]


Bit schema:
    ----
    [ egress::hdr.min_parse_depth_padding_0.$stkvalid<4> meta pov no_split [0:0]
          egress::hdr.min_parse_depth_padding_0.$stkvalid<4> meta pov no_split [1:1]
          egress::hdr.min_parse_depth_padding_0.$stkvalid<4> meta pov no_split [2:2]
          egress::hdr.min_parse_depth_padding_0.$stkvalid<4> meta pov no_split [3:3] ]


Merge wide arith super clusters
after pre-split by deparsed_bottom_bits:
SUPERCLUSTER Uid: 322
    slice lists:	
        [ egress::hdr.min_parse_depth_padding_0.$stkvalid<4> meta pov no_split [0:0]
          egress::hdr.min_parse_depth_padding_0.$stkvalid<4> meta pov no_split [1:1]
          egress::hdr.min_parse_depth_padding_0.$stkvalid<4> meta pov no_split [2:2]
          egress::hdr.min_parse_depth_padding_0.$stkvalid<4> meta pov no_split [3:3] ]
    rotational clusters:	
        [[egress::hdr.min_parse_depth_padding_0.$stkvalid<4> meta pov no_split [0:0]]]
        [[egress::hdr.min_parse_depth_padding_0.$stkvalid<4> meta pov no_split [1:1]]]
        [[egress::hdr.min_parse_depth_padding_0.$stkvalid<4> meta pov no_split [2:2]]]
        [[egress::hdr.min_parse_depth_padding_0.$stkvalid<4> meta pov no_split [3:3]]]

split_by_adjacent_deparsed_and_non_deparsed schema: Bit schema:
    ----
    [ egress::hdr.min_parse_depth_padding_0.$stkvalid<4> meta pov no_split [0:0]
          egress::hdr.min_parse_depth_padding_0.$stkvalid<4> meta pov no_split [1:1]
          egress::hdr.min_parse_depth_padding_0.$stkvalid<4> meta pov no_split [2:2]
          egress::hdr.min_parse_depth_padding_0.$stkvalid<4> meta pov no_split [3:3] ]


Bit schema:
    ----
    [ egress::hdr.min_parse_depth_padding_0.$stkvalid<4> meta pov no_split [0:0]
          egress::hdr.min_parse_depth_padding_0.$stkvalid<4> meta pov no_split [1:1]
          egress::hdr.min_parse_depth_padding_0.$stkvalid<4> meta pov no_split [2:2]
          egress::hdr.min_parse_depth_padding_0.$stkvalid<4> meta pov no_split [3:3] ]


Merge wide arith super clusters
after pre-split by adjacent_deparsed_and_non_deparsed:
SUPERCLUSTER Uid: 323
    slice lists:	
        [ egress::hdr.min_parse_depth_padding_0.$stkvalid<4> meta pov no_split [0:0]
          egress::hdr.min_parse_depth_padding_0.$stkvalid<4> meta pov no_split [1:1]
          egress::hdr.min_parse_depth_padding_0.$stkvalid<4> meta pov no_split [2:2]
          egress::hdr.min_parse_depth_padding_0.$stkvalid<4> meta pov no_split [3:3] ]
    rotational clusters:	
        [[egress::hdr.min_parse_depth_padding_0.$stkvalid<4> meta pov no_split [0:0]]]
        [[egress::hdr.min_parse_depth_padding_0.$stkvalid<4> meta pov no_split [1:1]]]
        [[egress::hdr.min_parse_depth_padding_0.$stkvalid<4> meta pov no_split [2:2]]]
        [[egress::hdr.min_parse_depth_padding_0.$stkvalid<4> meta pov no_split [3:3]]]

split_parser_write_mode schema: Bit schema:
    ----
    [ egress::hdr.min_parse_depth_padding_0.$stkvalid<4> meta pov no_split [0:0]
          egress::hdr.min_parse_depth_padding_0.$stkvalid<4> meta pov no_split [1:1]
          egress::hdr.min_parse_depth_padding_0.$stkvalid<4> meta pov no_split [2:2]
          egress::hdr.min_parse_depth_padding_0.$stkvalid<4> meta pov no_split [3:3] ]


Bit schema:
    ----
    [ egress::hdr.min_parse_depth_padding_0.$stkvalid<4> meta pov no_split [0:0]
          egress::hdr.min_parse_depth_padding_0.$stkvalid<4> meta pov no_split [1:1]
          egress::hdr.min_parse_depth_padding_0.$stkvalid<4> meta pov no_split [2:2]
          egress::hdr.min_parse_depth_padding_0.$stkvalid<4> meta pov no_split [3:3] ]


Merge wide arith super clusters
after pre-split by parser_write_mode:
SUPERCLUSTER Uid: 324
    slice lists:	
        [ egress::hdr.min_parse_depth_padding_0.$stkvalid<4> meta pov no_split [0:0]
          egress::hdr.min_parse_depth_padding_0.$stkvalid<4> meta pov no_split [1:1]
          egress::hdr.min_parse_depth_padding_0.$stkvalid<4> meta pov no_split [2:2]
          egress::hdr.min_parse_depth_padding_0.$stkvalid<4> meta pov no_split [3:3] ]
    rotational clusters:	
        [[egress::hdr.min_parse_depth_padding_0.$stkvalid<4> meta pov no_split [0:0]]]
        [[egress::hdr.min_parse_depth_padding_0.$stkvalid<4> meta pov no_split [1:1]]]
        [[egress::hdr.min_parse_depth_padding_0.$stkvalid<4> meta pov no_split [2:2]]]
        [[egress::hdr.min_parse_depth_padding_0.$stkvalid<4> meta pov no_split [3:3]]]

ENTER DFS: 1
found a solution after 1 steps
LEAVE DFS: 1
DFS Result: 1, n_steps_since_last_solution: 0, max_search_steps_per_solution: 524288
Making Itr for SUPERCLUSTER Uid: 194
    slice lists:	
        [ egress::eg_intr_md.egress_port<9> ^0 ^bit[0..15] intrinsic no_split deparsed_bottom_bits deparsed_to_tm [0:8]
          egress::eg_intr_md._pad0<7> intrinsic deparsed_to_tm [0:6] ]
    rotational clusters:	
        [[egress::eg_intr_md.egress_port<9> ^0 ^bit[0..15] intrinsic no_split deparsed_bottom_bits deparsed_to_tm [0:8]]]
        [[egress::eg_intr_md._pad0<7> intrinsic deparsed_to_tm [0:6]]]

Homogeneous slicing enabled: 0 Rejected slice options: 
pa_container_sz slicing schema: Bit schema:
    ----------------
    [ egress::eg_intr_md.egress_port<9> ^0 ^bit[0..15] intrinsic no_split deparsed_bottom_bits deparsed_to_tm [0:8]
          egress::eg_intr_md._pad0<7> intrinsic deparsed_to_tm [0:6] ]


Bit schema:
    ----------------
    [ egress::eg_intr_md.egress_port<9> ^0 ^bit[0..15] intrinsic no_split deparsed_bottom_bits deparsed_to_tm [0:8]
          egress::eg_intr_md._pad0<7> intrinsic deparsed_to_tm [0:6] ]


Merge wide arith super clusters
split by pa_container_size result: 
SUPERCLUSTER Uid: 325
    slice lists:	
        [ egress::eg_intr_md.egress_port<9> ^0 ^bit[0..15] intrinsic no_split deparsed_bottom_bits deparsed_to_tm [0:8]
          egress::eg_intr_md._pad0<7> intrinsic deparsed_to_tm [0:6] ]
    rotational clusters:	
        [[egress::eg_intr_md.egress_port<9> ^0 ^bit[0..15] intrinsic no_split deparsed_bottom_bits deparsed_to_tm [0:8]]]
        [[egress::eg_intr_md._pad0<7> intrinsic deparsed_to_tm [0:6]]]

split_by_adjacent_no_pack schema: Bit schema:
    ----------------
    [ egress::eg_intr_md.egress_port<9> ^0 ^bit[0..15] intrinsic no_split deparsed_bottom_bits deparsed_to_tm [0:8]
          egress::eg_intr_md._pad0<7> intrinsic deparsed_to_tm [0:6] ]


Bit schema:
    ----------------
    [ egress::eg_intr_md.egress_port<9> ^0 ^bit[0..15] intrinsic no_split deparsed_bottom_bits deparsed_to_tm [0:8]
          egress::eg_intr_md._pad0<7> intrinsic deparsed_to_tm [0:6] ]


Merge wide arith super clusters
after pre-split by adjacent_no_pack:
SUPERCLUSTER Uid: 326
    slice lists:	
        [ egress::eg_intr_md.egress_port<9> ^0 ^bit[0..15] intrinsic no_split deparsed_bottom_bits deparsed_to_tm [0:8]
          egress::eg_intr_md._pad0<7> intrinsic deparsed_to_tm [0:6] ]
    rotational clusters:	
        [[egress::eg_intr_md.egress_port<9> ^0 ^bit[0..15] intrinsic no_split deparsed_bottom_bits deparsed_to_tm [0:8]]]
        [[egress::eg_intr_md._pad0<7> intrinsic deparsed_to_tm [0:6]]]

split_by_deparsed_bottom_bits schema: Bit schema:
    ----------------
    [ egress::eg_intr_md.egress_port<9> ^0 ^bit[0..15] intrinsic no_split deparsed_bottom_bits deparsed_to_tm [0:8]
          egress::eg_intr_md._pad0<7> intrinsic deparsed_to_tm [0:6] ]


Bit schema:
    ----------------
    [ egress::eg_intr_md.egress_port<9> ^0 ^bit[0..15] intrinsic no_split deparsed_bottom_bits deparsed_to_tm [0:8]
          egress::eg_intr_md._pad0<7> intrinsic deparsed_to_tm [0:6] ]


Merge wide arith super clusters
after pre-split by deparsed_bottom_bits:
SUPERCLUSTER Uid: 327
    slice lists:	
        [ egress::eg_intr_md.egress_port<9> ^0 ^bit[0..15] intrinsic no_split deparsed_bottom_bits deparsed_to_tm [0:8]
          egress::eg_intr_md._pad0<7> intrinsic deparsed_to_tm [0:6] ]
    rotational clusters:	
        [[egress::eg_intr_md.egress_port<9> ^0 ^bit[0..15] intrinsic no_split deparsed_bottom_bits deparsed_to_tm [0:8]]]
        [[egress::eg_intr_md._pad0<7> intrinsic deparsed_to_tm [0:6]]]

split_by_adjacent_deparsed_and_non_deparsed schema: Bit schema:
    ----------------
    [ egress::eg_intr_md.egress_port<9> ^0 ^bit[0..15] intrinsic no_split deparsed_bottom_bits deparsed_to_tm [0:8]
          egress::eg_intr_md._pad0<7> intrinsic deparsed_to_tm [0:6] ]


Bit schema:
    ----------------
    [ egress::eg_intr_md.egress_port<9> ^0 ^bit[0..15] intrinsic no_split deparsed_bottom_bits deparsed_to_tm [0:8]
          egress::eg_intr_md._pad0<7> intrinsic deparsed_to_tm [0:6] ]


Merge wide arith super clusters
after pre-split by adjacent_deparsed_and_non_deparsed:
SUPERCLUSTER Uid: 328
    slice lists:	
        [ egress::eg_intr_md.egress_port<9> ^0 ^bit[0..15] intrinsic no_split deparsed_bottom_bits deparsed_to_tm [0:8]
          egress::eg_intr_md._pad0<7> intrinsic deparsed_to_tm [0:6] ]
    rotational clusters:	
        [[egress::eg_intr_md.egress_port<9> ^0 ^bit[0..15] intrinsic no_split deparsed_bottom_bits deparsed_to_tm [0:8]]]
        [[egress::eg_intr_md._pad0<7> intrinsic deparsed_to_tm [0:6]]]

split_parser_write_mode schema: Bit schema:
    ----------------
    [ egress::eg_intr_md.egress_port<9> ^0 ^bit[0..15] intrinsic no_split deparsed_bottom_bits deparsed_to_tm [0:8]
          egress::eg_intr_md._pad0<7> intrinsic deparsed_to_tm [0:6] ]


Bit schema:
    ----------------
    [ egress::eg_intr_md.egress_port<9> ^0 ^bit[0..15] intrinsic no_split deparsed_bottom_bits deparsed_to_tm [0:8]
          egress::eg_intr_md._pad0<7> intrinsic deparsed_to_tm [0:6] ]


Merge wide arith super clusters
after pre-split by parser_write_mode:
SUPERCLUSTER Uid: 329
    slice lists:	
        [ egress::eg_intr_md.egress_port<9> ^0 ^bit[0..15] intrinsic no_split deparsed_bottom_bits deparsed_to_tm [0:8]
          egress::eg_intr_md._pad0<7> intrinsic deparsed_to_tm [0:6] ]
    rotational clusters:	
        [[egress::eg_intr_md.egress_port<9> ^0 ^bit[0..15] intrinsic no_split deparsed_bottom_bits deparsed_to_tm [0:8]]]
        [[egress::eg_intr_md._pad0<7> intrinsic deparsed_to_tm [0:6]]]

ENTER DFS: 1
found a solution after 1 steps
LEAVE DFS: 1
DFS Result: 1, n_steps_since_last_solution: 0, max_search_steps_per_solution: 524288
Making Itr for SUPERCLUSTER Uid: 234
    slice lists:	
        [ egress::hdr.min_parse_depth_padding_0[0].packet_payload<88> ^0 ^bit[0..7] deparsed exact_containers [80:87] ]
    rotational clusters:	
        [[egress::hdr.min_parse_depth_padding_0[0].packet_payload<88> ^0 ^bit[0..7] deparsed exact_containers [80:87]]]

Homogeneous slicing enabled: 0 Rejected slice options: 
pa_container_sz slicing schema: Bit schema:
    --------
    [ egress::hdr.min_parse_depth_padding_0[0].packet_payload<88> ^0 ^bit[0..7] deparsed exact_containers [80:87] ]


Bit schema:
    --------
    [ egress::hdr.min_parse_depth_padding_0[0].packet_payload<88> ^0 ^bit[0..7] deparsed exact_containers [80:87] ]


Merge wide arith super clusters
split by pa_container_size result: 
SUPERCLUSTER Uid: 330
    slice lists:	
        [ egress::hdr.min_parse_depth_padding_0[0].packet_payload<88> ^0 ^bit[0..7] deparsed exact_containers [80:87] ]
    rotational clusters:	
        [[egress::hdr.min_parse_depth_padding_0[0].packet_payload<88> ^0 ^bit[0..7] deparsed exact_containers [80:87]]]

split_by_adjacent_no_pack schema: Bit schema:
    --------
    [ egress::hdr.min_parse_depth_padding_0[0].packet_payload<88> ^0 ^bit[0..7] deparsed exact_containers [80:87] ]


Bit schema:
    --------
    [ egress::hdr.min_parse_depth_padding_0[0].packet_payload<88> ^0 ^bit[0..7] deparsed exact_containers [80:87] ]


Merge wide arith super clusters
after pre-split by adjacent_no_pack:
SUPERCLUSTER Uid: 331
    slice lists:	
        [ egress::hdr.min_parse_depth_padding_0[0].packet_payload<88> ^0 ^bit[0..7] deparsed exact_containers [80:87] ]
    rotational clusters:	
        [[egress::hdr.min_parse_depth_padding_0[0].packet_payload<88> ^0 ^bit[0..7] deparsed exact_containers [80:87]]]

split_by_deparsed_bottom_bits schema: Bit schema:
    --------
    [ egress::hdr.min_parse_depth_padding_0[0].packet_payload<88> ^0 ^bit[0..7] deparsed exact_containers [80:87] ]


Bit schema:
    --------
    [ egress::hdr.min_parse_depth_padding_0[0].packet_payload<88> ^0 ^bit[0..7] deparsed exact_containers [80:87] ]


Merge wide arith super clusters
after pre-split by deparsed_bottom_bits:
SUPERCLUSTER Uid: 332
    slice lists:	
        [ egress::hdr.min_parse_depth_padding_0[0].packet_payload<88> ^0 ^bit[0..7] deparsed exact_containers [80:87] ]
    rotational clusters:	
        [[egress::hdr.min_parse_depth_padding_0[0].packet_payload<88> ^0 ^bit[0..7] deparsed exact_containers [80:87]]]

split_by_adjacent_deparsed_and_non_deparsed schema: Bit schema:
    --------
    [ egress::hdr.min_parse_depth_padding_0[0].packet_payload<88> ^0 ^bit[0..7] deparsed exact_containers [80:87] ]


Bit schema:
    --------
    [ egress::hdr.min_parse_depth_padding_0[0].packet_payload<88> ^0 ^bit[0..7] deparsed exact_containers [80:87] ]


Merge wide arith super clusters
after pre-split by adjacent_deparsed_and_non_deparsed:
SUPERCLUSTER Uid: 333
    slice lists:	
        [ egress::hdr.min_parse_depth_padding_0[0].packet_payload<88> ^0 ^bit[0..7] deparsed exact_containers [80:87] ]
    rotational clusters:	
        [[egress::hdr.min_parse_depth_padding_0[0].packet_payload<88> ^0 ^bit[0..7] deparsed exact_containers [80:87]]]

split_parser_write_mode schema: Bit schema:
    --------
    [ egress::hdr.min_parse_depth_padding_0[0].packet_payload<88> ^0 ^bit[0..7] deparsed exact_containers [80:87] ]


Bit schema:
    --------
    [ egress::hdr.min_parse_depth_padding_0[0].packet_payload<88> ^0 ^bit[0..7] deparsed exact_containers [80:87] ]


Merge wide arith super clusters
after pre-split by parser_write_mode:
SUPERCLUSTER Uid: 334
    slice lists:	
        [ egress::hdr.min_parse_depth_padding_0[0].packet_payload<88> ^0 ^bit[0..7] deparsed exact_containers [80:87] ]
    rotational clusters:	
        [[egress::hdr.min_parse_depth_padding_0[0].packet_payload<88> ^0 ^bit[0..7] deparsed exact_containers [80:87]]]

ENTER DFS: 1
found a solution after 1 steps
LEAVE DFS: 1
DFS Result: 1, n_steps_since_last_solution: 0, max_search_steps_per_solution: 524288
Making Itr for SUPERCLUSTER Uid: 257
    slice lists:	
        [ egress::hdr.min_parse_depth_padding_0[1].packet_payload<88> ^0 ^bit[0..7] deparsed exact_containers [80:87] ]
    rotational clusters:	
        [[egress::hdr.min_parse_depth_padding_0[1].packet_payload<88> ^0 ^bit[0..7] deparsed exact_containers [80:87]]]

Homogeneous slicing enabled: 0 Rejected slice options: 
pa_container_sz slicing schema: Bit schema:
    --------
    [ egress::hdr.min_parse_depth_padding_0[1].packet_payload<88> ^0 ^bit[0..7] deparsed exact_containers [80:87] ]


Bit schema:
    --------
    [ egress::hdr.min_parse_depth_padding_0[1].packet_payload<88> ^0 ^bit[0..7] deparsed exact_containers [80:87] ]


Merge wide arith super clusters
split by pa_container_size result: 
SUPERCLUSTER Uid: 335
    slice lists:	
        [ egress::hdr.min_parse_depth_padding_0[1].packet_payload<88> ^0 ^bit[0..7] deparsed exact_containers [80:87] ]
    rotational clusters:	
        [[egress::hdr.min_parse_depth_padding_0[1].packet_payload<88> ^0 ^bit[0..7] deparsed exact_containers [80:87]]]

split_by_adjacent_no_pack schema: Bit schema:
    --------
    [ egress::hdr.min_parse_depth_padding_0[1].packet_payload<88> ^0 ^bit[0..7] deparsed exact_containers [80:87] ]


Bit schema:
    --------
    [ egress::hdr.min_parse_depth_padding_0[1].packet_payload<88> ^0 ^bit[0..7] deparsed exact_containers [80:87] ]


Merge wide arith super clusters
after pre-split by adjacent_no_pack:
SUPERCLUSTER Uid: 336
    slice lists:	
        [ egress::hdr.min_parse_depth_padding_0[1].packet_payload<88> ^0 ^bit[0..7] deparsed exact_containers [80:87] ]
    rotational clusters:	
        [[egress::hdr.min_parse_depth_padding_0[1].packet_payload<88> ^0 ^bit[0..7] deparsed exact_containers [80:87]]]

split_by_deparsed_bottom_bits schema: Bit schema:
    --------
    [ egress::hdr.min_parse_depth_padding_0[1].packet_payload<88> ^0 ^bit[0..7] deparsed exact_containers [80:87] ]


Bit schema:
    --------
    [ egress::hdr.min_parse_depth_padding_0[1].packet_payload<88> ^0 ^bit[0..7] deparsed exact_containers [80:87] ]


Merge wide arith super clusters
after pre-split by deparsed_bottom_bits:
SUPERCLUSTER Uid: 337
    slice lists:	
        [ egress::hdr.min_parse_depth_padding_0[1].packet_payload<88> ^0 ^bit[0..7] deparsed exact_containers [80:87] ]
    rotational clusters:	
        [[egress::hdr.min_parse_depth_padding_0[1].packet_payload<88> ^0 ^bit[0..7] deparsed exact_containers [80:87]]]

split_by_adjacent_deparsed_and_non_deparsed schema: Bit schema:
    --------
    [ egress::hdr.min_parse_depth_padding_0[1].packet_payload<88> ^0 ^bit[0..7] deparsed exact_containers [80:87] ]


Bit schema:
    --------
    [ egress::hdr.min_parse_depth_padding_0[1].packet_payload<88> ^0 ^bit[0..7] deparsed exact_containers [80:87] ]


Merge wide arith super clusters
after pre-split by adjacent_deparsed_and_non_deparsed:
SUPERCLUSTER Uid: 338
    slice lists:	
        [ egress::hdr.min_parse_depth_padding_0[1].packet_payload<88> ^0 ^bit[0..7] deparsed exact_containers [80:87] ]
    rotational clusters:	
        [[egress::hdr.min_parse_depth_padding_0[1].packet_payload<88> ^0 ^bit[0..7] deparsed exact_containers [80:87]]]

split_parser_write_mode schema: Bit schema:
    --------
    [ egress::hdr.min_parse_depth_padding_0[1].packet_payload<88> ^0 ^bit[0..7] deparsed exact_containers [80:87] ]


Bit schema:
    --------
    [ egress::hdr.min_parse_depth_padding_0[1].packet_payload<88> ^0 ^bit[0..7] deparsed exact_containers [80:87] ]


Merge wide arith super clusters
after pre-split by parser_write_mode:
SUPERCLUSTER Uid: 339
    slice lists:	
        [ egress::hdr.min_parse_depth_padding_0[1].packet_payload<88> ^0 ^bit[0..7] deparsed exact_containers [80:87] ]
    rotational clusters:	
        [[egress::hdr.min_parse_depth_padding_0[1].packet_payload<88> ^0 ^bit[0..7] deparsed exact_containers [80:87]]]

ENTER DFS: 1
found a solution after 1 steps
LEAVE DFS: 1
DFS Result: 1, n_steps_since_last_solution: 0, max_search_steps_per_solution: 524288
Making Itr for SUPERCLUSTER Uid: 280
    slice lists:	
        [ egress::hdr.min_parse_depth_padding_0[2].packet_payload<88> ^0 ^bit[0..7] deparsed exact_containers [80:87] ]
    rotational clusters:	
        [[egress::hdr.min_parse_depth_padding_0[2].packet_payload<88> ^0 ^bit[0..7] deparsed exact_containers [80:87]]]

Homogeneous slicing enabled: 0 Rejected slice options: 
pa_container_sz slicing schema: Bit schema:
    --------
    [ egress::hdr.min_parse_depth_padding_0[2].packet_payload<88> ^0 ^bit[0..7] deparsed exact_containers [80:87] ]


Bit schema:
    --------
    [ egress::hdr.min_parse_depth_padding_0[2].packet_payload<88> ^0 ^bit[0..7] deparsed exact_containers [80:87] ]


Merge wide arith super clusters
split by pa_container_size result: 
SUPERCLUSTER Uid: 340
    slice lists:	
        [ egress::hdr.min_parse_depth_padding_0[2].packet_payload<88> ^0 ^bit[0..7] deparsed exact_containers [80:87] ]
    rotational clusters:	
        [[egress::hdr.min_parse_depth_padding_0[2].packet_payload<88> ^0 ^bit[0..7] deparsed exact_containers [80:87]]]

split_by_adjacent_no_pack schema: Bit schema:
    --------
    [ egress::hdr.min_parse_depth_padding_0[2].packet_payload<88> ^0 ^bit[0..7] deparsed exact_containers [80:87] ]


Bit schema:
    --------
    [ egress::hdr.min_parse_depth_padding_0[2].packet_payload<88> ^0 ^bit[0..7] deparsed exact_containers [80:87] ]


Merge wide arith super clusters
after pre-split by adjacent_no_pack:
SUPERCLUSTER Uid: 341
    slice lists:	
        [ egress::hdr.min_parse_depth_padding_0[2].packet_payload<88> ^0 ^bit[0..7] deparsed exact_containers [80:87] ]
    rotational clusters:	
        [[egress::hdr.min_parse_depth_padding_0[2].packet_payload<88> ^0 ^bit[0..7] deparsed exact_containers [80:87]]]

split_by_deparsed_bottom_bits schema: Bit schema:
    --------
    [ egress::hdr.min_parse_depth_padding_0[2].packet_payload<88> ^0 ^bit[0..7] deparsed exact_containers [80:87] ]


Bit schema:
    --------
    [ egress::hdr.min_parse_depth_padding_0[2].packet_payload<88> ^0 ^bit[0..7] deparsed exact_containers [80:87] ]


Merge wide arith super clusters
after pre-split by deparsed_bottom_bits:
SUPERCLUSTER Uid: 342
    slice lists:	
        [ egress::hdr.min_parse_depth_padding_0[2].packet_payload<88> ^0 ^bit[0..7] deparsed exact_containers [80:87] ]
    rotational clusters:	
        [[egress::hdr.min_parse_depth_padding_0[2].packet_payload<88> ^0 ^bit[0..7] deparsed exact_containers [80:87]]]

split_by_adjacent_deparsed_and_non_deparsed schema: Bit schema:
    --------
    [ egress::hdr.min_parse_depth_padding_0[2].packet_payload<88> ^0 ^bit[0..7] deparsed exact_containers [80:87] ]


Bit schema:
    --------
    [ egress::hdr.min_parse_depth_padding_0[2].packet_payload<88> ^0 ^bit[0..7] deparsed exact_containers [80:87] ]


Merge wide arith super clusters
after pre-split by adjacent_deparsed_and_non_deparsed:
SUPERCLUSTER Uid: 343
    slice lists:	
        [ egress::hdr.min_parse_depth_padding_0[2].packet_payload<88> ^0 ^bit[0..7] deparsed exact_containers [80:87] ]
    rotational clusters:	
        [[egress::hdr.min_parse_depth_padding_0[2].packet_payload<88> ^0 ^bit[0..7] deparsed exact_containers [80:87]]]

split_parser_write_mode schema: Bit schema:
    --------
    [ egress::hdr.min_parse_depth_padding_0[2].packet_payload<88> ^0 ^bit[0..7] deparsed exact_containers [80:87] ]


Bit schema:
    --------
    [ egress::hdr.min_parse_depth_padding_0[2].packet_payload<88> ^0 ^bit[0..7] deparsed exact_containers [80:87] ]


Merge wide arith super clusters
after pre-split by parser_write_mode:
SUPERCLUSTER Uid: 344
    slice lists:	
        [ egress::hdr.min_parse_depth_padding_0[2].packet_payload<88> ^0 ^bit[0..7] deparsed exact_containers [80:87] ]
    rotational clusters:	
        [[egress::hdr.min_parse_depth_padding_0[2].packet_payload<88> ^0 ^bit[0..7] deparsed exact_containers [80:87]]]

ENTER DFS: 1
found a solution after 1 steps
LEAVE DFS: 1
DFS Result: 1, n_steps_since_last_solution: 0, max_search_steps_per_solution: 524288
Making Itr for SUPERCLUSTER Uid: 303
    slice lists:	
        [ egress::hdr.min_parse_depth_padding_0[3].packet_payload<88> ^0 ^bit[0..7] deparsed exact_containers [80:87] ]
    rotational clusters:	
        [[egress::hdr.min_parse_depth_padding_0[3].packet_payload<88> ^0 ^bit[0..7] deparsed exact_containers [80:87]]]

Homogeneous slicing enabled: 0 Rejected slice options: 
pa_container_sz slicing schema: Bit schema:
    --------
    [ egress::hdr.min_parse_depth_padding_0[3].packet_payload<88> ^0 ^bit[0..7] deparsed exact_containers [80:87] ]


Bit schema:
    --------
    [ egress::hdr.min_parse_depth_padding_0[3].packet_payload<88> ^0 ^bit[0..7] deparsed exact_containers [80:87] ]


Merge wide arith super clusters
split by pa_container_size result: 
SUPERCLUSTER Uid: 345
    slice lists:	
        [ egress::hdr.min_parse_depth_padding_0[3].packet_payload<88> ^0 ^bit[0..7] deparsed exact_containers [80:87] ]
    rotational clusters:	
        [[egress::hdr.min_parse_depth_padding_0[3].packet_payload<88> ^0 ^bit[0..7] deparsed exact_containers [80:87]]]

split_by_adjacent_no_pack schema: Bit schema:
    --------
    [ egress::hdr.min_parse_depth_padding_0[3].packet_payload<88> ^0 ^bit[0..7] deparsed exact_containers [80:87] ]


Bit schema:
    --------
    [ egress::hdr.min_parse_depth_padding_0[3].packet_payload<88> ^0 ^bit[0..7] deparsed exact_containers [80:87] ]


Merge wide arith super clusters
after pre-split by adjacent_no_pack:
SUPERCLUSTER Uid: 346
    slice lists:	
        [ egress::hdr.min_parse_depth_padding_0[3].packet_payload<88> ^0 ^bit[0..7] deparsed exact_containers [80:87] ]
    rotational clusters:	
        [[egress::hdr.min_parse_depth_padding_0[3].packet_payload<88> ^0 ^bit[0..7] deparsed exact_containers [80:87]]]

split_by_deparsed_bottom_bits schema: Bit schema:
    --------
    [ egress::hdr.min_parse_depth_padding_0[3].packet_payload<88> ^0 ^bit[0..7] deparsed exact_containers [80:87] ]


Bit schema:
    --------
    [ egress::hdr.min_parse_depth_padding_0[3].packet_payload<88> ^0 ^bit[0..7] deparsed exact_containers [80:87] ]


Merge wide arith super clusters
after pre-split by deparsed_bottom_bits:
SUPERCLUSTER Uid: 347
    slice lists:	
        [ egress::hdr.min_parse_depth_padding_0[3].packet_payload<88> ^0 ^bit[0..7] deparsed exact_containers [80:87] ]
    rotational clusters:	
        [[egress::hdr.min_parse_depth_padding_0[3].packet_payload<88> ^0 ^bit[0..7] deparsed exact_containers [80:87]]]

split_by_adjacent_deparsed_and_non_deparsed schema: Bit schema:
    --------
    [ egress::hdr.min_parse_depth_padding_0[3].packet_payload<88> ^0 ^bit[0..7] deparsed exact_containers [80:87] ]


Bit schema:
    --------
    [ egress::hdr.min_parse_depth_padding_0[3].packet_payload<88> ^0 ^bit[0..7] deparsed exact_containers [80:87] ]


Merge wide arith super clusters
after pre-split by adjacent_deparsed_and_non_deparsed:
SUPERCLUSTER Uid: 348
    slice lists:	
        [ egress::hdr.min_parse_depth_padding_0[3].packet_payload<88> ^0 ^bit[0..7] deparsed exact_containers [80:87] ]
    rotational clusters:	
        [[egress::hdr.min_parse_depth_padding_0[3].packet_payload<88> ^0 ^bit[0..7] deparsed exact_containers [80:87]]]

split_parser_write_mode schema: Bit schema:
    --------
    [ egress::hdr.min_parse_depth_padding_0[3].packet_payload<88> ^0 ^bit[0..7] deparsed exact_containers [80:87] ]


Bit schema:
    --------
    [ egress::hdr.min_parse_depth_padding_0[3].packet_payload<88> ^0 ^bit[0..7] deparsed exact_containers [80:87] ]


Merge wide arith super clusters
after pre-split by parser_write_mode:
SUPERCLUSTER Uid: 349
    slice lists:	
        [ egress::hdr.min_parse_depth_padding_0[3].packet_payload<88> ^0 ^bit[0..7] deparsed exact_containers [80:87] ]
    rotational clusters:	
        [[egress::hdr.min_parse_depth_padding_0[3].packet_payload<88> ^0 ^bit[0..7] deparsed exact_containers [80:87]]]

ENTER DFS: 1
found a solution after 1 steps
LEAVE DFS: 1
DFS Result: 1, n_steps_since_last_solution: 0, max_search_steps_per_solution: 524288
Making Itr for SUPERCLUSTER Uid: 147
    slice lists:	
        [ ingress::hdr.eth_hdr.src_addr<48> ^0 ^bit[0..159] deparsed exact_containers [0:31] ]
    rotational clusters:	
        [[ingress::hdr.eth_hdr.src_addr<48> ^0 ^bit[0..159] deparsed exact_containers [0:31]]]

Homogeneous slicing enabled: 0 Rejected slice options: 
pa_container_sz slicing schema: Bit schema:
    --------------------------------
    [ ingress::hdr.eth_hdr.src_addr<48> ^0 ^bit[0..159] deparsed exact_containers [0:31] ]


Bit schema:
    --------------------------------
    [ ingress::hdr.eth_hdr.src_addr<48> ^0 ^bit[0..159] deparsed exact_containers [0:31] ]


Merge wide arith super clusters
split by pa_container_size result: 
SUPERCLUSTER Uid: 350
    slice lists:	
        [ ingress::hdr.eth_hdr.src_addr<48> ^0 ^bit[0..159] deparsed exact_containers [0:31] ]
    rotational clusters:	
        [[ingress::hdr.eth_hdr.src_addr<48> ^0 ^bit[0..159] deparsed exact_containers [0:31]]]

split_by_adjacent_no_pack schema: Bit schema:
    --------------------------------
    [ ingress::hdr.eth_hdr.src_addr<48> ^0 ^bit[0..159] deparsed exact_containers [0:31] ]


Bit schema:
    --------------------------------
    [ ingress::hdr.eth_hdr.src_addr<48> ^0 ^bit[0..159] deparsed exact_containers [0:31] ]


Merge wide arith super clusters
after pre-split by adjacent_no_pack:
SUPERCLUSTER Uid: 351
    slice lists:	
        [ ingress::hdr.eth_hdr.src_addr<48> ^0 ^bit[0..159] deparsed exact_containers [0:31] ]
    rotational clusters:	
        [[ingress::hdr.eth_hdr.src_addr<48> ^0 ^bit[0..159] deparsed exact_containers [0:31]]]

split_by_deparsed_bottom_bits schema: Bit schema:
    --------------------------------
    [ ingress::hdr.eth_hdr.src_addr<48> ^0 ^bit[0..159] deparsed exact_containers [0:31] ]


Bit schema:
    --------------------------------
    [ ingress::hdr.eth_hdr.src_addr<48> ^0 ^bit[0..159] deparsed exact_containers [0:31] ]


Merge wide arith super clusters
after pre-split by deparsed_bottom_bits:
SUPERCLUSTER Uid: 352
    slice lists:	
        [ ingress::hdr.eth_hdr.src_addr<48> ^0 ^bit[0..159] deparsed exact_containers [0:31] ]
    rotational clusters:	
        [[ingress::hdr.eth_hdr.src_addr<48> ^0 ^bit[0..159] deparsed exact_containers [0:31]]]

split_by_adjacent_deparsed_and_non_deparsed schema: Bit schema:
    --------------------------------
    [ ingress::hdr.eth_hdr.src_addr<48> ^0 ^bit[0..159] deparsed exact_containers [0:31] ]


Bit schema:
    --------------------------------
    [ ingress::hdr.eth_hdr.src_addr<48> ^0 ^bit[0..159] deparsed exact_containers [0:31] ]


Merge wide arith super clusters
after pre-split by adjacent_deparsed_and_non_deparsed:
SUPERCLUSTER Uid: 353
    slice lists:	
        [ ingress::hdr.eth_hdr.src_addr<48> ^0 ^bit[0..159] deparsed exact_containers [0:31] ]
    rotational clusters:	
        [[ingress::hdr.eth_hdr.src_addr<48> ^0 ^bit[0..159] deparsed exact_containers [0:31]]]

split_parser_write_mode schema: Bit schema:
    --------------------------------
    [ ingress::hdr.eth_hdr.src_addr<48> ^0 ^bit[0..159] deparsed exact_containers [0:31] ]


Bit schema:
    --------------------------------
    [ ingress::hdr.eth_hdr.src_addr<48> ^0 ^bit[0..159] deparsed exact_containers [0:31] ]


Merge wide arith super clusters
after pre-split by parser_write_mode:
SUPERCLUSTER Uid: 354
    slice lists:	
        [ ingress::hdr.eth_hdr.src_addr<48> ^0 ^bit[0..159] deparsed exact_containers [0:31] ]
    rotational clusters:	
        [[ingress::hdr.eth_hdr.src_addr<48> ^0 ^bit[0..159] deparsed exact_containers [0:31]]]

ENTER DFS: 1
dfs_depth-1: will split [ ingress::hdr.eth_hdr.src_addr<48> ^0 ^bit[0..159] deparsed exact_containers [0:31] ]
possible slice choices: 
{new_split: 1, split_unref:0, n_avoidable_packings:0, size: 8}
{new_split: 1, split_unref:0, n_avoidable_packings:0, size: 16}
{new_split: 0, split_unref:0, n_avoidable_packings:0, size: 32}
dfs_depth-1: possible choices: { 32 16 8 }
dfs_depth-1: try to split @32
Bit schema:
    --------------------------------
    [ ingress::hdr.eth_hdr.src_addr<48> ^0 ^bit[0..159] deparsed exact_containers [0:31] ]


Merge wide arith super clusters
dfs_depth-1: decide to split out first 32 bits of [ ingress::hdr.eth_hdr.src_addr<48> ^0 ^bit[0..159] deparsed exact_containers [0:31] ]
ENTER DFS: 2
found a solution after 2 steps
LEAVE DFS: 2
dfs_depth-1: try to split @16
Bit schema:
    ----------------1---------------
    [ ingress::hdr.eth_hdr.src_addr<48> ^0 ^bit[0..159] deparsed exact_containers [0:31] ]


    ...(0) found slice to split at idx 16: ingress::hdr.eth_hdr.src_addr<48> ^0 ^bit[0..159] deparsed exact_containers [0:31]
    ...erasing ingress::hdr.eth_hdr.src_addr<48> ^0 ^bit[0..159] deparsed exact_containers [0:31] in this slice list
    ...adding ingress::hdr.eth_hdr.src_addr<48> ^0 ^bit[0..159] deparsed exact_containers [0:15] in this slice list
    ...adding ingress::hdr.eth_hdr.src_addr<48> ^0 ^bit[0..143] deparsed exact_containers [16:31] in this slice list
    ...(0) adding to slice list: ingress::hdr.eth_hdr.src_addr<48> ^0 ^bit[0..159] deparsed exact_containers [0:31]
    ...(0) starting new slice list
    ...erasing old cluster [[ingress::hdr.eth_hdr.src_addr<48> ^0 ^bit[0..159] deparsed exact_containers [0:31]]]
    ...adding new lo cluster [[ingress::hdr.eth_hdr.src_addr<48> ^0 ^bit[0..159] deparsed exact_containers [0:15]]]
    ...adding new hi cluster [[ingress::hdr.eth_hdr.src_addr<48> ^0 ^bit[0..143] deparsed exact_containers [16:31]]]
    ...updating slices_to_clusters
        - erasing ingress::hdr.eth_hdr.src_addr<48> ^0 ^bit[0..159] deparsed exact_containers [0:31]
        - adding ingress::hdr.eth_hdr.src_addr<48> ^0 ^bit[0..159] deparsed exact_containers [0:15]
        - adding ingress::hdr.eth_hdr.src_addr<48> ^0 ^bit[0..143] deparsed exact_containers [16:31]
    ...updating slice_lists
    ...updating slices_to_slice_lists
Merge wide arith super clusters
dfs_depth-1: decide to split out first 16 bits of [ ingress::hdr.eth_hdr.src_addr<48> ^0 ^bit[0..159] deparsed exact_containers [0:31] ]
ENTER DFS: 2
dfs_depth-2: will split [ ingress::hdr.eth_hdr.src_addr<48> ^0 ^bit[0..143] deparsed exact_containers [16:31] ]
possible slice choices: 
{new_split: 1, split_unref:0, n_avoidable_packings:0, size: 8}
{new_split: 0, split_unref:0, n_avoidable_packings:0, size: 16}
dfs_depth-2: possible choices: { 16 8 }
dfs_depth-2: try to split @16
Bit schema:
    ----------------
    [ ingress::hdr.eth_hdr.src_addr<48> ^0 ^bit[0..143] deparsed exact_containers [16:31] ]


Merge wide arith super clusters
dfs_depth-2: decide to split out first 16 bits of [ ingress::hdr.eth_hdr.src_addr<48> ^0 ^bit[0..143] deparsed exact_containers [16:31] ]
ENTER DFS: 3
found a solution after 4 steps
LEAVE DFS: 3
dfs_depth-2: try to split @8
Bit schema:
    --------1-------
    [ ingress::hdr.eth_hdr.src_addr<48> ^0 ^bit[0..143] deparsed exact_containers [16:31] ]


    ...(0) found slice to split at idx 8: ingress::hdr.eth_hdr.src_addr<48> ^0 ^bit[0..143] deparsed exact_containers [16:31]
    ...erasing ingress::hdr.eth_hdr.src_addr<48> ^0 ^bit[0..143] deparsed exact_containers [16:31] in this slice list
    ...adding ingress::hdr.eth_hdr.src_addr<48> ^0 ^bit[0..143] deparsed exact_containers [16:23] in this slice list
    ...adding ingress::hdr.eth_hdr.src_addr<48> ^0 ^bit[0..135] deparsed exact_containers [24:31] in this slice list
    ...(0) adding to slice list: ingress::hdr.eth_hdr.src_addr<48> ^0 ^bit[0..143] deparsed exact_containers [16:31]
    ...(0) starting new slice list
    ...erasing old cluster [[ingress::hdr.eth_hdr.src_addr<48> ^0 ^bit[0..143] deparsed exact_containers [16:31]]]
    ...adding new lo cluster [[ingress::hdr.eth_hdr.src_addr<48> ^0 ^bit[0..143] deparsed exact_containers [16:23]]]
    ...adding new hi cluster [[ingress::hdr.eth_hdr.src_addr<48> ^0 ^bit[0..135] deparsed exact_containers [24:31]]]
    ...updating slices_to_clusters
        - erasing ingress::hdr.eth_hdr.src_addr<48> ^0 ^bit[0..143] deparsed exact_containers [16:31]
        - adding ingress::hdr.eth_hdr.src_addr<48> ^0 ^bit[0..143] deparsed exact_containers [16:23]
        - adding ingress::hdr.eth_hdr.src_addr<48> ^0 ^bit[0..135] deparsed exact_containers [24:31]
    ...updating slice_lists
    ...updating slices_to_slice_lists
Merge wide arith super clusters
dfs_depth-2: decide to split out first 8 bits of [ ingress::hdr.eth_hdr.src_addr<48> ^0 ^bit[0..143] deparsed exact_containers [16:31] ]
ENTER DFS: 3
found a solution after 5 steps
LEAVE DFS: 3
LEAVE DFS: 2
dfs_depth-1: try to split @8
Bit schema:
    --------1-----------------------
    [ ingress::hdr.eth_hdr.src_addr<48> ^0 ^bit[0..159] deparsed exact_containers [0:31] ]


    ...(0) found slice to split at idx 8: ingress::hdr.eth_hdr.src_addr<48> ^0 ^bit[0..159] deparsed exact_containers [0:31]
    ...erasing ingress::hdr.eth_hdr.src_addr<48> ^0 ^bit[0..159] deparsed exact_containers [0:31] in this slice list
    ...adding ingress::hdr.eth_hdr.src_addr<48> ^0 ^bit[0..159] deparsed exact_containers [0:7] in this slice list
    ...adding ingress::hdr.eth_hdr.src_addr<48> ^0 ^bit[0..151] deparsed exact_containers [8:31] in this slice list
    ...(0) adding to slice list: ingress::hdr.eth_hdr.src_addr<48> ^0 ^bit[0..159] deparsed exact_containers [0:31]
    ...(0) starting new slice list
    ...erasing old cluster [[ingress::hdr.eth_hdr.src_addr<48> ^0 ^bit[0..159] deparsed exact_containers [0:31]]]
    ...adding new lo cluster [[ingress::hdr.eth_hdr.src_addr<48> ^0 ^bit[0..159] deparsed exact_containers [0:7]]]
    ...adding new hi cluster [[ingress::hdr.eth_hdr.src_addr<48> ^0 ^bit[0..151] deparsed exact_containers [8:31]]]
    ...updating slices_to_clusters
        - erasing ingress::hdr.eth_hdr.src_addr<48> ^0 ^bit[0..159] deparsed exact_containers [0:31]
        - adding ingress::hdr.eth_hdr.src_addr<48> ^0 ^bit[0..159] deparsed exact_containers [0:7]
        - adding ingress::hdr.eth_hdr.src_addr<48> ^0 ^bit[0..151] deparsed exact_containers [8:31]
    ...updating slice_lists
    ...updating slices_to_slice_lists
Merge wide arith super clusters
dfs_depth-1: decide to split out first 8 bits of [ ingress::hdr.eth_hdr.src_addr<48> ^0 ^bit[0..159] deparsed exact_containers [0:31] ]
ENTER DFS: 2
dfs_depth-2: will split [ ingress::hdr.eth_hdr.src_addr<48> ^0 ^bit[0..151] deparsed exact_containers [8:31] ]
possible slice choices: 
{new_split: 1, split_unref:0, n_avoidable_packings:0, size: 8}
{new_split: 1, split_unref:0, n_avoidable_packings:0, size: 16}
dfs_depth-2: possible choices: { 16 8 }
dfs_depth-2: try to split @16
Bit schema:
    ----------------1-------
    [ ingress::hdr.eth_hdr.src_addr<48> ^0 ^bit[0..151] deparsed exact_containers [8:31] ]


    ...(0) found slice to split at idx 16: ingress::hdr.eth_hdr.src_addr<48> ^0 ^bit[0..151] deparsed exact_containers [8:31]
    ...erasing ingress::hdr.eth_hdr.src_addr<48> ^0 ^bit[0..151] deparsed exact_containers [8:31] in this slice list
    ...adding ingress::hdr.eth_hdr.src_addr<48> ^0 ^bit[0..151] deparsed exact_containers [8:23] in this slice list
    ...adding ingress::hdr.eth_hdr.src_addr<48> ^0 ^bit[0..135] deparsed exact_containers [24:31] in this slice list
    ...(0) adding to slice list: ingress::hdr.eth_hdr.src_addr<48> ^0 ^bit[0..151] deparsed exact_containers [8:31]
    ...(0) starting new slice list
    ...erasing old cluster [[ingress::hdr.eth_hdr.src_addr<48> ^0 ^bit[0..151] deparsed exact_containers [8:31]]]
    ...adding new lo cluster [[ingress::hdr.eth_hdr.src_addr<48> ^0 ^bit[0..151] deparsed exact_containers [8:23]]]
    ...adding new hi cluster [[ingress::hdr.eth_hdr.src_addr<48> ^0 ^bit[0..135] deparsed exact_containers [24:31]]]
    ...updating slices_to_clusters
        - erasing ingress::hdr.eth_hdr.src_addr<48> ^0 ^bit[0..151] deparsed exact_containers [8:31]
        - adding ingress::hdr.eth_hdr.src_addr<48> ^0 ^bit[0..151] deparsed exact_containers [8:23]
        - adding ingress::hdr.eth_hdr.src_addr<48> ^0 ^bit[0..135] deparsed exact_containers [24:31]
    ...updating slice_lists
    ...updating slices_to_slice_lists
Merge wide arith super clusters
dfs_depth-2: decide to split out first 16 bits of [ ingress::hdr.eth_hdr.src_addr<48> ^0 ^bit[0..151] deparsed exact_containers [8:31] ]
ENTER DFS: 3
found a solution after 7 steps
LEAVE DFS: 3
dfs_depth-2: try to split @8
Bit schema:
    --------1---------------
    [ ingress::hdr.eth_hdr.src_addr<48> ^0 ^bit[0..151] deparsed exact_containers [8:31] ]


    ...(0) found slice to split at idx 8: ingress::hdr.eth_hdr.src_addr<48> ^0 ^bit[0..151] deparsed exact_containers [8:31]
    ...erasing ingress::hdr.eth_hdr.src_addr<48> ^0 ^bit[0..151] deparsed exact_containers [8:31] in this slice list
    ...adding ingress::hdr.eth_hdr.src_addr<48> ^0 ^bit[0..151] deparsed exact_containers [8:15] in this slice list
    ...adding ingress::hdr.eth_hdr.src_addr<48> ^0 ^bit[0..143] deparsed exact_containers [16:31] in this slice list
    ...(0) adding to slice list: ingress::hdr.eth_hdr.src_addr<48> ^0 ^bit[0..151] deparsed exact_containers [8:31]
    ...(0) starting new slice list
    ...erasing old cluster [[ingress::hdr.eth_hdr.src_addr<48> ^0 ^bit[0..151] deparsed exact_containers [8:31]]]
    ...adding new lo cluster [[ingress::hdr.eth_hdr.src_addr<48> ^0 ^bit[0..151] deparsed exact_containers [8:15]]]
    ...adding new hi cluster [[ingress::hdr.eth_hdr.src_addr<48> ^0 ^bit[0..143] deparsed exact_containers [16:31]]]
    ...updating slices_to_clusters
        - erasing ingress::hdr.eth_hdr.src_addr<48> ^0 ^bit[0..151] deparsed exact_containers [8:31]
        - adding ingress::hdr.eth_hdr.src_addr<48> ^0 ^bit[0..151] deparsed exact_containers [8:15]
        - adding ingress::hdr.eth_hdr.src_addr<48> ^0 ^bit[0..143] deparsed exact_containers [16:31]
    ...updating slice_lists
    ...updating slices_to_slice_lists
Merge wide arith super clusters
dfs_depth-2: decide to split out first 8 bits of [ ingress::hdr.eth_hdr.src_addr<48> ^0 ^bit[0..151] deparsed exact_containers [8:31] ]
ENTER DFS: 3
dfs_depth-3: will split [ ingress::hdr.eth_hdr.src_addr<48> ^0 ^bit[0..143] deparsed exact_containers [16:31] ]
possible slice choices: 
{new_split: 1, split_unref:0, n_avoidable_packings:0, size: 8}
{new_split: 0, split_unref:0, n_avoidable_packings:0, size: 16}
dfs_depth-3: possible choices: { 16 8 }
dfs_depth-3: try to split @16
Bit schema:
    ----------------
    [ ingress::hdr.eth_hdr.src_addr<48> ^0 ^bit[0..143] deparsed exact_containers [16:31] ]


Merge wide arith super clusters
dfs_depth-3: decide to split out first 16 bits of [ ingress::hdr.eth_hdr.src_addr<48> ^0 ^bit[0..143] deparsed exact_containers [16:31] ]
ENTER DFS: 4
found a solution after 9 steps
LEAVE DFS: 4
dfs_depth-3: try to split @8
Bit schema:
    --------1-------
    [ ingress::hdr.eth_hdr.src_addr<48> ^0 ^bit[0..143] deparsed exact_containers [16:31] ]


    ...(0) found slice to split at idx 8: ingress::hdr.eth_hdr.src_addr<48> ^0 ^bit[0..143] deparsed exact_containers [16:31]
    ...erasing ingress::hdr.eth_hdr.src_addr<48> ^0 ^bit[0..143] deparsed exact_containers [16:31] in this slice list
    ...adding ingress::hdr.eth_hdr.src_addr<48> ^0 ^bit[0..143] deparsed exact_containers [16:23] in this slice list
    ...adding ingress::hdr.eth_hdr.src_addr<48> ^0 ^bit[0..135] deparsed exact_containers [24:31] in this slice list
    ...(0) adding to slice list: ingress::hdr.eth_hdr.src_addr<48> ^0 ^bit[0..143] deparsed exact_containers [16:31]
    ...(0) starting new slice list
    ...erasing old cluster [[ingress::hdr.eth_hdr.src_addr<48> ^0 ^bit[0..143] deparsed exact_containers [16:31]]]
    ...adding new lo cluster [[ingress::hdr.eth_hdr.src_addr<48> ^0 ^bit[0..143] deparsed exact_containers [16:23]]]
    ...adding new hi cluster [[ingress::hdr.eth_hdr.src_addr<48> ^0 ^bit[0..135] deparsed exact_containers [24:31]]]
    ...updating slices_to_clusters
        - erasing ingress::hdr.eth_hdr.src_addr<48> ^0 ^bit[0..143] deparsed exact_containers [16:31]
        - adding ingress::hdr.eth_hdr.src_addr<48> ^0 ^bit[0..143] deparsed exact_containers [16:23]
        - adding ingress::hdr.eth_hdr.src_addr<48> ^0 ^bit[0..135] deparsed exact_containers [24:31]
    ...updating slice_lists
    ...updating slices_to_slice_lists
Merge wide arith super clusters
dfs_depth-3: decide to split out first 8 bits of [ ingress::hdr.eth_hdr.src_addr<48> ^0 ^bit[0..143] deparsed exact_containers [16:31] ]
ENTER DFS: 4
found a solution after 10 steps
LEAVE DFS: 4
LEAVE DFS: 3
LEAVE DFS: 2
LEAVE DFS: 1
DFS Result: 1, n_steps_since_last_solution: 0, max_search_steps_per_solution: 524288
Making Itr for SUPERCLUSTER Uid: 154
    slice lists:	
        [ ingress::hdr.eth_hdr.dst_addr<48> ^0 ^bit[0..111] deparsed exact_containers [0:31] ]
    rotational clusters:	
        [[ingress::hdr.eth_hdr.dst_addr<48> ^0 ^bit[0..111] deparsed exact_containers [0:31]]]

Homogeneous slicing enabled: 0 Rejected slice options: 
pa_container_sz slicing schema: Bit schema:
    --------------------------------
    [ ingress::hdr.eth_hdr.dst_addr<48> ^0 ^bit[0..111] deparsed exact_containers [0:31] ]


Bit schema:
    --------------------------------
    [ ingress::hdr.eth_hdr.dst_addr<48> ^0 ^bit[0..111] deparsed exact_containers [0:31] ]


Merge wide arith super clusters
split by pa_container_size result: 
SUPERCLUSTER Uid: 394
    slice lists:	
        [ ingress::hdr.eth_hdr.dst_addr<48> ^0 ^bit[0..111] deparsed exact_containers [0:31] ]
    rotational clusters:	
        [[ingress::hdr.eth_hdr.dst_addr<48> ^0 ^bit[0..111] deparsed exact_containers [0:31]]]

split_by_adjacent_no_pack schema: Bit schema:
    --------------------------------
    [ ingress::hdr.eth_hdr.dst_addr<48> ^0 ^bit[0..111] deparsed exact_containers [0:31] ]


Bit schema:
    --------------------------------
    [ ingress::hdr.eth_hdr.dst_addr<48> ^0 ^bit[0..111] deparsed exact_containers [0:31] ]


Merge wide arith super clusters
after pre-split by adjacent_no_pack:
SUPERCLUSTER Uid: 395
    slice lists:	
        [ ingress::hdr.eth_hdr.dst_addr<48> ^0 ^bit[0..111] deparsed exact_containers [0:31] ]
    rotational clusters:	
        [[ingress::hdr.eth_hdr.dst_addr<48> ^0 ^bit[0..111] deparsed exact_containers [0:31]]]

split_by_deparsed_bottom_bits schema: Bit schema:
    --------------------------------
    [ ingress::hdr.eth_hdr.dst_addr<48> ^0 ^bit[0..111] deparsed exact_containers [0:31] ]


Bit schema:
    --------------------------------
    [ ingress::hdr.eth_hdr.dst_addr<48> ^0 ^bit[0..111] deparsed exact_containers [0:31] ]


Merge wide arith super clusters
after pre-split by deparsed_bottom_bits:
SUPERCLUSTER Uid: 396
    slice lists:	
        [ ingress::hdr.eth_hdr.dst_addr<48> ^0 ^bit[0..111] deparsed exact_containers [0:31] ]
    rotational clusters:	
        [[ingress::hdr.eth_hdr.dst_addr<48> ^0 ^bit[0..111] deparsed exact_containers [0:31]]]

split_by_adjacent_deparsed_and_non_deparsed schema: Bit schema:
    --------------------------------
    [ ingress::hdr.eth_hdr.dst_addr<48> ^0 ^bit[0..111] deparsed exact_containers [0:31] ]


Bit schema:
    --------------------------------
    [ ingress::hdr.eth_hdr.dst_addr<48> ^0 ^bit[0..111] deparsed exact_containers [0:31] ]


Merge wide arith super clusters
after pre-split by adjacent_deparsed_and_non_deparsed:
SUPERCLUSTER Uid: 397
    slice lists:	
        [ ingress::hdr.eth_hdr.dst_addr<48> ^0 ^bit[0..111] deparsed exact_containers [0:31] ]
    rotational clusters:	
        [[ingress::hdr.eth_hdr.dst_addr<48> ^0 ^bit[0..111] deparsed exact_containers [0:31]]]

split_parser_write_mode schema: Bit schema:
    --------------------------------
    [ ingress::hdr.eth_hdr.dst_addr<48> ^0 ^bit[0..111] deparsed exact_containers [0:31] ]


Bit schema:
    --------------------------------
    [ ingress::hdr.eth_hdr.dst_addr<48> ^0 ^bit[0..111] deparsed exact_containers [0:31] ]


Merge wide arith super clusters
after pre-split by parser_write_mode:
SUPERCLUSTER Uid: 398
    slice lists:	
        [ ingress::hdr.eth_hdr.dst_addr<48> ^0 ^bit[0..111] deparsed exact_containers [0:31] ]
    rotational clusters:	
        [[ingress::hdr.eth_hdr.dst_addr<48> ^0 ^bit[0..111] deparsed exact_containers [0:31]]]

ENTER DFS: 1
dfs_depth-1: will split [ ingress::hdr.eth_hdr.dst_addr<48> ^0 ^bit[0..111] deparsed exact_containers [0:31] ]
possible slice choices: 
{new_split: 1, split_unref:0, n_avoidable_packings:0, size: 8}
{new_split: 1, split_unref:0, n_avoidable_packings:0, size: 16}
{new_split: 0, split_unref:0, n_avoidable_packings:0, size: 32}
dfs_depth-1: possible choices: { 32 16 8 }
dfs_depth-1: try to split @32
Bit schema:
    --------------------------------
    [ ingress::hdr.eth_hdr.dst_addr<48> ^0 ^bit[0..111] deparsed exact_containers [0:31] ]


Merge wide arith super clusters
dfs_depth-1: decide to split out first 32 bits of [ ingress::hdr.eth_hdr.dst_addr<48> ^0 ^bit[0..111] deparsed exact_containers [0:31] ]
ENTER DFS: 2
found a solution after 2 steps
LEAVE DFS: 2
dfs_depth-1: try to split @16
Bit schema:
    ----------------1---------------
    [ ingress::hdr.eth_hdr.dst_addr<48> ^0 ^bit[0..111] deparsed exact_containers [0:31] ]


    ...(0) found slice to split at idx 16: ingress::hdr.eth_hdr.dst_addr<48> ^0 ^bit[0..111] deparsed exact_containers [0:31]
    ...erasing ingress::hdr.eth_hdr.dst_addr<48> ^0 ^bit[0..111] deparsed exact_containers [0:31] in this slice list
    ...adding ingress::hdr.eth_hdr.dst_addr<48> ^0 ^bit[0..111] deparsed exact_containers [0:15] in this slice list
    ...adding ingress::hdr.eth_hdr.dst_addr<48> ^0 ^bit[0..95] deparsed exact_containers [16:31] in this slice list
    ...(0) adding to slice list: ingress::hdr.eth_hdr.dst_addr<48> ^0 ^bit[0..111] deparsed exact_containers [0:31]
    ...(0) starting new slice list
    ...erasing old cluster [[ingress::hdr.eth_hdr.dst_addr<48> ^0 ^bit[0..111] deparsed exact_containers [0:31]]]
    ...adding new lo cluster [[ingress::hdr.eth_hdr.dst_addr<48> ^0 ^bit[0..111] deparsed exact_containers [0:15]]]
    ...adding new hi cluster [[ingress::hdr.eth_hdr.dst_addr<48> ^0 ^bit[0..95] deparsed exact_containers [16:31]]]
    ...updating slices_to_clusters
        - erasing ingress::hdr.eth_hdr.dst_addr<48> ^0 ^bit[0..111] deparsed exact_containers [0:31]
        - adding ingress::hdr.eth_hdr.dst_addr<48> ^0 ^bit[0..111] deparsed exact_containers [0:15]
        - adding ingress::hdr.eth_hdr.dst_addr<48> ^0 ^bit[0..95] deparsed exact_containers [16:31]
    ...updating slice_lists
    ...updating slices_to_slice_lists
Merge wide arith super clusters
dfs_depth-1: decide to split out first 16 bits of [ ingress::hdr.eth_hdr.dst_addr<48> ^0 ^bit[0..111] deparsed exact_containers [0:31] ]
ENTER DFS: 2
dfs_depth-2: will split [ ingress::hdr.eth_hdr.dst_addr<48> ^0 ^bit[0..95] deparsed exact_containers [16:31] ]
possible slice choices: 
{new_split: 1, split_unref:0, n_avoidable_packings:0, size: 8}
{new_split: 0, split_unref:0, n_avoidable_packings:0, size: 16}
dfs_depth-2: possible choices: { 16 8 }
dfs_depth-2: try to split @16
Bit schema:
    ----------------
    [ ingress::hdr.eth_hdr.dst_addr<48> ^0 ^bit[0..95] deparsed exact_containers [16:31] ]


Merge wide arith super clusters
dfs_depth-2: decide to split out first 16 bits of [ ingress::hdr.eth_hdr.dst_addr<48> ^0 ^bit[0..95] deparsed exact_containers [16:31] ]
ENTER DFS: 3
found a solution after 4 steps
LEAVE DFS: 3
dfs_depth-2: try to split @8
Bit schema:
    --------1-------
    [ ingress::hdr.eth_hdr.dst_addr<48> ^0 ^bit[0..95] deparsed exact_containers [16:31] ]


    ...(0) found slice to split at idx 8: ingress::hdr.eth_hdr.dst_addr<48> ^0 ^bit[0..95] deparsed exact_containers [16:31]
    ...erasing ingress::hdr.eth_hdr.dst_addr<48> ^0 ^bit[0..95] deparsed exact_containers [16:31] in this slice list
    ...adding ingress::hdr.eth_hdr.dst_addr<48> ^0 ^bit[0..95] deparsed exact_containers [16:23] in this slice list
    ...adding ingress::hdr.eth_hdr.dst_addr<48> ^0 ^bit[0..87] deparsed exact_containers [24:31] in this slice list
    ...(0) adding to slice list: ingress::hdr.eth_hdr.dst_addr<48> ^0 ^bit[0..95] deparsed exact_containers [16:31]
    ...(0) starting new slice list
    ...erasing old cluster [[ingress::hdr.eth_hdr.dst_addr<48> ^0 ^bit[0..95] deparsed exact_containers [16:31]]]
    ...adding new lo cluster [[ingress::hdr.eth_hdr.dst_addr<48> ^0 ^bit[0..95] deparsed exact_containers [16:23]]]
    ...adding new hi cluster [[ingress::hdr.eth_hdr.dst_addr<48> ^0 ^bit[0..87] deparsed exact_containers [24:31]]]
    ...updating slices_to_clusters
        - erasing ingress::hdr.eth_hdr.dst_addr<48> ^0 ^bit[0..95] deparsed exact_containers [16:31]
        - adding ingress::hdr.eth_hdr.dst_addr<48> ^0 ^bit[0..95] deparsed exact_containers [16:23]
        - adding ingress::hdr.eth_hdr.dst_addr<48> ^0 ^bit[0..87] deparsed exact_containers [24:31]
    ...updating slice_lists
    ...updating slices_to_slice_lists
Merge wide arith super clusters
dfs_depth-2: decide to split out first 8 bits of [ ingress::hdr.eth_hdr.dst_addr<48> ^0 ^bit[0..95] deparsed exact_containers [16:31] ]
ENTER DFS: 3
found a solution after 5 steps
LEAVE DFS: 3
LEAVE DFS: 2
dfs_depth-1: try to split @8
Bit schema:
    --------1-----------------------
    [ ingress::hdr.eth_hdr.dst_addr<48> ^0 ^bit[0..111] deparsed exact_containers [0:31] ]


    ...(0) found slice to split at idx 8: ingress::hdr.eth_hdr.dst_addr<48> ^0 ^bit[0..111] deparsed exact_containers [0:31]
    ...erasing ingress::hdr.eth_hdr.dst_addr<48> ^0 ^bit[0..111] deparsed exact_containers [0:31] in this slice list
    ...adding ingress::hdr.eth_hdr.dst_addr<48> ^0 ^bit[0..111] deparsed exact_containers [0:7] in this slice list
    ...adding ingress::hdr.eth_hdr.dst_addr<48> ^0 ^bit[0..103] deparsed exact_containers [8:31] in this slice list
    ...(0) adding to slice list: ingress::hdr.eth_hdr.dst_addr<48> ^0 ^bit[0..111] deparsed exact_containers [0:31]
    ...(0) starting new slice list
    ...erasing old cluster [[ingress::hdr.eth_hdr.dst_addr<48> ^0 ^bit[0..111] deparsed exact_containers [0:31]]]
    ...adding new lo cluster [[ingress::hdr.eth_hdr.dst_addr<48> ^0 ^bit[0..111] deparsed exact_containers [0:7]]]
    ...adding new hi cluster [[ingress::hdr.eth_hdr.dst_addr<48> ^0 ^bit[0..103] deparsed exact_containers [8:31]]]
    ...updating slices_to_clusters
        - erasing ingress::hdr.eth_hdr.dst_addr<48> ^0 ^bit[0..111] deparsed exact_containers [0:31]
        - adding ingress::hdr.eth_hdr.dst_addr<48> ^0 ^bit[0..111] deparsed exact_containers [0:7]
        - adding ingress::hdr.eth_hdr.dst_addr<48> ^0 ^bit[0..103] deparsed exact_containers [8:31]
    ...updating slice_lists
    ...updating slices_to_slice_lists
Merge wide arith super clusters
dfs_depth-1: decide to split out first 8 bits of [ ingress::hdr.eth_hdr.dst_addr<48> ^0 ^bit[0..111] deparsed exact_containers [0:31] ]
ENTER DFS: 2
dfs_depth-2: will split [ ingress::hdr.eth_hdr.dst_addr<48> ^0 ^bit[0..103] deparsed exact_containers [8:31] ]
possible slice choices: 
{new_split: 1, split_unref:0, n_avoidable_packings:0, size: 8}
{new_split: 1, split_unref:0, n_avoidable_packings:0, size: 16}
dfs_depth-2: possible choices: { 16 8 }
dfs_depth-2: try to split @16
Bit schema:
    ----------------1-------
    [ ingress::hdr.eth_hdr.dst_addr<48> ^0 ^bit[0..103] deparsed exact_containers [8:31] ]


    ...(0) found slice to split at idx 16: ingress::hdr.eth_hdr.dst_addr<48> ^0 ^bit[0..103] deparsed exact_containers [8:31]
    ...erasing ingress::hdr.eth_hdr.dst_addr<48> ^0 ^bit[0..103] deparsed exact_containers [8:31] in this slice list
    ...adding ingress::hdr.eth_hdr.dst_addr<48> ^0 ^bit[0..103] deparsed exact_containers [8:23] in this slice list
    ...adding ingress::hdr.eth_hdr.dst_addr<48> ^0 ^bit[0..87] deparsed exact_containers [24:31] in this slice list
    ...(0) adding to slice list: ingress::hdr.eth_hdr.dst_addr<48> ^0 ^bit[0..103] deparsed exact_containers [8:31]
    ...(0) starting new slice list
    ...erasing old cluster [[ingress::hdr.eth_hdr.dst_addr<48> ^0 ^bit[0..103] deparsed exact_containers [8:31]]]
    ...adding new lo cluster [[ingress::hdr.eth_hdr.dst_addr<48> ^0 ^bit[0..103] deparsed exact_containers [8:23]]]
    ...adding new hi cluster [[ingress::hdr.eth_hdr.dst_addr<48> ^0 ^bit[0..87] deparsed exact_containers [24:31]]]
    ...updating slices_to_clusters
        - erasing ingress::hdr.eth_hdr.dst_addr<48> ^0 ^bit[0..103] deparsed exact_containers [8:31]
        - adding ingress::hdr.eth_hdr.dst_addr<48> ^0 ^bit[0..103] deparsed exact_containers [8:23]
        - adding ingress::hdr.eth_hdr.dst_addr<48> ^0 ^bit[0..87] deparsed exact_containers [24:31]
    ...updating slice_lists
    ...updating slices_to_slice_lists
Merge wide arith super clusters
dfs_depth-2: decide to split out first 16 bits of [ ingress::hdr.eth_hdr.dst_addr<48> ^0 ^bit[0..103] deparsed exact_containers [8:31] ]
ENTER DFS: 3
found a solution after 7 steps
LEAVE DFS: 3
dfs_depth-2: try to split @8
Bit schema:
    --------1---------------
    [ ingress::hdr.eth_hdr.dst_addr<48> ^0 ^bit[0..103] deparsed exact_containers [8:31] ]


    ...(0) found slice to split at idx 8: ingress::hdr.eth_hdr.dst_addr<48> ^0 ^bit[0..103] deparsed exact_containers [8:31]
    ...erasing ingress::hdr.eth_hdr.dst_addr<48> ^0 ^bit[0..103] deparsed exact_containers [8:31] in this slice list
    ...adding ingress::hdr.eth_hdr.dst_addr<48> ^0 ^bit[0..103] deparsed exact_containers [8:15] in this slice list
    ...adding ingress::hdr.eth_hdr.dst_addr<48> ^0 ^bit[0..95] deparsed exact_containers [16:31] in this slice list
    ...(0) adding to slice list: ingress::hdr.eth_hdr.dst_addr<48> ^0 ^bit[0..103] deparsed exact_containers [8:31]
    ...(0) starting new slice list
    ...erasing old cluster [[ingress::hdr.eth_hdr.dst_addr<48> ^0 ^bit[0..103] deparsed exact_containers [8:31]]]
    ...adding new lo cluster [[ingress::hdr.eth_hdr.dst_addr<48> ^0 ^bit[0..103] deparsed exact_containers [8:15]]]
    ...adding new hi cluster [[ingress::hdr.eth_hdr.dst_addr<48> ^0 ^bit[0..95] deparsed exact_containers [16:31]]]
    ...updating slices_to_clusters
        - erasing ingress::hdr.eth_hdr.dst_addr<48> ^0 ^bit[0..103] deparsed exact_containers [8:31]
        - adding ingress::hdr.eth_hdr.dst_addr<48> ^0 ^bit[0..103] deparsed exact_containers [8:15]
        - adding ingress::hdr.eth_hdr.dst_addr<48> ^0 ^bit[0..95] deparsed exact_containers [16:31]
    ...updating slice_lists
    ...updating slices_to_slice_lists
Merge wide arith super clusters
dfs_depth-2: decide to split out first 8 bits of [ ingress::hdr.eth_hdr.dst_addr<48> ^0 ^bit[0..103] deparsed exact_containers [8:31] ]
ENTER DFS: 3
dfs_depth-3: will split [ ingress::hdr.eth_hdr.dst_addr<48> ^0 ^bit[0..95] deparsed exact_containers [16:31] ]
possible slice choices: 
{new_split: 1, split_unref:0, n_avoidable_packings:0, size: 8}
{new_split: 0, split_unref:0, n_avoidable_packings:0, size: 16}
dfs_depth-3: possible choices: { 16 8 }
dfs_depth-3: try to split @16
Bit schema:
    ----------------
    [ ingress::hdr.eth_hdr.dst_addr<48> ^0 ^bit[0..95] deparsed exact_containers [16:31] ]


Merge wide arith super clusters
dfs_depth-3: decide to split out first 16 bits of [ ingress::hdr.eth_hdr.dst_addr<48> ^0 ^bit[0..95] deparsed exact_containers [16:31] ]
ENTER DFS: 4
found a solution after 9 steps
LEAVE DFS: 4
dfs_depth-3: try to split @8
Bit schema:
    --------1-------
    [ ingress::hdr.eth_hdr.dst_addr<48> ^0 ^bit[0..95] deparsed exact_containers [16:31] ]


    ...(0) found slice to split at idx 8: ingress::hdr.eth_hdr.dst_addr<48> ^0 ^bit[0..95] deparsed exact_containers [16:31]
    ...erasing ingress::hdr.eth_hdr.dst_addr<48> ^0 ^bit[0..95] deparsed exact_containers [16:31] in this slice list
    ...adding ingress::hdr.eth_hdr.dst_addr<48> ^0 ^bit[0..95] deparsed exact_containers [16:23] in this slice list
    ...adding ingress::hdr.eth_hdr.dst_addr<48> ^0 ^bit[0..87] deparsed exact_containers [24:31] in this slice list
    ...(0) adding to slice list: ingress::hdr.eth_hdr.dst_addr<48> ^0 ^bit[0..95] deparsed exact_containers [16:31]
    ...(0) starting new slice list
    ...erasing old cluster [[ingress::hdr.eth_hdr.dst_addr<48> ^0 ^bit[0..95] deparsed exact_containers [16:31]]]
    ...adding new lo cluster [[ingress::hdr.eth_hdr.dst_addr<48> ^0 ^bit[0..95] deparsed exact_containers [16:23]]]
    ...adding new hi cluster [[ingress::hdr.eth_hdr.dst_addr<48> ^0 ^bit[0..87] deparsed exact_containers [24:31]]]
    ...updating slices_to_clusters
        - erasing ingress::hdr.eth_hdr.dst_addr<48> ^0 ^bit[0..95] deparsed exact_containers [16:31]
        - adding ingress::hdr.eth_hdr.dst_addr<48> ^0 ^bit[0..95] deparsed exact_containers [16:23]
        - adding ingress::hdr.eth_hdr.dst_addr<48> ^0 ^bit[0..87] deparsed exact_containers [24:31]
    ...updating slice_lists
    ...updating slices_to_slice_lists
Merge wide arith super clusters
dfs_depth-3: decide to split out first 8 bits of [ ingress::hdr.eth_hdr.dst_addr<48> ^0 ^bit[0..95] deparsed exact_containers [16:31] ]
ENTER DFS: 4
found a solution after 10 steps
LEAVE DFS: 4
LEAVE DFS: 3
LEAVE DFS: 2
LEAVE DFS: 1
DFS Result: 1, n_steps_since_last_solution: 0, max_search_steps_per_solution: 524288
Making Itr for SUPERCLUSTER Uid: 221
    slice lists:	
        [ egress::hdr.min_parse_depth_padding_0[0].packet_payload<88> ^0 ^bit[0..87] deparsed exact_containers [0:31] ]
    rotational clusters:	
        [[egress::hdr.min_parse_depth_padding_0[0].packet_payload<88> ^0 ^bit[0..87] deparsed exact_containers [0:31]]]

Homogeneous slicing enabled: 0 Rejected slice options: 
pa_container_sz slicing schema: Bit schema:
    --------------------------------
    [ egress::hdr.min_parse_depth_padding_0[0].packet_payload<88> ^0 ^bit[0..87] deparsed exact_containers [0:31] ]


Bit schema:
    --------------------------------
    [ egress::hdr.min_parse_depth_padding_0[0].packet_payload<88> ^0 ^bit[0..87] deparsed exact_containers [0:31] ]


Merge wide arith super clusters
split by pa_container_size result: 
SUPERCLUSTER Uid: 438
    slice lists:	
        [ egress::hdr.min_parse_depth_padding_0[0].packet_payload<88> ^0 ^bit[0..87] deparsed exact_containers [0:31] ]
    rotational clusters:	
        [[egress::hdr.min_parse_depth_padding_0[0].packet_payload<88> ^0 ^bit[0..87] deparsed exact_containers [0:31]]]

split_by_adjacent_no_pack schema: Bit schema:
    --------------------------------
    [ egress::hdr.min_parse_depth_padding_0[0].packet_payload<88> ^0 ^bit[0..87] deparsed exact_containers [0:31] ]


Bit schema:
    --------------------------------
    [ egress::hdr.min_parse_depth_padding_0[0].packet_payload<88> ^0 ^bit[0..87] deparsed exact_containers [0:31] ]


Merge wide arith super clusters
after pre-split by adjacent_no_pack:
SUPERCLUSTER Uid: 439
    slice lists:	
        [ egress::hdr.min_parse_depth_padding_0[0].packet_payload<88> ^0 ^bit[0..87] deparsed exact_containers [0:31] ]
    rotational clusters:	
        [[egress::hdr.min_parse_depth_padding_0[0].packet_payload<88> ^0 ^bit[0..87] deparsed exact_containers [0:31]]]

split_by_deparsed_bottom_bits schema: Bit schema:
    --------------------------------
    [ egress::hdr.min_parse_depth_padding_0[0].packet_payload<88> ^0 ^bit[0..87] deparsed exact_containers [0:31] ]


Bit schema:
    --------------------------------
    [ egress::hdr.min_parse_depth_padding_0[0].packet_payload<88> ^0 ^bit[0..87] deparsed exact_containers [0:31] ]


Merge wide arith super clusters
after pre-split by deparsed_bottom_bits:
SUPERCLUSTER Uid: 440
    slice lists:	
        [ egress::hdr.min_parse_depth_padding_0[0].packet_payload<88> ^0 ^bit[0..87] deparsed exact_containers [0:31] ]
    rotational clusters:	
        [[egress::hdr.min_parse_depth_padding_0[0].packet_payload<88> ^0 ^bit[0..87] deparsed exact_containers [0:31]]]

split_by_adjacent_deparsed_and_non_deparsed schema: Bit schema:
    --------------------------------
    [ egress::hdr.min_parse_depth_padding_0[0].packet_payload<88> ^0 ^bit[0..87] deparsed exact_containers [0:31] ]


Bit schema:
    --------------------------------
    [ egress::hdr.min_parse_depth_padding_0[0].packet_payload<88> ^0 ^bit[0..87] deparsed exact_containers [0:31] ]


Merge wide arith super clusters
after pre-split by adjacent_deparsed_and_non_deparsed:
SUPERCLUSTER Uid: 441
    slice lists:	
        [ egress::hdr.min_parse_depth_padding_0[0].packet_payload<88> ^0 ^bit[0..87] deparsed exact_containers [0:31] ]
    rotational clusters:	
        [[egress::hdr.min_parse_depth_padding_0[0].packet_payload<88> ^0 ^bit[0..87] deparsed exact_containers [0:31]]]

split_parser_write_mode schema: Bit schema:
    --------------------------------
    [ egress::hdr.min_parse_depth_padding_0[0].packet_payload<88> ^0 ^bit[0..87] deparsed exact_containers [0:31] ]


Bit schema:
    --------------------------------
    [ egress::hdr.min_parse_depth_padding_0[0].packet_payload<88> ^0 ^bit[0..87] deparsed exact_containers [0:31] ]


Merge wide arith super clusters
after pre-split by parser_write_mode:
SUPERCLUSTER Uid: 442
    slice lists:	
        [ egress::hdr.min_parse_depth_padding_0[0].packet_payload<88> ^0 ^bit[0..87] deparsed exact_containers [0:31] ]
    rotational clusters:	
        [[egress::hdr.min_parse_depth_padding_0[0].packet_payload<88> ^0 ^bit[0..87] deparsed exact_containers [0:31]]]

ENTER DFS: 1
dfs_depth-1: will split [ egress::hdr.min_parse_depth_padding_0[0].packet_payload<88> ^0 ^bit[0..87] deparsed exact_containers [0:31] ]
possible slice choices: 
{new_split: 1, split_unref:0, n_avoidable_packings:0, size: 8}
{new_split: 1, split_unref:0, n_avoidable_packings:0, size: 16}
{new_split: 0, split_unref:0, n_avoidable_packings:0, size: 32}
dfs_depth-1: possible choices: { 32 16 8 }
dfs_depth-1: try to split @32
Bit schema:
    --------------------------------
    [ egress::hdr.min_parse_depth_padding_0[0].packet_payload<88> ^0 ^bit[0..87] deparsed exact_containers [0:31] ]


Merge wide arith super clusters
dfs_depth-1: decide to split out first 32 bits of [ egress::hdr.min_parse_depth_padding_0[0].packet_payload<88> ^0 ^bit[0..87] deparsed exact_containers [0:31] ]
ENTER DFS: 2
found a solution after 2 steps
LEAVE DFS: 2
dfs_depth-1: try to split @16
Bit schema:
    ----------------1---------------
    [ egress::hdr.min_parse_depth_padding_0[0].packet_payload<88> ^0 ^bit[0..87] deparsed exact_containers [0:31] ]


    ...(0) found slice to split at idx 16: egress::hdr.min_parse_depth_padding_0[0].packet_payload<88> ^0 ^bit[0..87] deparsed exact_containers [0:31]
    ...erasing egress::hdr.min_parse_depth_padding_0[0].packet_payload<88> ^0 ^bit[0..87] deparsed exact_containers [0:31] in this slice list
    ...adding egress::hdr.min_parse_depth_padding_0[0].packet_payload<88> ^0 ^bit[0..87] deparsed exact_containers [0:15] in this slice list
    ...adding egress::hdr.min_parse_depth_padding_0[0].packet_payload<88> ^0 ^bit[0..71] deparsed exact_containers [16:31] in this slice list
    ...(0) adding to slice list: egress::hdr.min_parse_depth_padding_0[0].packet_payload<88> ^0 ^bit[0..87] deparsed exact_containers [0:31]
    ...(0) starting new slice list
    ...erasing old cluster [[egress::hdr.min_parse_depth_padding_0[0].packet_payload<88> ^0 ^bit[0..87] deparsed exact_containers [0:31]]]
    ...adding new lo cluster [[egress::hdr.min_parse_depth_padding_0[0].packet_payload<88> ^0 ^bit[0..87] deparsed exact_containers [0:15]]]
    ...adding new hi cluster [[egress::hdr.min_parse_depth_padding_0[0].packet_payload<88> ^0 ^bit[0..71] deparsed exact_containers [16:31]]]
    ...updating slices_to_clusters
        - erasing egress::hdr.min_parse_depth_padding_0[0].packet_payload<88> ^0 ^bit[0..87] deparsed exact_containers [0:31]
        - adding egress::hdr.min_parse_depth_padding_0[0].packet_payload<88> ^0 ^bit[0..87] deparsed exact_containers [0:15]
        - adding egress::hdr.min_parse_depth_padding_0[0].packet_payload<88> ^0 ^bit[0..71] deparsed exact_containers [16:31]
    ...updating slice_lists
    ...updating slices_to_slice_lists
Merge wide arith super clusters
dfs_depth-1: decide to split out first 16 bits of [ egress::hdr.min_parse_depth_padding_0[0].packet_payload<88> ^0 ^bit[0..87] deparsed exact_containers [0:31] ]
ENTER DFS: 2
dfs_depth-2: will split [ egress::hdr.min_parse_depth_padding_0[0].packet_payload<88> ^0 ^bit[0..71] deparsed exact_containers [16:31] ]
possible slice choices: 
{new_split: 1, split_unref:0, n_avoidable_packings:0, size: 8}
{new_split: 0, split_unref:0, n_avoidable_packings:0, size: 16}
dfs_depth-2: possible choices: { 16 8 }
dfs_depth-2: try to split @16
Bit schema:
    ----------------
    [ egress::hdr.min_parse_depth_padding_0[0].packet_payload<88> ^0 ^bit[0..71] deparsed exact_containers [16:31] ]


Merge wide arith super clusters
dfs_depth-2: decide to split out first 16 bits of [ egress::hdr.min_parse_depth_padding_0[0].packet_payload<88> ^0 ^bit[0..71] deparsed exact_containers [16:31] ]
ENTER DFS: 3
found a solution after 4 steps
LEAVE DFS: 3
dfs_depth-2: try to split @8
Bit schema:
    --------1-------
    [ egress::hdr.min_parse_depth_padding_0[0].packet_payload<88> ^0 ^bit[0..71] deparsed exact_containers [16:31] ]


    ...(0) found slice to split at idx 8: egress::hdr.min_parse_depth_padding_0[0].packet_payload<88> ^0 ^bit[0..71] deparsed exact_containers [16:31]
    ...erasing egress::hdr.min_parse_depth_padding_0[0].packet_payload<88> ^0 ^bit[0..71] deparsed exact_containers [16:31] in this slice list
    ...adding egress::hdr.min_parse_depth_padding_0[0].packet_payload<88> ^0 ^bit[0..71] deparsed exact_containers [16:23] in this slice list
    ...adding egress::hdr.min_parse_depth_padding_0[0].packet_payload<88> ^0 ^bit[0..63] deparsed exact_containers [24:31] in this slice list
    ...(0) adding to slice list: egress::hdr.min_parse_depth_padding_0[0].packet_payload<88> ^0 ^bit[0..71] deparsed exact_containers [16:31]
    ...(0) starting new slice list
    ...erasing old cluster [[egress::hdr.min_parse_depth_padding_0[0].packet_payload<88> ^0 ^bit[0..71] deparsed exact_containers [16:31]]]
    ...adding new lo cluster [[egress::hdr.min_parse_depth_padding_0[0].packet_payload<88> ^0 ^bit[0..71] deparsed exact_containers [16:23]]]
    ...adding new hi cluster [[egress::hdr.min_parse_depth_padding_0[0].packet_payload<88> ^0 ^bit[0..63] deparsed exact_containers [24:31]]]
    ...updating slices_to_clusters
        - erasing egress::hdr.min_parse_depth_padding_0[0].packet_payload<88> ^0 ^bit[0..71] deparsed exact_containers [16:31]
        - adding egress::hdr.min_parse_depth_padding_0[0].packet_payload<88> ^0 ^bit[0..71] deparsed exact_containers [16:23]
        - adding egress::hdr.min_parse_depth_padding_0[0].packet_payload<88> ^0 ^bit[0..63] deparsed exact_containers [24:31]
    ...updating slice_lists
    ...updating slices_to_slice_lists
Merge wide arith super clusters
dfs_depth-2: decide to split out first 8 bits of [ egress::hdr.min_parse_depth_padding_0[0].packet_payload<88> ^0 ^bit[0..71] deparsed exact_containers [16:31] ]
ENTER DFS: 3
found a solution after 5 steps
LEAVE DFS: 3
LEAVE DFS: 2
dfs_depth-1: try to split @8
Bit schema:
    --------1-----------------------
    [ egress::hdr.min_parse_depth_padding_0[0].packet_payload<88> ^0 ^bit[0..87] deparsed exact_containers [0:31] ]


    ...(0) found slice to split at idx 8: egress::hdr.min_parse_depth_padding_0[0].packet_payload<88> ^0 ^bit[0..87] deparsed exact_containers [0:31]
    ...erasing egress::hdr.min_parse_depth_padding_0[0].packet_payload<88> ^0 ^bit[0..87] deparsed exact_containers [0:31] in this slice list
    ...adding egress::hdr.min_parse_depth_padding_0[0].packet_payload<88> ^0 ^bit[0..87] deparsed exact_containers [0:7] in this slice list
    ...adding egress::hdr.min_parse_depth_padding_0[0].packet_payload<88> ^0 ^bit[0..79] deparsed exact_containers [8:31] in this slice list
    ...(0) adding to slice list: egress::hdr.min_parse_depth_padding_0[0].packet_payload<88> ^0 ^bit[0..87] deparsed exact_containers [0:31]
    ...(0) starting new slice list
    ...erasing old cluster [[egress::hdr.min_parse_depth_padding_0[0].packet_payload<88> ^0 ^bit[0..87] deparsed exact_containers [0:31]]]
    ...adding new lo cluster [[egress::hdr.min_parse_depth_padding_0[0].packet_payload<88> ^0 ^bit[0..87] deparsed exact_containers [0:7]]]
    ...adding new hi cluster [[egress::hdr.min_parse_depth_padding_0[0].packet_payload<88> ^0 ^bit[0..79] deparsed exact_containers [8:31]]]
    ...updating slices_to_clusters
        - erasing egress::hdr.min_parse_depth_padding_0[0].packet_payload<88> ^0 ^bit[0..87] deparsed exact_containers [0:31]
        - adding egress::hdr.min_parse_depth_padding_0[0].packet_payload<88> ^0 ^bit[0..87] deparsed exact_containers [0:7]
        - adding egress::hdr.min_parse_depth_padding_0[0].packet_payload<88> ^0 ^bit[0..79] deparsed exact_containers [8:31]
    ...updating slice_lists
    ...updating slices_to_slice_lists
Merge wide arith super clusters
dfs_depth-1: decide to split out first 8 bits of [ egress::hdr.min_parse_depth_padding_0[0].packet_payload<88> ^0 ^bit[0..87] deparsed exact_containers [0:31] ]
ENTER DFS: 2
dfs_depth-2: will split [ egress::hdr.min_parse_depth_padding_0[0].packet_payload<88> ^0 ^bit[0..79] deparsed exact_containers [8:31] ]
possible slice choices: 
{new_split: 1, split_unref:0, n_avoidable_packings:0, size: 8}
{new_split: 1, split_unref:0, n_avoidable_packings:0, size: 16}
dfs_depth-2: possible choices: { 16 8 }
dfs_depth-2: try to split @16
Bit schema:
    ----------------1-------
    [ egress::hdr.min_parse_depth_padding_0[0].packet_payload<88> ^0 ^bit[0..79] deparsed exact_containers [8:31] ]


    ...(0) found slice to split at idx 16: egress::hdr.min_parse_depth_padding_0[0].packet_payload<88> ^0 ^bit[0..79] deparsed exact_containers [8:31]
    ...erasing egress::hdr.min_parse_depth_padding_0[0].packet_payload<88> ^0 ^bit[0..79] deparsed exact_containers [8:31] in this slice list
    ...adding egress::hdr.min_parse_depth_padding_0[0].packet_payload<88> ^0 ^bit[0..79] deparsed exact_containers [8:23] in this slice list
    ...adding egress::hdr.min_parse_depth_padding_0[0].packet_payload<88> ^0 ^bit[0..63] deparsed exact_containers [24:31] in this slice list
    ...(0) adding to slice list: egress::hdr.min_parse_depth_padding_0[0].packet_payload<88> ^0 ^bit[0..79] deparsed exact_containers [8:31]
    ...(0) starting new slice list
    ...erasing old cluster [[egress::hdr.min_parse_depth_padding_0[0].packet_payload<88> ^0 ^bit[0..79] deparsed exact_containers [8:31]]]
    ...adding new lo cluster [[egress::hdr.min_parse_depth_padding_0[0].packet_payload<88> ^0 ^bit[0..79] deparsed exact_containers [8:23]]]
    ...adding new hi cluster [[egress::hdr.min_parse_depth_padding_0[0].packet_payload<88> ^0 ^bit[0..63] deparsed exact_containers [24:31]]]
    ...updating slices_to_clusters
        - erasing egress::hdr.min_parse_depth_padding_0[0].packet_payload<88> ^0 ^bit[0..79] deparsed exact_containers [8:31]
        - adding egress::hdr.min_parse_depth_padding_0[0].packet_payload<88> ^0 ^bit[0..79] deparsed exact_containers [8:23]
        - adding egress::hdr.min_parse_depth_padding_0[0].packet_payload<88> ^0 ^bit[0..63] deparsed exact_containers [24:31]
    ...updating slice_lists
    ...updating slices_to_slice_lists
Merge wide arith super clusters
dfs_depth-2: decide to split out first 16 bits of [ egress::hdr.min_parse_depth_padding_0[0].packet_payload<88> ^0 ^bit[0..79] deparsed exact_containers [8:31] ]
ENTER DFS: 3
found a solution after 7 steps
LEAVE DFS: 3
dfs_depth-2: try to split @8
Bit schema:
    --------1---------------
    [ egress::hdr.min_parse_depth_padding_0[0].packet_payload<88> ^0 ^bit[0..79] deparsed exact_containers [8:31] ]


    ...(0) found slice to split at idx 8: egress::hdr.min_parse_depth_padding_0[0].packet_payload<88> ^0 ^bit[0..79] deparsed exact_containers [8:31]
    ...erasing egress::hdr.min_parse_depth_padding_0[0].packet_payload<88> ^0 ^bit[0..79] deparsed exact_containers [8:31] in this slice list
    ...adding egress::hdr.min_parse_depth_padding_0[0].packet_payload<88> ^0 ^bit[0..79] deparsed exact_containers [8:15] in this slice list
    ...adding egress::hdr.min_parse_depth_padding_0[0].packet_payload<88> ^0 ^bit[0..71] deparsed exact_containers [16:31] in this slice list
    ...(0) adding to slice list: egress::hdr.min_parse_depth_padding_0[0].packet_payload<88> ^0 ^bit[0..79] deparsed exact_containers [8:31]
    ...(0) starting new slice list
    ...erasing old cluster [[egress::hdr.min_parse_depth_padding_0[0].packet_payload<88> ^0 ^bit[0..79] deparsed exact_containers [8:31]]]
    ...adding new lo cluster [[egress::hdr.min_parse_depth_padding_0[0].packet_payload<88> ^0 ^bit[0..79] deparsed exact_containers [8:15]]]
    ...adding new hi cluster [[egress::hdr.min_parse_depth_padding_0[0].packet_payload<88> ^0 ^bit[0..71] deparsed exact_containers [16:31]]]
    ...updating slices_to_clusters
        - erasing egress::hdr.min_parse_depth_padding_0[0].packet_payload<88> ^0 ^bit[0..79] deparsed exact_containers [8:31]
        - adding egress::hdr.min_parse_depth_padding_0[0].packet_payload<88> ^0 ^bit[0..79] deparsed exact_containers [8:15]
        - adding egress::hdr.min_parse_depth_padding_0[0].packet_payload<88> ^0 ^bit[0..71] deparsed exact_containers [16:31]
    ...updating slice_lists
    ...updating slices_to_slice_lists
Merge wide arith super clusters
dfs_depth-2: decide to split out first 8 bits of [ egress::hdr.min_parse_depth_padding_0[0].packet_payload<88> ^0 ^bit[0..79] deparsed exact_containers [8:31] ]
ENTER DFS: 3
dfs_depth-3: will split [ egress::hdr.min_parse_depth_padding_0[0].packet_payload<88> ^0 ^bit[0..71] deparsed exact_containers [16:31] ]
possible slice choices: 
{new_split: 1, split_unref:0, n_avoidable_packings:0, size: 8}
{new_split: 0, split_unref:0, n_avoidable_packings:0, size: 16}
dfs_depth-3: possible choices: { 16 8 }
dfs_depth-3: try to split @16
Bit schema:
    ----------------
    [ egress::hdr.min_parse_depth_padding_0[0].packet_payload<88> ^0 ^bit[0..71] deparsed exact_containers [16:31] ]


Merge wide arith super clusters
dfs_depth-3: decide to split out first 16 bits of [ egress::hdr.min_parse_depth_padding_0[0].packet_payload<88> ^0 ^bit[0..71] deparsed exact_containers [16:31] ]
ENTER DFS: 4
found a solution after 9 steps
LEAVE DFS: 4
dfs_depth-3: try to split @8
Bit schema:
    --------1-------
    [ egress::hdr.min_parse_depth_padding_0[0].packet_payload<88> ^0 ^bit[0..71] deparsed exact_containers [16:31] ]


    ...(0) found slice to split at idx 8: egress::hdr.min_parse_depth_padding_0[0].packet_payload<88> ^0 ^bit[0..71] deparsed exact_containers [16:31]
    ...erasing egress::hdr.min_parse_depth_padding_0[0].packet_payload<88> ^0 ^bit[0..71] deparsed exact_containers [16:31] in this slice list
    ...adding egress::hdr.min_parse_depth_padding_0[0].packet_payload<88> ^0 ^bit[0..71] deparsed exact_containers [16:23] in this slice list
    ...adding egress::hdr.min_parse_depth_padding_0[0].packet_payload<88> ^0 ^bit[0..63] deparsed exact_containers [24:31] in this slice list
    ...(0) adding to slice list: egress::hdr.min_parse_depth_padding_0[0].packet_payload<88> ^0 ^bit[0..71] deparsed exact_containers [16:31]
    ...(0) starting new slice list
    ...erasing old cluster [[egress::hdr.min_parse_depth_padding_0[0].packet_payload<88> ^0 ^bit[0..71] deparsed exact_containers [16:31]]]
    ...adding new lo cluster [[egress::hdr.min_parse_depth_padding_0[0].packet_payload<88> ^0 ^bit[0..71] deparsed exact_containers [16:23]]]
    ...adding new hi cluster [[egress::hdr.min_parse_depth_padding_0[0].packet_payload<88> ^0 ^bit[0..63] deparsed exact_containers [24:31]]]
    ...updating slices_to_clusters
        - erasing egress::hdr.min_parse_depth_padding_0[0].packet_payload<88> ^0 ^bit[0..71] deparsed exact_containers [16:31]
        - adding egress::hdr.min_parse_depth_padding_0[0].packet_payload<88> ^0 ^bit[0..71] deparsed exact_containers [16:23]
        - adding egress::hdr.min_parse_depth_padding_0[0].packet_payload<88> ^0 ^bit[0..63] deparsed exact_containers [24:31]
    ...updating slice_lists
    ...updating slices_to_slice_lists
Merge wide arith super clusters
dfs_depth-3: decide to split out first 8 bits of [ egress::hdr.min_parse_depth_padding_0[0].packet_payload<88> ^0 ^bit[0..71] deparsed exact_containers [16:31] ]
ENTER DFS: 4
found a solution after 10 steps
LEAVE DFS: 4
LEAVE DFS: 3
LEAVE DFS: 2
LEAVE DFS: 1
DFS Result: 1, n_steps_since_last_solution: 0, max_search_steps_per_solution: 524288
Making Itr for SUPERCLUSTER Uid: 227
    slice lists:	
        [ egress::hdr.min_parse_depth_padding_0[0].packet_payload<88> ^0 ^bit[0..55] deparsed exact_containers [32:63] ]
    rotational clusters:	
        [[egress::hdr.min_parse_depth_padding_0[0].packet_payload<88> ^0 ^bit[0..55] deparsed exact_containers [32:63]]]

Homogeneous slicing enabled: 0 Rejected slice options: 
pa_container_sz slicing schema: Bit schema:
    --------------------------------
    [ egress::hdr.min_parse_depth_padding_0[0].packet_payload<88> ^0 ^bit[0..55] deparsed exact_containers [32:63] ]


Bit schema:
    --------------------------------
    [ egress::hdr.min_parse_depth_padding_0[0].packet_payload<88> ^0 ^bit[0..55] deparsed exact_containers [32:63] ]


Merge wide arith super clusters
split by pa_container_size result: 
SUPERCLUSTER Uid: 482
    slice lists:	
        [ egress::hdr.min_parse_depth_padding_0[0].packet_payload<88> ^0 ^bit[0..55] deparsed exact_containers [32:63] ]
    rotational clusters:	
        [[egress::hdr.min_parse_depth_padding_0[0].packet_payload<88> ^0 ^bit[0..55] deparsed exact_containers [32:63]]]

split_by_adjacent_no_pack schema: Bit schema:
    --------------------------------
    [ egress::hdr.min_parse_depth_padding_0[0].packet_payload<88> ^0 ^bit[0..55] deparsed exact_containers [32:63] ]


Bit schema:
    --------------------------------
    [ egress::hdr.min_parse_depth_padding_0[0].packet_payload<88> ^0 ^bit[0..55] deparsed exact_containers [32:63] ]


Merge wide arith super clusters
after pre-split by adjacent_no_pack:
SUPERCLUSTER Uid: 483
    slice lists:	
        [ egress::hdr.min_parse_depth_padding_0[0].packet_payload<88> ^0 ^bit[0..55] deparsed exact_containers [32:63] ]
    rotational clusters:	
        [[egress::hdr.min_parse_depth_padding_0[0].packet_payload<88> ^0 ^bit[0..55] deparsed exact_containers [32:63]]]

split_by_deparsed_bottom_bits schema: Bit schema:
    --------------------------------
    [ egress::hdr.min_parse_depth_padding_0[0].packet_payload<88> ^0 ^bit[0..55] deparsed exact_containers [32:63] ]


Bit schema:
    --------------------------------
    [ egress::hdr.min_parse_depth_padding_0[0].packet_payload<88> ^0 ^bit[0..55] deparsed exact_containers [32:63] ]


Merge wide arith super clusters
after pre-split by deparsed_bottom_bits:
SUPERCLUSTER Uid: 484
    slice lists:	
        [ egress::hdr.min_parse_depth_padding_0[0].packet_payload<88> ^0 ^bit[0..55] deparsed exact_containers [32:63] ]
    rotational clusters:	
        [[egress::hdr.min_parse_depth_padding_0[0].packet_payload<88> ^0 ^bit[0..55] deparsed exact_containers [32:63]]]

split_by_adjacent_deparsed_and_non_deparsed schema: Bit schema:
    --------------------------------
    [ egress::hdr.min_parse_depth_padding_0[0].packet_payload<88> ^0 ^bit[0..55] deparsed exact_containers [32:63] ]


Bit schema:
    --------------------------------
    [ egress::hdr.min_parse_depth_padding_0[0].packet_payload<88> ^0 ^bit[0..55] deparsed exact_containers [32:63] ]


Merge wide arith super clusters
after pre-split by adjacent_deparsed_and_non_deparsed:
SUPERCLUSTER Uid: 485
    slice lists:	
        [ egress::hdr.min_parse_depth_padding_0[0].packet_payload<88> ^0 ^bit[0..55] deparsed exact_containers [32:63] ]
    rotational clusters:	
        [[egress::hdr.min_parse_depth_padding_0[0].packet_payload<88> ^0 ^bit[0..55] deparsed exact_containers [32:63]]]

split_parser_write_mode schema: Bit schema:
    --------------------------------
    [ egress::hdr.min_parse_depth_padding_0[0].packet_payload<88> ^0 ^bit[0..55] deparsed exact_containers [32:63] ]


Bit schema:
    --------------------------------
    [ egress::hdr.min_parse_depth_padding_0[0].packet_payload<88> ^0 ^bit[0..55] deparsed exact_containers [32:63] ]


Merge wide arith super clusters
after pre-split by parser_write_mode:
SUPERCLUSTER Uid: 486
    slice lists:	
        [ egress::hdr.min_parse_depth_padding_0[0].packet_payload<88> ^0 ^bit[0..55] deparsed exact_containers [32:63] ]
    rotational clusters:	
        [[egress::hdr.min_parse_depth_padding_0[0].packet_payload<88> ^0 ^bit[0..55] deparsed exact_containers [32:63]]]

ENTER DFS: 1
dfs_depth-1: will split [ egress::hdr.min_parse_depth_padding_0[0].packet_payload<88> ^0 ^bit[0..55] deparsed exact_containers [32:63] ]
possible slice choices: 
{new_split: 1, split_unref:0, n_avoidable_packings:0, size: 8}
{new_split: 1, split_unref:0, n_avoidable_packings:0, size: 16}
{new_split: 0, split_unref:0, n_avoidable_packings:0, size: 32}
dfs_depth-1: possible choices: { 32 16 8 }
dfs_depth-1: try to split @32
Bit schema:
    --------------------------------
    [ egress::hdr.min_parse_depth_padding_0[0].packet_payload<88> ^0 ^bit[0..55] deparsed exact_containers [32:63] ]


Merge wide arith super clusters
dfs_depth-1: decide to split out first 32 bits of [ egress::hdr.min_parse_depth_padding_0[0].packet_payload<88> ^0 ^bit[0..55] deparsed exact_containers [32:63] ]
ENTER DFS: 2
found a solution after 2 steps
LEAVE DFS: 2
dfs_depth-1: try to split @16
Bit schema:
    ----------------1---------------
    [ egress::hdr.min_parse_depth_padding_0[0].packet_payload<88> ^0 ^bit[0..55] deparsed exact_containers [32:63] ]


    ...(0) found slice to split at idx 16: egress::hdr.min_parse_depth_padding_0[0].packet_payload<88> ^0 ^bit[0..55] deparsed exact_containers [32:63]
    ...erasing egress::hdr.min_parse_depth_padding_0[0].packet_payload<88> ^0 ^bit[0..55] deparsed exact_containers [32:63] in this slice list
    ...adding egress::hdr.min_parse_depth_padding_0[0].packet_payload<88> ^0 ^bit[0..55] deparsed exact_containers [32:47] in this slice list
    ...adding egress::hdr.min_parse_depth_padding_0[0].packet_payload<88> ^0 ^bit[0..39] deparsed exact_containers [48:63] in this slice list
    ...(0) adding to slice list: egress::hdr.min_parse_depth_padding_0[0].packet_payload<88> ^0 ^bit[0..55] deparsed exact_containers [32:63]
    ...(0) starting new slice list
    ...erasing old cluster [[egress::hdr.min_parse_depth_padding_0[0].packet_payload<88> ^0 ^bit[0..55] deparsed exact_containers [32:63]]]
    ...adding new lo cluster [[egress::hdr.min_parse_depth_padding_0[0].packet_payload<88> ^0 ^bit[0..55] deparsed exact_containers [32:47]]]
    ...adding new hi cluster [[egress::hdr.min_parse_depth_padding_0[0].packet_payload<88> ^0 ^bit[0..39] deparsed exact_containers [48:63]]]
    ...updating slices_to_clusters
        - erasing egress::hdr.min_parse_depth_padding_0[0].packet_payload<88> ^0 ^bit[0..55] deparsed exact_containers [32:63]
        - adding egress::hdr.min_parse_depth_padding_0[0].packet_payload<88> ^0 ^bit[0..55] deparsed exact_containers [32:47]
        - adding egress::hdr.min_parse_depth_padding_0[0].packet_payload<88> ^0 ^bit[0..39] deparsed exact_containers [48:63]
    ...updating slice_lists
    ...updating slices_to_slice_lists
Merge wide arith super clusters
dfs_depth-1: decide to split out first 16 bits of [ egress::hdr.min_parse_depth_padding_0[0].packet_payload<88> ^0 ^bit[0..55] deparsed exact_containers [32:63] ]
ENTER DFS: 2
dfs_depth-2: will split [ egress::hdr.min_parse_depth_padding_0[0].packet_payload<88> ^0 ^bit[0..39] deparsed exact_containers [48:63] ]
possible slice choices: 
{new_split: 1, split_unref:0, n_avoidable_packings:0, size: 8}
{new_split: 0, split_unref:0, n_avoidable_packings:0, size: 16}
dfs_depth-2: possible choices: { 16 8 }
dfs_depth-2: try to split @16
Bit schema:
    ----------------
    [ egress::hdr.min_parse_depth_padding_0[0].packet_payload<88> ^0 ^bit[0..39] deparsed exact_containers [48:63] ]


Merge wide arith super clusters
dfs_depth-2: decide to split out first 16 bits of [ egress::hdr.min_parse_depth_padding_0[0].packet_payload<88> ^0 ^bit[0..39] deparsed exact_containers [48:63] ]
ENTER DFS: 3
found a solution after 4 steps
LEAVE DFS: 3
dfs_depth-2: try to split @8
Bit schema:
    --------1-------
    [ egress::hdr.min_parse_depth_padding_0[0].packet_payload<88> ^0 ^bit[0..39] deparsed exact_containers [48:63] ]


    ...(0) found slice to split at idx 8: egress::hdr.min_parse_depth_padding_0[0].packet_payload<88> ^0 ^bit[0..39] deparsed exact_containers [48:63]
    ...erasing egress::hdr.min_parse_depth_padding_0[0].packet_payload<88> ^0 ^bit[0..39] deparsed exact_containers [48:63] in this slice list
    ...adding egress::hdr.min_parse_depth_padding_0[0].packet_payload<88> ^0 ^bit[0..39] deparsed exact_containers [48:55] in this slice list
    ...adding egress::hdr.min_parse_depth_padding_0[0].packet_payload<88> ^0 ^bit[0..31] deparsed exact_containers [56:63] in this slice list
    ...(0) adding to slice list: egress::hdr.min_parse_depth_padding_0[0].packet_payload<88> ^0 ^bit[0..39] deparsed exact_containers [48:63]
    ...(0) starting new slice list
    ...erasing old cluster [[egress::hdr.min_parse_depth_padding_0[0].packet_payload<88> ^0 ^bit[0..39] deparsed exact_containers [48:63]]]
    ...adding new lo cluster [[egress::hdr.min_parse_depth_padding_0[0].packet_payload<88> ^0 ^bit[0..39] deparsed exact_containers [48:55]]]
    ...adding new hi cluster [[egress::hdr.min_parse_depth_padding_0[0].packet_payload<88> ^0 ^bit[0..31] deparsed exact_containers [56:63]]]
    ...updating slices_to_clusters
        - erasing egress::hdr.min_parse_depth_padding_0[0].packet_payload<88> ^0 ^bit[0..39] deparsed exact_containers [48:63]
        - adding egress::hdr.min_parse_depth_padding_0[0].packet_payload<88> ^0 ^bit[0..39] deparsed exact_containers [48:55]
        - adding egress::hdr.min_parse_depth_padding_0[0].packet_payload<88> ^0 ^bit[0..31] deparsed exact_containers [56:63]
    ...updating slice_lists
    ...updating slices_to_slice_lists
Merge wide arith super clusters
dfs_depth-2: decide to split out first 8 bits of [ egress::hdr.min_parse_depth_padding_0[0].packet_payload<88> ^0 ^bit[0..39] deparsed exact_containers [48:63] ]
ENTER DFS: 3
found a solution after 5 steps
LEAVE DFS: 3
LEAVE DFS: 2
dfs_depth-1: try to split @8
Bit schema:
    --------1-----------------------
    [ egress::hdr.min_parse_depth_padding_0[0].packet_payload<88> ^0 ^bit[0..55] deparsed exact_containers [32:63] ]


    ...(0) found slice to split at idx 8: egress::hdr.min_parse_depth_padding_0[0].packet_payload<88> ^0 ^bit[0..55] deparsed exact_containers [32:63]
    ...erasing egress::hdr.min_parse_depth_padding_0[0].packet_payload<88> ^0 ^bit[0..55] deparsed exact_containers [32:63] in this slice list
    ...adding egress::hdr.min_parse_depth_padding_0[0].packet_payload<88> ^0 ^bit[0..55] deparsed exact_containers [32:39] in this slice list
    ...adding egress::hdr.min_parse_depth_padding_0[0].packet_payload<88> ^0 ^bit[0..47] deparsed exact_containers [40:63] in this slice list
    ...(0) adding to slice list: egress::hdr.min_parse_depth_padding_0[0].packet_payload<88> ^0 ^bit[0..55] deparsed exact_containers [32:63]
    ...(0) starting new slice list
    ...erasing old cluster [[egress::hdr.min_parse_depth_padding_0[0].packet_payload<88> ^0 ^bit[0..55] deparsed exact_containers [32:63]]]
    ...adding new lo cluster [[egress::hdr.min_parse_depth_padding_0[0].packet_payload<88> ^0 ^bit[0..55] deparsed exact_containers [32:39]]]
    ...adding new hi cluster [[egress::hdr.min_parse_depth_padding_0[0].packet_payload<88> ^0 ^bit[0..47] deparsed exact_containers [40:63]]]
    ...updating slices_to_clusters
        - erasing egress::hdr.min_parse_depth_padding_0[0].packet_payload<88> ^0 ^bit[0..55] deparsed exact_containers [32:63]
        - adding egress::hdr.min_parse_depth_padding_0[0].packet_payload<88> ^0 ^bit[0..55] deparsed exact_containers [32:39]
        - adding egress::hdr.min_parse_depth_padding_0[0].packet_payload<88> ^0 ^bit[0..47] deparsed exact_containers [40:63]
    ...updating slice_lists
    ...updating slices_to_slice_lists
Merge wide arith super clusters
dfs_depth-1: decide to split out first 8 bits of [ egress::hdr.min_parse_depth_padding_0[0].packet_payload<88> ^0 ^bit[0..55] deparsed exact_containers [32:63] ]
ENTER DFS: 2
dfs_depth-2: will split [ egress::hdr.min_parse_depth_padding_0[0].packet_payload<88> ^0 ^bit[0..47] deparsed exact_containers [40:63] ]
possible slice choices: 
{new_split: 1, split_unref:0, n_avoidable_packings:0, size: 8}
{new_split: 1, split_unref:0, n_avoidable_packings:0, size: 16}
dfs_depth-2: possible choices: { 16 8 }
dfs_depth-2: try to split @16
Bit schema:
    ----------------1-------
    [ egress::hdr.min_parse_depth_padding_0[0].packet_payload<88> ^0 ^bit[0..47] deparsed exact_containers [40:63] ]


    ...(0) found slice to split at idx 16: egress::hdr.min_parse_depth_padding_0[0].packet_payload<88> ^0 ^bit[0..47] deparsed exact_containers [40:63]
    ...erasing egress::hdr.min_parse_depth_padding_0[0].packet_payload<88> ^0 ^bit[0..47] deparsed exact_containers [40:63] in this slice list
    ...adding egress::hdr.min_parse_depth_padding_0[0].packet_payload<88> ^0 ^bit[0..47] deparsed exact_containers [40:55] in this slice list
    ...adding egress::hdr.min_parse_depth_padding_0[0].packet_payload<88> ^0 ^bit[0..31] deparsed exact_containers [56:63] in this slice list
    ...(0) adding to slice list: egress::hdr.min_parse_depth_padding_0[0].packet_payload<88> ^0 ^bit[0..47] deparsed exact_containers [40:63]
    ...(0) starting new slice list
    ...erasing old cluster [[egress::hdr.min_parse_depth_padding_0[0].packet_payload<88> ^0 ^bit[0..47] deparsed exact_containers [40:63]]]
    ...adding new lo cluster [[egress::hdr.min_parse_depth_padding_0[0].packet_payload<88> ^0 ^bit[0..47] deparsed exact_containers [40:55]]]
    ...adding new hi cluster [[egress::hdr.min_parse_depth_padding_0[0].packet_payload<88> ^0 ^bit[0..31] deparsed exact_containers [56:63]]]
    ...updating slices_to_clusters
        - erasing egress::hdr.min_parse_depth_padding_0[0].packet_payload<88> ^0 ^bit[0..47] deparsed exact_containers [40:63]
        - adding egress::hdr.min_parse_depth_padding_0[0].packet_payload<88> ^0 ^bit[0..47] deparsed exact_containers [40:55]
        - adding egress::hdr.min_parse_depth_padding_0[0].packet_payload<88> ^0 ^bit[0..31] deparsed exact_containers [56:63]
    ...updating slice_lists
    ...updating slices_to_slice_lists
Merge wide arith super clusters
dfs_depth-2: decide to split out first 16 bits of [ egress::hdr.min_parse_depth_padding_0[0].packet_payload<88> ^0 ^bit[0..47] deparsed exact_containers [40:63] ]
ENTER DFS: 3
found a solution after 7 steps
LEAVE DFS: 3
dfs_depth-2: try to split @8
Bit schema:
    --------1---------------
    [ egress::hdr.min_parse_depth_padding_0[0].packet_payload<88> ^0 ^bit[0..47] deparsed exact_containers [40:63] ]


    ...(0) found slice to split at idx 8: egress::hdr.min_parse_depth_padding_0[0].packet_payload<88> ^0 ^bit[0..47] deparsed exact_containers [40:63]
    ...erasing egress::hdr.min_parse_depth_padding_0[0].packet_payload<88> ^0 ^bit[0..47] deparsed exact_containers [40:63] in this slice list
    ...adding egress::hdr.min_parse_depth_padding_0[0].packet_payload<88> ^0 ^bit[0..47] deparsed exact_containers [40:47] in this slice list
    ...adding egress::hdr.min_parse_depth_padding_0[0].packet_payload<88> ^0 ^bit[0..39] deparsed exact_containers [48:63] in this slice list
    ...(0) adding to slice list: egress::hdr.min_parse_depth_padding_0[0].packet_payload<88> ^0 ^bit[0..47] deparsed exact_containers [40:63]
    ...(0) starting new slice list
    ...erasing old cluster [[egress::hdr.min_parse_depth_padding_0[0].packet_payload<88> ^0 ^bit[0..47] deparsed exact_containers [40:63]]]
    ...adding new lo cluster [[egress::hdr.min_parse_depth_padding_0[0].packet_payload<88> ^0 ^bit[0..47] deparsed exact_containers [40:47]]]
    ...adding new hi cluster [[egress::hdr.min_parse_depth_padding_0[0].packet_payload<88> ^0 ^bit[0..39] deparsed exact_containers [48:63]]]
    ...updating slices_to_clusters
        - erasing egress::hdr.min_parse_depth_padding_0[0].packet_payload<88> ^0 ^bit[0..47] deparsed exact_containers [40:63]
        - adding egress::hdr.min_parse_depth_padding_0[0].packet_payload<88> ^0 ^bit[0..47] deparsed exact_containers [40:47]
        - adding egress::hdr.min_parse_depth_padding_0[0].packet_payload<88> ^0 ^bit[0..39] deparsed exact_containers [48:63]
    ...updating slice_lists
    ...updating slices_to_slice_lists
Merge wide arith super clusters
dfs_depth-2: decide to split out first 8 bits of [ egress::hdr.min_parse_depth_padding_0[0].packet_payload<88> ^0 ^bit[0..47] deparsed exact_containers [40:63] ]
ENTER DFS: 3
dfs_depth-3: will split [ egress::hdr.min_parse_depth_padding_0[0].packet_payload<88> ^0 ^bit[0..39] deparsed exact_containers [48:63] ]
possible slice choices: 
{new_split: 1, split_unref:0, n_avoidable_packings:0, size: 8}
{new_split: 0, split_unref:0, n_avoidable_packings:0, size: 16}
dfs_depth-3: possible choices: { 16 8 }
dfs_depth-3: try to split @16
Bit schema:
    ----------------
    [ egress::hdr.min_parse_depth_padding_0[0].packet_payload<88> ^0 ^bit[0..39] deparsed exact_containers [48:63] ]


Merge wide arith super clusters
dfs_depth-3: decide to split out first 16 bits of [ egress::hdr.min_parse_depth_padding_0[0].packet_payload<88> ^0 ^bit[0..39] deparsed exact_containers [48:63] ]
ENTER DFS: 4
found a solution after 9 steps
LEAVE DFS: 4
dfs_depth-3: try to split @8
Bit schema:
    --------1-------
    [ egress::hdr.min_parse_depth_padding_0[0].packet_payload<88> ^0 ^bit[0..39] deparsed exact_containers [48:63] ]


    ...(0) found slice to split at idx 8: egress::hdr.min_parse_depth_padding_0[0].packet_payload<88> ^0 ^bit[0..39] deparsed exact_containers [48:63]
    ...erasing egress::hdr.min_parse_depth_padding_0[0].packet_payload<88> ^0 ^bit[0..39] deparsed exact_containers [48:63] in this slice list
    ...adding egress::hdr.min_parse_depth_padding_0[0].packet_payload<88> ^0 ^bit[0..39] deparsed exact_containers [48:55] in this slice list
    ...adding egress::hdr.min_parse_depth_padding_0[0].packet_payload<88> ^0 ^bit[0..31] deparsed exact_containers [56:63] in this slice list
    ...(0) adding to slice list: egress::hdr.min_parse_depth_padding_0[0].packet_payload<88> ^0 ^bit[0..39] deparsed exact_containers [48:63]
    ...(0) starting new slice list
    ...erasing old cluster [[egress::hdr.min_parse_depth_padding_0[0].packet_payload<88> ^0 ^bit[0..39] deparsed exact_containers [48:63]]]
    ...adding new lo cluster [[egress::hdr.min_parse_depth_padding_0[0].packet_payload<88> ^0 ^bit[0..39] deparsed exact_containers [48:55]]]
    ...adding new hi cluster [[egress::hdr.min_parse_depth_padding_0[0].packet_payload<88> ^0 ^bit[0..31] deparsed exact_containers [56:63]]]
    ...updating slices_to_clusters
        - erasing egress::hdr.min_parse_depth_padding_0[0].packet_payload<88> ^0 ^bit[0..39] deparsed exact_containers [48:63]
        - adding egress::hdr.min_parse_depth_padding_0[0].packet_payload<88> ^0 ^bit[0..39] deparsed exact_containers [48:55]
        - adding egress::hdr.min_parse_depth_padding_0[0].packet_payload<88> ^0 ^bit[0..31] deparsed exact_containers [56:63]
    ...updating slice_lists
    ...updating slices_to_slice_lists
Merge wide arith super clusters
dfs_depth-3: decide to split out first 8 bits of [ egress::hdr.min_parse_depth_padding_0[0].packet_payload<88> ^0 ^bit[0..39] deparsed exact_containers [48:63] ]
ENTER DFS: 4
found a solution after 10 steps
LEAVE DFS: 4
LEAVE DFS: 3
LEAVE DFS: 2
LEAVE DFS: 1
DFS Result: 1, n_steps_since_last_solution: 0, max_search_steps_per_solution: 524288
Making Itr for SUPERCLUSTER Uid: 244
    slice lists:	
        [ egress::hdr.min_parse_depth_padding_0[1].packet_payload<88> ^0 ^bit[0..87] deparsed exact_containers [0:31] ]
    rotational clusters:	
        [[egress::hdr.min_parse_depth_padding_0[1].packet_payload<88> ^0 ^bit[0..87] deparsed exact_containers [0:31]]]

Homogeneous slicing enabled: 0 Rejected slice options: 
pa_container_sz slicing schema: Bit schema:
    --------------------------------
    [ egress::hdr.min_parse_depth_padding_0[1].packet_payload<88> ^0 ^bit[0..87] deparsed exact_containers [0:31] ]


Bit schema:
    --------------------------------
    [ egress::hdr.min_parse_depth_padding_0[1].packet_payload<88> ^0 ^bit[0..87] deparsed exact_containers [0:31] ]


Merge wide arith super clusters
split by pa_container_size result: 
SUPERCLUSTER Uid: 526
    slice lists:	
        [ egress::hdr.min_parse_depth_padding_0[1].packet_payload<88> ^0 ^bit[0..87] deparsed exact_containers [0:31] ]
    rotational clusters:	
        [[egress::hdr.min_parse_depth_padding_0[1].packet_payload<88> ^0 ^bit[0..87] deparsed exact_containers [0:31]]]

split_by_adjacent_no_pack schema: Bit schema:
    --------------------------------
    [ egress::hdr.min_parse_depth_padding_0[1].packet_payload<88> ^0 ^bit[0..87] deparsed exact_containers [0:31] ]


Bit schema:
    --------------------------------
    [ egress::hdr.min_parse_depth_padding_0[1].packet_payload<88> ^0 ^bit[0..87] deparsed exact_containers [0:31] ]


Merge wide arith super clusters
after pre-split by adjacent_no_pack:
SUPERCLUSTER Uid: 527
    slice lists:	
        [ egress::hdr.min_parse_depth_padding_0[1].packet_payload<88> ^0 ^bit[0..87] deparsed exact_containers [0:31] ]
    rotational clusters:	
        [[egress::hdr.min_parse_depth_padding_0[1].packet_payload<88> ^0 ^bit[0..87] deparsed exact_containers [0:31]]]

split_by_deparsed_bottom_bits schema: Bit schema:
    --------------------------------
    [ egress::hdr.min_parse_depth_padding_0[1].packet_payload<88> ^0 ^bit[0..87] deparsed exact_containers [0:31] ]


Bit schema:
    --------------------------------
    [ egress::hdr.min_parse_depth_padding_0[1].packet_payload<88> ^0 ^bit[0..87] deparsed exact_containers [0:31] ]


Merge wide arith super clusters
after pre-split by deparsed_bottom_bits:
SUPERCLUSTER Uid: 528
    slice lists:	
        [ egress::hdr.min_parse_depth_padding_0[1].packet_payload<88> ^0 ^bit[0..87] deparsed exact_containers [0:31] ]
    rotational clusters:	
        [[egress::hdr.min_parse_depth_padding_0[1].packet_payload<88> ^0 ^bit[0..87] deparsed exact_containers [0:31]]]

split_by_adjacent_deparsed_and_non_deparsed schema: Bit schema:
    --------------------------------
    [ egress::hdr.min_parse_depth_padding_0[1].packet_payload<88> ^0 ^bit[0..87] deparsed exact_containers [0:31] ]


Bit schema:
    --------------------------------
    [ egress::hdr.min_parse_depth_padding_0[1].packet_payload<88> ^0 ^bit[0..87] deparsed exact_containers [0:31] ]


Merge wide arith super clusters
after pre-split by adjacent_deparsed_and_non_deparsed:
SUPERCLUSTER Uid: 529
    slice lists:	
        [ egress::hdr.min_parse_depth_padding_0[1].packet_payload<88> ^0 ^bit[0..87] deparsed exact_containers [0:31] ]
    rotational clusters:	
        [[egress::hdr.min_parse_depth_padding_0[1].packet_payload<88> ^0 ^bit[0..87] deparsed exact_containers [0:31]]]

split_parser_write_mode schema: Bit schema:
    --------------------------------
    [ egress::hdr.min_parse_depth_padding_0[1].packet_payload<88> ^0 ^bit[0..87] deparsed exact_containers [0:31] ]


Bit schema:
    --------------------------------
    [ egress::hdr.min_parse_depth_padding_0[1].packet_payload<88> ^0 ^bit[0..87] deparsed exact_containers [0:31] ]


Merge wide arith super clusters
after pre-split by parser_write_mode:
SUPERCLUSTER Uid: 530
    slice lists:	
        [ egress::hdr.min_parse_depth_padding_0[1].packet_payload<88> ^0 ^bit[0..87] deparsed exact_containers [0:31] ]
    rotational clusters:	
        [[egress::hdr.min_parse_depth_padding_0[1].packet_payload<88> ^0 ^bit[0..87] deparsed exact_containers [0:31]]]

ENTER DFS: 1
dfs_depth-1: will split [ egress::hdr.min_parse_depth_padding_0[1].packet_payload<88> ^0 ^bit[0..87] deparsed exact_containers [0:31] ]
possible slice choices: 
{new_split: 1, split_unref:0, n_avoidable_packings:0, size: 8}
{new_split: 1, split_unref:0, n_avoidable_packings:0, size: 16}
{new_split: 0, split_unref:0, n_avoidable_packings:0, size: 32}
dfs_depth-1: possible choices: { 32 16 8 }
dfs_depth-1: try to split @32
Bit schema:
    --------------------------------
    [ egress::hdr.min_parse_depth_padding_0[1].packet_payload<88> ^0 ^bit[0..87] deparsed exact_containers [0:31] ]


Merge wide arith super clusters
dfs_depth-1: decide to split out first 32 bits of [ egress::hdr.min_parse_depth_padding_0[1].packet_payload<88> ^0 ^bit[0..87] deparsed exact_containers [0:31] ]
ENTER DFS: 2
found a solution after 2 steps
LEAVE DFS: 2
dfs_depth-1: try to split @16
Bit schema:
    ----------------1---------------
    [ egress::hdr.min_parse_depth_padding_0[1].packet_payload<88> ^0 ^bit[0..87] deparsed exact_containers [0:31] ]


    ...(0) found slice to split at idx 16: egress::hdr.min_parse_depth_padding_0[1].packet_payload<88> ^0 ^bit[0..87] deparsed exact_containers [0:31]
    ...erasing egress::hdr.min_parse_depth_padding_0[1].packet_payload<88> ^0 ^bit[0..87] deparsed exact_containers [0:31] in this slice list
    ...adding egress::hdr.min_parse_depth_padding_0[1].packet_payload<88> ^0 ^bit[0..87] deparsed exact_containers [0:15] in this slice list
    ...adding egress::hdr.min_parse_depth_padding_0[1].packet_payload<88> ^0 ^bit[0..71] deparsed exact_containers [16:31] in this slice list
    ...(0) adding to slice list: egress::hdr.min_parse_depth_padding_0[1].packet_payload<88> ^0 ^bit[0..87] deparsed exact_containers [0:31]
    ...(0) starting new slice list
    ...erasing old cluster [[egress::hdr.min_parse_depth_padding_0[1].packet_payload<88> ^0 ^bit[0..87] deparsed exact_containers [0:31]]]
    ...adding new lo cluster [[egress::hdr.min_parse_depth_padding_0[1].packet_payload<88> ^0 ^bit[0..87] deparsed exact_containers [0:15]]]
    ...adding new hi cluster [[egress::hdr.min_parse_depth_padding_0[1].packet_payload<88> ^0 ^bit[0..71] deparsed exact_containers [16:31]]]
    ...updating slices_to_clusters
        - erasing egress::hdr.min_parse_depth_padding_0[1].packet_payload<88> ^0 ^bit[0..87] deparsed exact_containers [0:31]
        - adding egress::hdr.min_parse_depth_padding_0[1].packet_payload<88> ^0 ^bit[0..87] deparsed exact_containers [0:15]
        - adding egress::hdr.min_parse_depth_padding_0[1].packet_payload<88> ^0 ^bit[0..71] deparsed exact_containers [16:31]
    ...updating slice_lists
    ...updating slices_to_slice_lists
Merge wide arith super clusters
dfs_depth-1: decide to split out first 16 bits of [ egress::hdr.min_parse_depth_padding_0[1].packet_payload<88> ^0 ^bit[0..87] deparsed exact_containers [0:31] ]
ENTER DFS: 2
dfs_depth-2: will split [ egress::hdr.min_parse_depth_padding_0[1].packet_payload<88> ^0 ^bit[0..71] deparsed exact_containers [16:31] ]
possible slice choices: 
{new_split: 1, split_unref:0, n_avoidable_packings:0, size: 8}
{new_split: 0, split_unref:0, n_avoidable_packings:0, size: 16}
dfs_depth-2: possible choices: { 16 8 }
dfs_depth-2: try to split @16
Bit schema:
    ----------------
    [ egress::hdr.min_parse_depth_padding_0[1].packet_payload<88> ^0 ^bit[0..71] deparsed exact_containers [16:31] ]


Merge wide arith super clusters
dfs_depth-2: decide to split out first 16 bits of [ egress::hdr.min_parse_depth_padding_0[1].packet_payload<88> ^0 ^bit[0..71] deparsed exact_containers [16:31] ]
ENTER DFS: 3
found a solution after 4 steps
LEAVE DFS: 3
dfs_depth-2: try to split @8
Bit schema:
    --------1-------
    [ egress::hdr.min_parse_depth_padding_0[1].packet_payload<88> ^0 ^bit[0..71] deparsed exact_containers [16:31] ]


    ...(0) found slice to split at idx 8: egress::hdr.min_parse_depth_padding_0[1].packet_payload<88> ^0 ^bit[0..71] deparsed exact_containers [16:31]
    ...erasing egress::hdr.min_parse_depth_padding_0[1].packet_payload<88> ^0 ^bit[0..71] deparsed exact_containers [16:31] in this slice list
    ...adding egress::hdr.min_parse_depth_padding_0[1].packet_payload<88> ^0 ^bit[0..71] deparsed exact_containers [16:23] in this slice list
    ...adding egress::hdr.min_parse_depth_padding_0[1].packet_payload<88> ^0 ^bit[0..63] deparsed exact_containers [24:31] in this slice list
    ...(0) adding to slice list: egress::hdr.min_parse_depth_padding_0[1].packet_payload<88> ^0 ^bit[0..71] deparsed exact_containers [16:31]
    ...(0) starting new slice list
    ...erasing old cluster [[egress::hdr.min_parse_depth_padding_0[1].packet_payload<88> ^0 ^bit[0..71] deparsed exact_containers [16:31]]]
    ...adding new lo cluster [[egress::hdr.min_parse_depth_padding_0[1].packet_payload<88> ^0 ^bit[0..71] deparsed exact_containers [16:23]]]
    ...adding new hi cluster [[egress::hdr.min_parse_depth_padding_0[1].packet_payload<88> ^0 ^bit[0..63] deparsed exact_containers [24:31]]]
    ...updating slices_to_clusters
        - erasing egress::hdr.min_parse_depth_padding_0[1].packet_payload<88> ^0 ^bit[0..71] deparsed exact_containers [16:31]
        - adding egress::hdr.min_parse_depth_padding_0[1].packet_payload<88> ^0 ^bit[0..71] deparsed exact_containers [16:23]
        - adding egress::hdr.min_parse_depth_padding_0[1].packet_payload<88> ^0 ^bit[0..63] deparsed exact_containers [24:31]
    ...updating slice_lists
    ...updating slices_to_slice_lists
Merge wide arith super clusters
dfs_depth-2: decide to split out first 8 bits of [ egress::hdr.min_parse_depth_padding_0[1].packet_payload<88> ^0 ^bit[0..71] deparsed exact_containers [16:31] ]
ENTER DFS: 3
found a solution after 5 steps
LEAVE DFS: 3
LEAVE DFS: 2
dfs_depth-1: try to split @8
Bit schema:
    --------1-----------------------
    [ egress::hdr.min_parse_depth_padding_0[1].packet_payload<88> ^0 ^bit[0..87] deparsed exact_containers [0:31] ]


    ...(0) found slice to split at idx 8: egress::hdr.min_parse_depth_padding_0[1].packet_payload<88> ^0 ^bit[0..87] deparsed exact_containers [0:31]
    ...erasing egress::hdr.min_parse_depth_padding_0[1].packet_payload<88> ^0 ^bit[0..87] deparsed exact_containers [0:31] in this slice list
    ...adding egress::hdr.min_parse_depth_padding_0[1].packet_payload<88> ^0 ^bit[0..87] deparsed exact_containers [0:7] in this slice list
    ...adding egress::hdr.min_parse_depth_padding_0[1].packet_payload<88> ^0 ^bit[0..79] deparsed exact_containers [8:31] in this slice list
    ...(0) adding to slice list: egress::hdr.min_parse_depth_padding_0[1].packet_payload<88> ^0 ^bit[0..87] deparsed exact_containers [0:31]
    ...(0) starting new slice list
    ...erasing old cluster [[egress::hdr.min_parse_depth_padding_0[1].packet_payload<88> ^0 ^bit[0..87] deparsed exact_containers [0:31]]]
    ...adding new lo cluster [[egress::hdr.min_parse_depth_padding_0[1].packet_payload<88> ^0 ^bit[0..87] deparsed exact_containers [0:7]]]
    ...adding new hi cluster [[egress::hdr.min_parse_depth_padding_0[1].packet_payload<88> ^0 ^bit[0..79] deparsed exact_containers [8:31]]]
    ...updating slices_to_clusters
        - erasing egress::hdr.min_parse_depth_padding_0[1].packet_payload<88> ^0 ^bit[0..87] deparsed exact_containers [0:31]
        - adding egress::hdr.min_parse_depth_padding_0[1].packet_payload<88> ^0 ^bit[0..87] deparsed exact_containers [0:7]
        - adding egress::hdr.min_parse_depth_padding_0[1].packet_payload<88> ^0 ^bit[0..79] deparsed exact_containers [8:31]
    ...updating slice_lists
    ...updating slices_to_slice_lists
Merge wide arith super clusters
dfs_depth-1: decide to split out first 8 bits of [ egress::hdr.min_parse_depth_padding_0[1].packet_payload<88> ^0 ^bit[0..87] deparsed exact_containers [0:31] ]
ENTER DFS: 2
dfs_depth-2: will split [ egress::hdr.min_parse_depth_padding_0[1].packet_payload<88> ^0 ^bit[0..79] deparsed exact_containers [8:31] ]
possible slice choices: 
{new_split: 1, split_unref:0, n_avoidable_packings:0, size: 8}
{new_split: 1, split_unref:0, n_avoidable_packings:0, size: 16}
dfs_depth-2: possible choices: { 16 8 }
dfs_depth-2: try to split @16
Bit schema:
    ----------------1-------
    [ egress::hdr.min_parse_depth_padding_0[1].packet_payload<88> ^0 ^bit[0..79] deparsed exact_containers [8:31] ]


    ...(0) found slice to split at idx 16: egress::hdr.min_parse_depth_padding_0[1].packet_payload<88> ^0 ^bit[0..79] deparsed exact_containers [8:31]
    ...erasing egress::hdr.min_parse_depth_padding_0[1].packet_payload<88> ^0 ^bit[0..79] deparsed exact_containers [8:31] in this slice list
    ...adding egress::hdr.min_parse_depth_padding_0[1].packet_payload<88> ^0 ^bit[0..79] deparsed exact_containers [8:23] in this slice list
    ...adding egress::hdr.min_parse_depth_padding_0[1].packet_payload<88> ^0 ^bit[0..63] deparsed exact_containers [24:31] in this slice list
    ...(0) adding to slice list: egress::hdr.min_parse_depth_padding_0[1].packet_payload<88> ^0 ^bit[0..79] deparsed exact_containers [8:31]
    ...(0) starting new slice list
    ...erasing old cluster [[egress::hdr.min_parse_depth_padding_0[1].packet_payload<88> ^0 ^bit[0..79] deparsed exact_containers [8:31]]]
    ...adding new lo cluster [[egress::hdr.min_parse_depth_padding_0[1].packet_payload<88> ^0 ^bit[0..79] deparsed exact_containers [8:23]]]
    ...adding new hi cluster [[egress::hdr.min_parse_depth_padding_0[1].packet_payload<88> ^0 ^bit[0..63] deparsed exact_containers [24:31]]]
    ...updating slices_to_clusters
        - erasing egress::hdr.min_parse_depth_padding_0[1].packet_payload<88> ^0 ^bit[0..79] deparsed exact_containers [8:31]
        - adding egress::hdr.min_parse_depth_padding_0[1].packet_payload<88> ^0 ^bit[0..79] deparsed exact_containers [8:23]
        - adding egress::hdr.min_parse_depth_padding_0[1].packet_payload<88> ^0 ^bit[0..63] deparsed exact_containers [24:31]
    ...updating slice_lists
    ...updating slices_to_slice_lists
Merge wide arith super clusters
dfs_depth-2: decide to split out first 16 bits of [ egress::hdr.min_parse_depth_padding_0[1].packet_payload<88> ^0 ^bit[0..79] deparsed exact_containers [8:31] ]
ENTER DFS: 3
found a solution after 7 steps
LEAVE DFS: 3
dfs_depth-2: try to split @8
Bit schema:
    --------1---------------
    [ egress::hdr.min_parse_depth_padding_0[1].packet_payload<88> ^0 ^bit[0..79] deparsed exact_containers [8:31] ]


    ...(0) found slice to split at idx 8: egress::hdr.min_parse_depth_padding_0[1].packet_payload<88> ^0 ^bit[0..79] deparsed exact_containers [8:31]
    ...erasing egress::hdr.min_parse_depth_padding_0[1].packet_payload<88> ^0 ^bit[0..79] deparsed exact_containers [8:31] in this slice list
    ...adding egress::hdr.min_parse_depth_padding_0[1].packet_payload<88> ^0 ^bit[0..79] deparsed exact_containers [8:15] in this slice list
    ...adding egress::hdr.min_parse_depth_padding_0[1].packet_payload<88> ^0 ^bit[0..71] deparsed exact_containers [16:31] in this slice list
    ...(0) adding to slice list: egress::hdr.min_parse_depth_padding_0[1].packet_payload<88> ^0 ^bit[0..79] deparsed exact_containers [8:31]
    ...(0) starting new slice list
    ...erasing old cluster [[egress::hdr.min_parse_depth_padding_0[1].packet_payload<88> ^0 ^bit[0..79] deparsed exact_containers [8:31]]]
    ...adding new lo cluster [[egress::hdr.min_parse_depth_padding_0[1].packet_payload<88> ^0 ^bit[0..79] deparsed exact_containers [8:15]]]
    ...adding new hi cluster [[egress::hdr.min_parse_depth_padding_0[1].packet_payload<88> ^0 ^bit[0..71] deparsed exact_containers [16:31]]]
    ...updating slices_to_clusters
        - erasing egress::hdr.min_parse_depth_padding_0[1].packet_payload<88> ^0 ^bit[0..79] deparsed exact_containers [8:31]
        - adding egress::hdr.min_parse_depth_padding_0[1].packet_payload<88> ^0 ^bit[0..79] deparsed exact_containers [8:15]
        - adding egress::hdr.min_parse_depth_padding_0[1].packet_payload<88> ^0 ^bit[0..71] deparsed exact_containers [16:31]
    ...updating slice_lists
    ...updating slices_to_slice_lists
Merge wide arith super clusters
dfs_depth-2: decide to split out first 8 bits of [ egress::hdr.min_parse_depth_padding_0[1].packet_payload<88> ^0 ^bit[0..79] deparsed exact_containers [8:31] ]
ENTER DFS: 3
dfs_depth-3: will split [ egress::hdr.min_parse_depth_padding_0[1].packet_payload<88> ^0 ^bit[0..71] deparsed exact_containers [16:31] ]
possible slice choices: 
{new_split: 1, split_unref:0, n_avoidable_packings:0, size: 8}
{new_split: 0, split_unref:0, n_avoidable_packings:0, size: 16}
dfs_depth-3: possible choices: { 16 8 }
dfs_depth-3: try to split @16
Bit schema:
    ----------------
    [ egress::hdr.min_parse_depth_padding_0[1].packet_payload<88> ^0 ^bit[0..71] deparsed exact_containers [16:31] ]


Merge wide arith super clusters
dfs_depth-3: decide to split out first 16 bits of [ egress::hdr.min_parse_depth_padding_0[1].packet_payload<88> ^0 ^bit[0..71] deparsed exact_containers [16:31] ]
ENTER DFS: 4
found a solution after 9 steps
LEAVE DFS: 4
dfs_depth-3: try to split @8
Bit schema:
    --------1-------
    [ egress::hdr.min_parse_depth_padding_0[1].packet_payload<88> ^0 ^bit[0..71] deparsed exact_containers [16:31] ]


    ...(0) found slice to split at idx 8: egress::hdr.min_parse_depth_padding_0[1].packet_payload<88> ^0 ^bit[0..71] deparsed exact_containers [16:31]
    ...erasing egress::hdr.min_parse_depth_padding_0[1].packet_payload<88> ^0 ^bit[0..71] deparsed exact_containers [16:31] in this slice list
    ...adding egress::hdr.min_parse_depth_padding_0[1].packet_payload<88> ^0 ^bit[0..71] deparsed exact_containers [16:23] in this slice list
    ...adding egress::hdr.min_parse_depth_padding_0[1].packet_payload<88> ^0 ^bit[0..63] deparsed exact_containers [24:31] in this slice list
    ...(0) adding to slice list: egress::hdr.min_parse_depth_padding_0[1].packet_payload<88> ^0 ^bit[0..71] deparsed exact_containers [16:31]
    ...(0) starting new slice list
    ...erasing old cluster [[egress::hdr.min_parse_depth_padding_0[1].packet_payload<88> ^0 ^bit[0..71] deparsed exact_containers [16:31]]]
    ...adding new lo cluster [[egress::hdr.min_parse_depth_padding_0[1].packet_payload<88> ^0 ^bit[0..71] deparsed exact_containers [16:23]]]
    ...adding new hi cluster [[egress::hdr.min_parse_depth_padding_0[1].packet_payload<88> ^0 ^bit[0..63] deparsed exact_containers [24:31]]]
    ...updating slices_to_clusters
        - erasing egress::hdr.min_parse_depth_padding_0[1].packet_payload<88> ^0 ^bit[0..71] deparsed exact_containers [16:31]
        - adding egress::hdr.min_parse_depth_padding_0[1].packet_payload<88> ^0 ^bit[0..71] deparsed exact_containers [16:23]
        - adding egress::hdr.min_parse_depth_padding_0[1].packet_payload<88> ^0 ^bit[0..63] deparsed exact_containers [24:31]
    ...updating slice_lists
    ...updating slices_to_slice_lists
Merge wide arith super clusters
dfs_depth-3: decide to split out first 8 bits of [ egress::hdr.min_parse_depth_padding_0[1].packet_payload<88> ^0 ^bit[0..71] deparsed exact_containers [16:31] ]
ENTER DFS: 4
found a solution after 10 steps
LEAVE DFS: 4
LEAVE DFS: 3
LEAVE DFS: 2
LEAVE DFS: 1
DFS Result: 1, n_steps_since_last_solution: 0, max_search_steps_per_solution: 524288
Making Itr for SUPERCLUSTER Uid: 250
    slice lists:	
        [ egress::hdr.min_parse_depth_padding_0[1].packet_payload<88> ^0 ^bit[0..55] deparsed exact_containers [32:63] ]
    rotational clusters:	
        [[egress::hdr.min_parse_depth_padding_0[1].packet_payload<88> ^0 ^bit[0..55] deparsed exact_containers [32:63]]]

Homogeneous slicing enabled: 0 Rejected slice options: 
pa_container_sz slicing schema: Bit schema:
    --------------------------------
    [ egress::hdr.min_parse_depth_padding_0[1].packet_payload<88> ^0 ^bit[0..55] deparsed exact_containers [32:63] ]


Bit schema:
    --------------------------------
    [ egress::hdr.min_parse_depth_padding_0[1].packet_payload<88> ^0 ^bit[0..55] deparsed exact_containers [32:63] ]


Merge wide arith super clusters
split by pa_container_size result: 
SUPERCLUSTER Uid: 570
    slice lists:	
        [ egress::hdr.min_parse_depth_padding_0[1].packet_payload<88> ^0 ^bit[0..55] deparsed exact_containers [32:63] ]
    rotational clusters:	
        [[egress::hdr.min_parse_depth_padding_0[1].packet_payload<88> ^0 ^bit[0..55] deparsed exact_containers [32:63]]]

split_by_adjacent_no_pack schema: Bit schema:
    --------------------------------
    [ egress::hdr.min_parse_depth_padding_0[1].packet_payload<88> ^0 ^bit[0..55] deparsed exact_containers [32:63] ]


Bit schema:
    --------------------------------
    [ egress::hdr.min_parse_depth_padding_0[1].packet_payload<88> ^0 ^bit[0..55] deparsed exact_containers [32:63] ]


Merge wide arith super clusters
after pre-split by adjacent_no_pack:
SUPERCLUSTER Uid: 571
    slice lists:	
        [ egress::hdr.min_parse_depth_padding_0[1].packet_payload<88> ^0 ^bit[0..55] deparsed exact_containers [32:63] ]
    rotational clusters:	
        [[egress::hdr.min_parse_depth_padding_0[1].packet_payload<88> ^0 ^bit[0..55] deparsed exact_containers [32:63]]]

split_by_deparsed_bottom_bits schema: Bit schema:
    --------------------------------
    [ egress::hdr.min_parse_depth_padding_0[1].packet_payload<88> ^0 ^bit[0..55] deparsed exact_containers [32:63] ]


Bit schema:
    --------------------------------
    [ egress::hdr.min_parse_depth_padding_0[1].packet_payload<88> ^0 ^bit[0..55] deparsed exact_containers [32:63] ]


Merge wide arith super clusters
after pre-split by deparsed_bottom_bits:
SUPERCLUSTER Uid: 572
    slice lists:	
        [ egress::hdr.min_parse_depth_padding_0[1].packet_payload<88> ^0 ^bit[0..55] deparsed exact_containers [32:63] ]
    rotational clusters:	
        [[egress::hdr.min_parse_depth_padding_0[1].packet_payload<88> ^0 ^bit[0..55] deparsed exact_containers [32:63]]]

split_by_adjacent_deparsed_and_non_deparsed schema: Bit schema:
    --------------------------------
    [ egress::hdr.min_parse_depth_padding_0[1].packet_payload<88> ^0 ^bit[0..55] deparsed exact_containers [32:63] ]


Bit schema:
    --------------------------------
    [ egress::hdr.min_parse_depth_padding_0[1].packet_payload<88> ^0 ^bit[0..55] deparsed exact_containers [32:63] ]


Merge wide arith super clusters
after pre-split by adjacent_deparsed_and_non_deparsed:
SUPERCLUSTER Uid: 573
    slice lists:	
        [ egress::hdr.min_parse_depth_padding_0[1].packet_payload<88> ^0 ^bit[0..55] deparsed exact_containers [32:63] ]
    rotational clusters:	
        [[egress::hdr.min_parse_depth_padding_0[1].packet_payload<88> ^0 ^bit[0..55] deparsed exact_containers [32:63]]]

split_parser_write_mode schema: Bit schema:
    --------------------------------
    [ egress::hdr.min_parse_depth_padding_0[1].packet_payload<88> ^0 ^bit[0..55] deparsed exact_containers [32:63] ]


Bit schema:
    --------------------------------
    [ egress::hdr.min_parse_depth_padding_0[1].packet_payload<88> ^0 ^bit[0..55] deparsed exact_containers [32:63] ]


Merge wide arith super clusters
after pre-split by parser_write_mode:
SUPERCLUSTER Uid: 574
    slice lists:	
        [ egress::hdr.min_parse_depth_padding_0[1].packet_payload<88> ^0 ^bit[0..55] deparsed exact_containers [32:63] ]
    rotational clusters:	
        [[egress::hdr.min_parse_depth_padding_0[1].packet_payload<88> ^0 ^bit[0..55] deparsed exact_containers [32:63]]]

ENTER DFS: 1
dfs_depth-1: will split [ egress::hdr.min_parse_depth_padding_0[1].packet_payload<88> ^0 ^bit[0..55] deparsed exact_containers [32:63] ]
possible slice choices: 
{new_split: 1, split_unref:0, n_avoidable_packings:0, size: 8}
{new_split: 1, split_unref:0, n_avoidable_packings:0, size: 16}
{new_split: 0, split_unref:0, n_avoidable_packings:0, size: 32}
dfs_depth-1: possible choices: { 32 16 8 }
dfs_depth-1: try to split @32
Bit schema:
    --------------------------------
    [ egress::hdr.min_parse_depth_padding_0[1].packet_payload<88> ^0 ^bit[0..55] deparsed exact_containers [32:63] ]


Merge wide arith super clusters
dfs_depth-1: decide to split out first 32 bits of [ egress::hdr.min_parse_depth_padding_0[1].packet_payload<88> ^0 ^bit[0..55] deparsed exact_containers [32:63] ]
ENTER DFS: 2
found a solution after 2 steps
LEAVE DFS: 2
dfs_depth-1: try to split @16
Bit schema:
    ----------------1---------------
    [ egress::hdr.min_parse_depth_padding_0[1].packet_payload<88> ^0 ^bit[0..55] deparsed exact_containers [32:63] ]


    ...(0) found slice to split at idx 16: egress::hdr.min_parse_depth_padding_0[1].packet_payload<88> ^0 ^bit[0..55] deparsed exact_containers [32:63]
    ...erasing egress::hdr.min_parse_depth_padding_0[1].packet_payload<88> ^0 ^bit[0..55] deparsed exact_containers [32:63] in this slice list
    ...adding egress::hdr.min_parse_depth_padding_0[1].packet_payload<88> ^0 ^bit[0..55] deparsed exact_containers [32:47] in this slice list
    ...adding egress::hdr.min_parse_depth_padding_0[1].packet_payload<88> ^0 ^bit[0..39] deparsed exact_containers [48:63] in this slice list
    ...(0) adding to slice list: egress::hdr.min_parse_depth_padding_0[1].packet_payload<88> ^0 ^bit[0..55] deparsed exact_containers [32:63]
    ...(0) starting new slice list
    ...erasing old cluster [[egress::hdr.min_parse_depth_padding_0[1].packet_payload<88> ^0 ^bit[0..55] deparsed exact_containers [32:63]]]
    ...adding new lo cluster [[egress::hdr.min_parse_depth_padding_0[1].packet_payload<88> ^0 ^bit[0..55] deparsed exact_containers [32:47]]]
    ...adding new hi cluster [[egress::hdr.min_parse_depth_padding_0[1].packet_payload<88> ^0 ^bit[0..39] deparsed exact_containers [48:63]]]
    ...updating slices_to_clusters
        - erasing egress::hdr.min_parse_depth_padding_0[1].packet_payload<88> ^0 ^bit[0..55] deparsed exact_containers [32:63]
        - adding egress::hdr.min_parse_depth_padding_0[1].packet_payload<88> ^0 ^bit[0..55] deparsed exact_containers [32:47]
        - adding egress::hdr.min_parse_depth_padding_0[1].packet_payload<88> ^0 ^bit[0..39] deparsed exact_containers [48:63]
    ...updating slice_lists
    ...updating slices_to_slice_lists
Merge wide arith super clusters
dfs_depth-1: decide to split out first 16 bits of [ egress::hdr.min_parse_depth_padding_0[1].packet_payload<88> ^0 ^bit[0..55] deparsed exact_containers [32:63] ]
ENTER DFS: 2
dfs_depth-2: will split [ egress::hdr.min_parse_depth_padding_0[1].packet_payload<88> ^0 ^bit[0..39] deparsed exact_containers [48:63] ]
possible slice choices: 
{new_split: 1, split_unref:0, n_avoidable_packings:0, size: 8}
{new_split: 0, split_unref:0, n_avoidable_packings:0, size: 16}
dfs_depth-2: possible choices: { 16 8 }
dfs_depth-2: try to split @16
Bit schema:
    ----------------
    [ egress::hdr.min_parse_depth_padding_0[1].packet_payload<88> ^0 ^bit[0..39] deparsed exact_containers [48:63] ]


Merge wide arith super clusters
dfs_depth-2: decide to split out first 16 bits of [ egress::hdr.min_parse_depth_padding_0[1].packet_payload<88> ^0 ^bit[0..39] deparsed exact_containers [48:63] ]
ENTER DFS: 3
found a solution after 4 steps
LEAVE DFS: 3
dfs_depth-2: try to split @8
Bit schema:
    --------1-------
    [ egress::hdr.min_parse_depth_padding_0[1].packet_payload<88> ^0 ^bit[0..39] deparsed exact_containers [48:63] ]


    ...(0) found slice to split at idx 8: egress::hdr.min_parse_depth_padding_0[1].packet_payload<88> ^0 ^bit[0..39] deparsed exact_containers [48:63]
    ...erasing egress::hdr.min_parse_depth_padding_0[1].packet_payload<88> ^0 ^bit[0..39] deparsed exact_containers [48:63] in this slice list
    ...adding egress::hdr.min_parse_depth_padding_0[1].packet_payload<88> ^0 ^bit[0..39] deparsed exact_containers [48:55] in this slice list
    ...adding egress::hdr.min_parse_depth_padding_0[1].packet_payload<88> ^0 ^bit[0..31] deparsed exact_containers [56:63] in this slice list
    ...(0) adding to slice list: egress::hdr.min_parse_depth_padding_0[1].packet_payload<88> ^0 ^bit[0..39] deparsed exact_containers [48:63]
    ...(0) starting new slice list
    ...erasing old cluster [[egress::hdr.min_parse_depth_padding_0[1].packet_payload<88> ^0 ^bit[0..39] deparsed exact_containers [48:63]]]
    ...adding new lo cluster [[egress::hdr.min_parse_depth_padding_0[1].packet_payload<88> ^0 ^bit[0..39] deparsed exact_containers [48:55]]]
    ...adding new hi cluster [[egress::hdr.min_parse_depth_padding_0[1].packet_payload<88> ^0 ^bit[0..31] deparsed exact_containers [56:63]]]
    ...updating slices_to_clusters
        - erasing egress::hdr.min_parse_depth_padding_0[1].packet_payload<88> ^0 ^bit[0..39] deparsed exact_containers [48:63]
        - adding egress::hdr.min_parse_depth_padding_0[1].packet_payload<88> ^0 ^bit[0..39] deparsed exact_containers [48:55]
        - adding egress::hdr.min_parse_depth_padding_0[1].packet_payload<88> ^0 ^bit[0..31] deparsed exact_containers [56:63]
    ...updating slice_lists
    ...updating slices_to_slice_lists
Merge wide arith super clusters
dfs_depth-2: decide to split out first 8 bits of [ egress::hdr.min_parse_depth_padding_0[1].packet_payload<88> ^0 ^bit[0..39] deparsed exact_containers [48:63] ]
ENTER DFS: 3
found a solution after 5 steps
LEAVE DFS: 3
LEAVE DFS: 2
dfs_depth-1: try to split @8
Bit schema:
    --------1-----------------------
    [ egress::hdr.min_parse_depth_padding_0[1].packet_payload<88> ^0 ^bit[0..55] deparsed exact_containers [32:63] ]


    ...(0) found slice to split at idx 8: egress::hdr.min_parse_depth_padding_0[1].packet_payload<88> ^0 ^bit[0..55] deparsed exact_containers [32:63]
    ...erasing egress::hdr.min_parse_depth_padding_0[1].packet_payload<88> ^0 ^bit[0..55] deparsed exact_containers [32:63] in this slice list
    ...adding egress::hdr.min_parse_depth_padding_0[1].packet_payload<88> ^0 ^bit[0..55] deparsed exact_containers [32:39] in this slice list
    ...adding egress::hdr.min_parse_depth_padding_0[1].packet_payload<88> ^0 ^bit[0..47] deparsed exact_containers [40:63] in this slice list
    ...(0) adding to slice list: egress::hdr.min_parse_depth_padding_0[1].packet_payload<88> ^0 ^bit[0..55] deparsed exact_containers [32:63]
    ...(0) starting new slice list
    ...erasing old cluster [[egress::hdr.min_parse_depth_padding_0[1].packet_payload<88> ^0 ^bit[0..55] deparsed exact_containers [32:63]]]
    ...adding new lo cluster [[egress::hdr.min_parse_depth_padding_0[1].packet_payload<88> ^0 ^bit[0..55] deparsed exact_containers [32:39]]]
    ...adding new hi cluster [[egress::hdr.min_parse_depth_padding_0[1].packet_payload<88> ^0 ^bit[0..47] deparsed exact_containers [40:63]]]
    ...updating slices_to_clusters
        - erasing egress::hdr.min_parse_depth_padding_0[1].packet_payload<88> ^0 ^bit[0..55] deparsed exact_containers [32:63]
        - adding egress::hdr.min_parse_depth_padding_0[1].packet_payload<88> ^0 ^bit[0..55] deparsed exact_containers [32:39]
        - adding egress::hdr.min_parse_depth_padding_0[1].packet_payload<88> ^0 ^bit[0..47] deparsed exact_containers [40:63]
    ...updating slice_lists
    ...updating slices_to_slice_lists
Merge wide arith super clusters
dfs_depth-1: decide to split out first 8 bits of [ egress::hdr.min_parse_depth_padding_0[1].packet_payload<88> ^0 ^bit[0..55] deparsed exact_containers [32:63] ]
ENTER DFS: 2
dfs_depth-2: will split [ egress::hdr.min_parse_depth_padding_0[1].packet_payload<88> ^0 ^bit[0..47] deparsed exact_containers [40:63] ]
possible slice choices: 
{new_split: 1, split_unref:0, n_avoidable_packings:0, size: 8}
{new_split: 1, split_unref:0, n_avoidable_packings:0, size: 16}
dfs_depth-2: possible choices: { 16 8 }
dfs_depth-2: try to split @16
Bit schema:
    ----------------1-------
    [ egress::hdr.min_parse_depth_padding_0[1].packet_payload<88> ^0 ^bit[0..47] deparsed exact_containers [40:63] ]


    ...(0) found slice to split at idx 16: egress::hdr.min_parse_depth_padding_0[1].packet_payload<88> ^0 ^bit[0..47] deparsed exact_containers [40:63]
    ...erasing egress::hdr.min_parse_depth_padding_0[1].packet_payload<88> ^0 ^bit[0..47] deparsed exact_containers [40:63] in this slice list
    ...adding egress::hdr.min_parse_depth_padding_0[1].packet_payload<88> ^0 ^bit[0..47] deparsed exact_containers [40:55] in this slice list
    ...adding egress::hdr.min_parse_depth_padding_0[1].packet_payload<88> ^0 ^bit[0..31] deparsed exact_containers [56:63] in this slice list
    ...(0) adding to slice list: egress::hdr.min_parse_depth_padding_0[1].packet_payload<88> ^0 ^bit[0..47] deparsed exact_containers [40:63]
    ...(0) starting new slice list
    ...erasing old cluster [[egress::hdr.min_parse_depth_padding_0[1].packet_payload<88> ^0 ^bit[0..47] deparsed exact_containers [40:63]]]
    ...adding new lo cluster [[egress::hdr.min_parse_depth_padding_0[1].packet_payload<88> ^0 ^bit[0..47] deparsed exact_containers [40:55]]]
    ...adding new hi cluster [[egress::hdr.min_parse_depth_padding_0[1].packet_payload<88> ^0 ^bit[0..31] deparsed exact_containers [56:63]]]
    ...updating slices_to_clusters
        - erasing egress::hdr.min_parse_depth_padding_0[1].packet_payload<88> ^0 ^bit[0..47] deparsed exact_containers [40:63]
        - adding egress::hdr.min_parse_depth_padding_0[1].packet_payload<88> ^0 ^bit[0..47] deparsed exact_containers [40:55]
        - adding egress::hdr.min_parse_depth_padding_0[1].packet_payload<88> ^0 ^bit[0..31] deparsed exact_containers [56:63]
    ...updating slice_lists
    ...updating slices_to_slice_lists
Merge wide arith super clusters
dfs_depth-2: decide to split out first 16 bits of [ egress::hdr.min_parse_depth_padding_0[1].packet_payload<88> ^0 ^bit[0..47] deparsed exact_containers [40:63] ]
ENTER DFS: 3
found a solution after 7 steps
LEAVE DFS: 3
dfs_depth-2: try to split @8
Bit schema:
    --------1---------------
    [ egress::hdr.min_parse_depth_padding_0[1].packet_payload<88> ^0 ^bit[0..47] deparsed exact_containers [40:63] ]


    ...(0) found slice to split at idx 8: egress::hdr.min_parse_depth_padding_0[1].packet_payload<88> ^0 ^bit[0..47] deparsed exact_containers [40:63]
    ...erasing egress::hdr.min_parse_depth_padding_0[1].packet_payload<88> ^0 ^bit[0..47] deparsed exact_containers [40:63] in this slice list
    ...adding egress::hdr.min_parse_depth_padding_0[1].packet_payload<88> ^0 ^bit[0..47] deparsed exact_containers [40:47] in this slice list
    ...adding egress::hdr.min_parse_depth_padding_0[1].packet_payload<88> ^0 ^bit[0..39] deparsed exact_containers [48:63] in this slice list
    ...(0) adding to slice list: egress::hdr.min_parse_depth_padding_0[1].packet_payload<88> ^0 ^bit[0..47] deparsed exact_containers [40:63]
    ...(0) starting new slice list
    ...erasing old cluster [[egress::hdr.min_parse_depth_padding_0[1].packet_payload<88> ^0 ^bit[0..47] deparsed exact_containers [40:63]]]
    ...adding new lo cluster [[egress::hdr.min_parse_depth_padding_0[1].packet_payload<88> ^0 ^bit[0..47] deparsed exact_containers [40:47]]]
    ...adding new hi cluster [[egress::hdr.min_parse_depth_padding_0[1].packet_payload<88> ^0 ^bit[0..39] deparsed exact_containers [48:63]]]
    ...updating slices_to_clusters
        - erasing egress::hdr.min_parse_depth_padding_0[1].packet_payload<88> ^0 ^bit[0..47] deparsed exact_containers [40:63]
        - adding egress::hdr.min_parse_depth_padding_0[1].packet_payload<88> ^0 ^bit[0..47] deparsed exact_containers [40:47]
        - adding egress::hdr.min_parse_depth_padding_0[1].packet_payload<88> ^0 ^bit[0..39] deparsed exact_containers [48:63]
    ...updating slice_lists
    ...updating slices_to_slice_lists
Merge wide arith super clusters
dfs_depth-2: decide to split out first 8 bits of [ egress::hdr.min_parse_depth_padding_0[1].packet_payload<88> ^0 ^bit[0..47] deparsed exact_containers [40:63] ]
ENTER DFS: 3
dfs_depth-3: will split [ egress::hdr.min_parse_depth_padding_0[1].packet_payload<88> ^0 ^bit[0..39] deparsed exact_containers [48:63] ]
possible slice choices: 
{new_split: 1, split_unref:0, n_avoidable_packings:0, size: 8}
{new_split: 0, split_unref:0, n_avoidable_packings:0, size: 16}
dfs_depth-3: possible choices: { 16 8 }
dfs_depth-3: try to split @16
Bit schema:
    ----------------
    [ egress::hdr.min_parse_depth_padding_0[1].packet_payload<88> ^0 ^bit[0..39] deparsed exact_containers [48:63] ]


Merge wide arith super clusters
dfs_depth-3: decide to split out first 16 bits of [ egress::hdr.min_parse_depth_padding_0[1].packet_payload<88> ^0 ^bit[0..39] deparsed exact_containers [48:63] ]
ENTER DFS: 4
found a solution after 9 steps
LEAVE DFS: 4
dfs_depth-3: try to split @8
Bit schema:
    --------1-------
    [ egress::hdr.min_parse_depth_padding_0[1].packet_payload<88> ^0 ^bit[0..39] deparsed exact_containers [48:63] ]


    ...(0) found slice to split at idx 8: egress::hdr.min_parse_depth_padding_0[1].packet_payload<88> ^0 ^bit[0..39] deparsed exact_containers [48:63]
    ...erasing egress::hdr.min_parse_depth_padding_0[1].packet_payload<88> ^0 ^bit[0..39] deparsed exact_containers [48:63] in this slice list
    ...adding egress::hdr.min_parse_depth_padding_0[1].packet_payload<88> ^0 ^bit[0..39] deparsed exact_containers [48:55] in this slice list
    ...adding egress::hdr.min_parse_depth_padding_0[1].packet_payload<88> ^0 ^bit[0..31] deparsed exact_containers [56:63] in this slice list
    ...(0) adding to slice list: egress::hdr.min_parse_depth_padding_0[1].packet_payload<88> ^0 ^bit[0..39] deparsed exact_containers [48:63]
    ...(0) starting new slice list
    ...erasing old cluster [[egress::hdr.min_parse_depth_padding_0[1].packet_payload<88> ^0 ^bit[0..39] deparsed exact_containers [48:63]]]
    ...adding new lo cluster [[egress::hdr.min_parse_depth_padding_0[1].packet_payload<88> ^0 ^bit[0..39] deparsed exact_containers [48:55]]]
    ...adding new hi cluster [[egress::hdr.min_parse_depth_padding_0[1].packet_payload<88> ^0 ^bit[0..31] deparsed exact_containers [56:63]]]
    ...updating slices_to_clusters
        - erasing egress::hdr.min_parse_depth_padding_0[1].packet_payload<88> ^0 ^bit[0..39] deparsed exact_containers [48:63]
        - adding egress::hdr.min_parse_depth_padding_0[1].packet_payload<88> ^0 ^bit[0..39] deparsed exact_containers [48:55]
        - adding egress::hdr.min_parse_depth_padding_0[1].packet_payload<88> ^0 ^bit[0..31] deparsed exact_containers [56:63]
    ...updating slice_lists
    ...updating slices_to_slice_lists
Merge wide arith super clusters
dfs_depth-3: decide to split out first 8 bits of [ egress::hdr.min_parse_depth_padding_0[1].packet_payload<88> ^0 ^bit[0..39] deparsed exact_containers [48:63] ]
ENTER DFS: 4
found a solution after 10 steps
LEAVE DFS: 4
LEAVE DFS: 3
LEAVE DFS: 2
LEAVE DFS: 1
DFS Result: 1, n_steps_since_last_solution: 0, max_search_steps_per_solution: 524288
Making Itr for SUPERCLUSTER Uid: 267
    slice lists:	
        [ egress::hdr.min_parse_depth_padding_0[2].packet_payload<88> ^0 ^bit[0..87] deparsed exact_containers [0:31] ]
    rotational clusters:	
        [[egress::hdr.min_parse_depth_padding_0[2].packet_payload<88> ^0 ^bit[0..87] deparsed exact_containers [0:31]]]

Homogeneous slicing enabled: 0 Rejected slice options: 
pa_container_sz slicing schema: Bit schema:
    --------------------------------
    [ egress::hdr.min_parse_depth_padding_0[2].packet_payload<88> ^0 ^bit[0..87] deparsed exact_containers [0:31] ]


Bit schema:
    --------------------------------
    [ egress::hdr.min_parse_depth_padding_0[2].packet_payload<88> ^0 ^bit[0..87] deparsed exact_containers [0:31] ]


Merge wide arith super clusters
split by pa_container_size result: 
SUPERCLUSTER Uid: 614
    slice lists:	
        [ egress::hdr.min_parse_depth_padding_0[2].packet_payload<88> ^0 ^bit[0..87] deparsed exact_containers [0:31] ]
    rotational clusters:	
        [[egress::hdr.min_parse_depth_padding_0[2].packet_payload<88> ^0 ^bit[0..87] deparsed exact_containers [0:31]]]

split_by_adjacent_no_pack schema: Bit schema:
    --------------------------------
    [ egress::hdr.min_parse_depth_padding_0[2].packet_payload<88> ^0 ^bit[0..87] deparsed exact_containers [0:31] ]


Bit schema:
    --------------------------------
    [ egress::hdr.min_parse_depth_padding_0[2].packet_payload<88> ^0 ^bit[0..87] deparsed exact_containers [0:31] ]


Merge wide arith super clusters
after pre-split by adjacent_no_pack:
SUPERCLUSTER Uid: 615
    slice lists:	
        [ egress::hdr.min_parse_depth_padding_0[2].packet_payload<88> ^0 ^bit[0..87] deparsed exact_containers [0:31] ]
    rotational clusters:	
        [[egress::hdr.min_parse_depth_padding_0[2].packet_payload<88> ^0 ^bit[0..87] deparsed exact_containers [0:31]]]

split_by_deparsed_bottom_bits schema: Bit schema:
    --------------------------------
    [ egress::hdr.min_parse_depth_padding_0[2].packet_payload<88> ^0 ^bit[0..87] deparsed exact_containers [0:31] ]


Bit schema:
    --------------------------------
    [ egress::hdr.min_parse_depth_padding_0[2].packet_payload<88> ^0 ^bit[0..87] deparsed exact_containers [0:31] ]


Merge wide arith super clusters
after pre-split by deparsed_bottom_bits:
SUPERCLUSTER Uid: 616
    slice lists:	
        [ egress::hdr.min_parse_depth_padding_0[2].packet_payload<88> ^0 ^bit[0..87] deparsed exact_containers [0:31] ]
    rotational clusters:	
        [[egress::hdr.min_parse_depth_padding_0[2].packet_payload<88> ^0 ^bit[0..87] deparsed exact_containers [0:31]]]

split_by_adjacent_deparsed_and_non_deparsed schema: Bit schema:
    --------------------------------
    [ egress::hdr.min_parse_depth_padding_0[2].packet_payload<88> ^0 ^bit[0..87] deparsed exact_containers [0:31] ]


Bit schema:
    --------------------------------
    [ egress::hdr.min_parse_depth_padding_0[2].packet_payload<88> ^0 ^bit[0..87] deparsed exact_containers [0:31] ]


Merge wide arith super clusters
after pre-split by adjacent_deparsed_and_non_deparsed:
SUPERCLUSTER Uid: 617
    slice lists:	
        [ egress::hdr.min_parse_depth_padding_0[2].packet_payload<88> ^0 ^bit[0..87] deparsed exact_containers [0:31] ]
    rotational clusters:	
        [[egress::hdr.min_parse_depth_padding_0[2].packet_payload<88> ^0 ^bit[0..87] deparsed exact_containers [0:31]]]

split_parser_write_mode schema: Bit schema:
    --------------------------------
    [ egress::hdr.min_parse_depth_padding_0[2].packet_payload<88> ^0 ^bit[0..87] deparsed exact_containers [0:31] ]


Bit schema:
    --------------------------------
    [ egress::hdr.min_parse_depth_padding_0[2].packet_payload<88> ^0 ^bit[0..87] deparsed exact_containers [0:31] ]


Merge wide arith super clusters
after pre-split by parser_write_mode:
SUPERCLUSTER Uid: 618
    slice lists:	
        [ egress::hdr.min_parse_depth_padding_0[2].packet_payload<88> ^0 ^bit[0..87] deparsed exact_containers [0:31] ]
    rotational clusters:	
        [[egress::hdr.min_parse_depth_padding_0[2].packet_payload<88> ^0 ^bit[0..87] deparsed exact_containers [0:31]]]

ENTER DFS: 1
dfs_depth-1: will split [ egress::hdr.min_parse_depth_padding_0[2].packet_payload<88> ^0 ^bit[0..87] deparsed exact_containers [0:31] ]
possible slice choices: 
{new_split: 1, split_unref:0, n_avoidable_packings:0, size: 8}
{new_split: 1, split_unref:0, n_avoidable_packings:0, size: 16}
{new_split: 0, split_unref:0, n_avoidable_packings:0, size: 32}
dfs_depth-1: possible choices: { 32 16 8 }
dfs_depth-1: try to split @32
Bit schema:
    --------------------------------
    [ egress::hdr.min_parse_depth_padding_0[2].packet_payload<88> ^0 ^bit[0..87] deparsed exact_containers [0:31] ]


Merge wide arith super clusters
dfs_depth-1: decide to split out first 32 bits of [ egress::hdr.min_parse_depth_padding_0[2].packet_payload<88> ^0 ^bit[0..87] deparsed exact_containers [0:31] ]
ENTER DFS: 2
found a solution after 2 steps
LEAVE DFS: 2
dfs_depth-1: try to split @16
Bit schema:
    ----------------1---------------
    [ egress::hdr.min_parse_depth_padding_0[2].packet_payload<88> ^0 ^bit[0..87] deparsed exact_containers [0:31] ]


    ...(0) found slice to split at idx 16: egress::hdr.min_parse_depth_padding_0[2].packet_payload<88> ^0 ^bit[0..87] deparsed exact_containers [0:31]
    ...erasing egress::hdr.min_parse_depth_padding_0[2].packet_payload<88> ^0 ^bit[0..87] deparsed exact_containers [0:31] in this slice list
    ...adding egress::hdr.min_parse_depth_padding_0[2].packet_payload<88> ^0 ^bit[0..87] deparsed exact_containers [0:15] in this slice list
    ...adding egress::hdr.min_parse_depth_padding_0[2].packet_payload<88> ^0 ^bit[0..71] deparsed exact_containers [16:31] in this slice list
    ...(0) adding to slice list: egress::hdr.min_parse_depth_padding_0[2].packet_payload<88> ^0 ^bit[0..87] deparsed exact_containers [0:31]
    ...(0) starting new slice list
    ...erasing old cluster [[egress::hdr.min_parse_depth_padding_0[2].packet_payload<88> ^0 ^bit[0..87] deparsed exact_containers [0:31]]]
    ...adding new lo cluster [[egress::hdr.min_parse_depth_padding_0[2].packet_payload<88> ^0 ^bit[0..87] deparsed exact_containers [0:15]]]
    ...adding new hi cluster [[egress::hdr.min_parse_depth_padding_0[2].packet_payload<88> ^0 ^bit[0..71] deparsed exact_containers [16:31]]]
    ...updating slices_to_clusters
        - erasing egress::hdr.min_parse_depth_padding_0[2].packet_payload<88> ^0 ^bit[0..87] deparsed exact_containers [0:31]
        - adding egress::hdr.min_parse_depth_padding_0[2].packet_payload<88> ^0 ^bit[0..87] deparsed exact_containers [0:15]
        - adding egress::hdr.min_parse_depth_padding_0[2].packet_payload<88> ^0 ^bit[0..71] deparsed exact_containers [16:31]
    ...updating slice_lists
    ...updating slices_to_slice_lists
Merge wide arith super clusters
dfs_depth-1: decide to split out first 16 bits of [ egress::hdr.min_parse_depth_padding_0[2].packet_payload<88> ^0 ^bit[0..87] deparsed exact_containers [0:31] ]
ENTER DFS: 2
dfs_depth-2: will split [ egress::hdr.min_parse_depth_padding_0[2].packet_payload<88> ^0 ^bit[0..71] deparsed exact_containers [16:31] ]
possible slice choices: 
{new_split: 1, split_unref:0, n_avoidable_packings:0, size: 8}
{new_split: 0, split_unref:0, n_avoidable_packings:0, size: 16}
dfs_depth-2: possible choices: { 16 8 }
dfs_depth-2: try to split @16
Bit schema:
    ----------------
    [ egress::hdr.min_parse_depth_padding_0[2].packet_payload<88> ^0 ^bit[0..71] deparsed exact_containers [16:31] ]


Merge wide arith super clusters
dfs_depth-2: decide to split out first 16 bits of [ egress::hdr.min_parse_depth_padding_0[2].packet_payload<88> ^0 ^bit[0..71] deparsed exact_containers [16:31] ]
ENTER DFS: 3
found a solution after 4 steps
LEAVE DFS: 3
dfs_depth-2: try to split @8
Bit schema:
    --------1-------
    [ egress::hdr.min_parse_depth_padding_0[2].packet_payload<88> ^0 ^bit[0..71] deparsed exact_containers [16:31] ]


    ...(0) found slice to split at idx 8: egress::hdr.min_parse_depth_padding_0[2].packet_payload<88> ^0 ^bit[0..71] deparsed exact_containers [16:31]
    ...erasing egress::hdr.min_parse_depth_padding_0[2].packet_payload<88> ^0 ^bit[0..71] deparsed exact_containers [16:31] in this slice list
    ...adding egress::hdr.min_parse_depth_padding_0[2].packet_payload<88> ^0 ^bit[0..71] deparsed exact_containers [16:23] in this slice list
    ...adding egress::hdr.min_parse_depth_padding_0[2].packet_payload<88> ^0 ^bit[0..63] deparsed exact_containers [24:31] in this slice list
    ...(0) adding to slice list: egress::hdr.min_parse_depth_padding_0[2].packet_payload<88> ^0 ^bit[0..71] deparsed exact_containers [16:31]
    ...(0) starting new slice list
    ...erasing old cluster [[egress::hdr.min_parse_depth_padding_0[2].packet_payload<88> ^0 ^bit[0..71] deparsed exact_containers [16:31]]]
    ...adding new lo cluster [[egress::hdr.min_parse_depth_padding_0[2].packet_payload<88> ^0 ^bit[0..71] deparsed exact_containers [16:23]]]
    ...adding new hi cluster [[egress::hdr.min_parse_depth_padding_0[2].packet_payload<88> ^0 ^bit[0..63] deparsed exact_containers [24:31]]]
    ...updating slices_to_clusters
        - erasing egress::hdr.min_parse_depth_padding_0[2].packet_payload<88> ^0 ^bit[0..71] deparsed exact_containers [16:31]
        - adding egress::hdr.min_parse_depth_padding_0[2].packet_payload<88> ^0 ^bit[0..71] deparsed exact_containers [16:23]
        - adding egress::hdr.min_parse_depth_padding_0[2].packet_payload<88> ^0 ^bit[0..63] deparsed exact_containers [24:31]
    ...updating slice_lists
    ...updating slices_to_slice_lists
Merge wide arith super clusters
dfs_depth-2: decide to split out first 8 bits of [ egress::hdr.min_parse_depth_padding_0[2].packet_payload<88> ^0 ^bit[0..71] deparsed exact_containers [16:31] ]
ENTER DFS: 3
found a solution after 5 steps
LEAVE DFS: 3
LEAVE DFS: 2
dfs_depth-1: try to split @8
Bit schema:
    --------1-----------------------
    [ egress::hdr.min_parse_depth_padding_0[2].packet_payload<88> ^0 ^bit[0..87] deparsed exact_containers [0:31] ]


    ...(0) found slice to split at idx 8: egress::hdr.min_parse_depth_padding_0[2].packet_payload<88> ^0 ^bit[0..87] deparsed exact_containers [0:31]
    ...erasing egress::hdr.min_parse_depth_padding_0[2].packet_payload<88> ^0 ^bit[0..87] deparsed exact_containers [0:31] in this slice list
    ...adding egress::hdr.min_parse_depth_padding_0[2].packet_payload<88> ^0 ^bit[0..87] deparsed exact_containers [0:7] in this slice list
    ...adding egress::hdr.min_parse_depth_padding_0[2].packet_payload<88> ^0 ^bit[0..79] deparsed exact_containers [8:31] in this slice list
    ...(0) adding to slice list: egress::hdr.min_parse_depth_padding_0[2].packet_payload<88> ^0 ^bit[0..87] deparsed exact_containers [0:31]
    ...(0) starting new slice list
    ...erasing old cluster [[egress::hdr.min_parse_depth_padding_0[2].packet_payload<88> ^0 ^bit[0..87] deparsed exact_containers [0:31]]]
    ...adding new lo cluster [[egress::hdr.min_parse_depth_padding_0[2].packet_payload<88> ^0 ^bit[0..87] deparsed exact_containers [0:7]]]
    ...adding new hi cluster [[egress::hdr.min_parse_depth_padding_0[2].packet_payload<88> ^0 ^bit[0..79] deparsed exact_containers [8:31]]]
    ...updating slices_to_clusters
        - erasing egress::hdr.min_parse_depth_padding_0[2].packet_payload<88> ^0 ^bit[0..87] deparsed exact_containers [0:31]
        - adding egress::hdr.min_parse_depth_padding_0[2].packet_payload<88> ^0 ^bit[0..87] deparsed exact_containers [0:7]
        - adding egress::hdr.min_parse_depth_padding_0[2].packet_payload<88> ^0 ^bit[0..79] deparsed exact_containers [8:31]
    ...updating slice_lists
    ...updating slices_to_slice_lists
Merge wide arith super clusters
dfs_depth-1: decide to split out first 8 bits of [ egress::hdr.min_parse_depth_padding_0[2].packet_payload<88> ^0 ^bit[0..87] deparsed exact_containers [0:31] ]
ENTER DFS: 2
dfs_depth-2: will split [ egress::hdr.min_parse_depth_padding_0[2].packet_payload<88> ^0 ^bit[0..79] deparsed exact_containers [8:31] ]
possible slice choices: 
{new_split: 1, split_unref:0, n_avoidable_packings:0, size: 8}
{new_split: 1, split_unref:0, n_avoidable_packings:0, size: 16}
dfs_depth-2: possible choices: { 16 8 }
dfs_depth-2: try to split @16
Bit schema:
    ----------------1-------
    [ egress::hdr.min_parse_depth_padding_0[2].packet_payload<88> ^0 ^bit[0..79] deparsed exact_containers [8:31] ]


    ...(0) found slice to split at idx 16: egress::hdr.min_parse_depth_padding_0[2].packet_payload<88> ^0 ^bit[0..79] deparsed exact_containers [8:31]
    ...erasing egress::hdr.min_parse_depth_padding_0[2].packet_payload<88> ^0 ^bit[0..79] deparsed exact_containers [8:31] in this slice list
    ...adding egress::hdr.min_parse_depth_padding_0[2].packet_payload<88> ^0 ^bit[0..79] deparsed exact_containers [8:23] in this slice list
    ...adding egress::hdr.min_parse_depth_padding_0[2].packet_payload<88> ^0 ^bit[0..63] deparsed exact_containers [24:31] in this slice list
    ...(0) adding to slice list: egress::hdr.min_parse_depth_padding_0[2].packet_payload<88> ^0 ^bit[0..79] deparsed exact_containers [8:31]
    ...(0) starting new slice list
    ...erasing old cluster [[egress::hdr.min_parse_depth_padding_0[2].packet_payload<88> ^0 ^bit[0..79] deparsed exact_containers [8:31]]]
    ...adding new lo cluster [[egress::hdr.min_parse_depth_padding_0[2].packet_payload<88> ^0 ^bit[0..79] deparsed exact_containers [8:23]]]
    ...adding new hi cluster [[egress::hdr.min_parse_depth_padding_0[2].packet_payload<88> ^0 ^bit[0..63] deparsed exact_containers [24:31]]]
    ...updating slices_to_clusters
        - erasing egress::hdr.min_parse_depth_padding_0[2].packet_payload<88> ^0 ^bit[0..79] deparsed exact_containers [8:31]
        - adding egress::hdr.min_parse_depth_padding_0[2].packet_payload<88> ^0 ^bit[0..79] deparsed exact_containers [8:23]
        - adding egress::hdr.min_parse_depth_padding_0[2].packet_payload<88> ^0 ^bit[0..63] deparsed exact_containers [24:31]
    ...updating slice_lists
    ...updating slices_to_slice_lists
Merge wide arith super clusters
dfs_depth-2: decide to split out first 16 bits of [ egress::hdr.min_parse_depth_padding_0[2].packet_payload<88> ^0 ^bit[0..79] deparsed exact_containers [8:31] ]
ENTER DFS: 3
found a solution after 7 steps
LEAVE DFS: 3
dfs_depth-2: try to split @8
Bit schema:
    --------1---------------
    [ egress::hdr.min_parse_depth_padding_0[2].packet_payload<88> ^0 ^bit[0..79] deparsed exact_containers [8:31] ]


    ...(0) found slice to split at idx 8: egress::hdr.min_parse_depth_padding_0[2].packet_payload<88> ^0 ^bit[0..79] deparsed exact_containers [8:31]
    ...erasing egress::hdr.min_parse_depth_padding_0[2].packet_payload<88> ^0 ^bit[0..79] deparsed exact_containers [8:31] in this slice list
    ...adding egress::hdr.min_parse_depth_padding_0[2].packet_payload<88> ^0 ^bit[0..79] deparsed exact_containers [8:15] in this slice list
    ...adding egress::hdr.min_parse_depth_padding_0[2].packet_payload<88> ^0 ^bit[0..71] deparsed exact_containers [16:31] in this slice list
    ...(0) adding to slice list: egress::hdr.min_parse_depth_padding_0[2].packet_payload<88> ^0 ^bit[0..79] deparsed exact_containers [8:31]
    ...(0) starting new slice list
    ...erasing old cluster [[egress::hdr.min_parse_depth_padding_0[2].packet_payload<88> ^0 ^bit[0..79] deparsed exact_containers [8:31]]]
    ...adding new lo cluster [[egress::hdr.min_parse_depth_padding_0[2].packet_payload<88> ^0 ^bit[0..79] deparsed exact_containers [8:15]]]
    ...adding new hi cluster [[egress::hdr.min_parse_depth_padding_0[2].packet_payload<88> ^0 ^bit[0..71] deparsed exact_containers [16:31]]]
    ...updating slices_to_clusters
        - erasing egress::hdr.min_parse_depth_padding_0[2].packet_payload<88> ^0 ^bit[0..79] deparsed exact_containers [8:31]
        - adding egress::hdr.min_parse_depth_padding_0[2].packet_payload<88> ^0 ^bit[0..79] deparsed exact_containers [8:15]
        - adding egress::hdr.min_parse_depth_padding_0[2].packet_payload<88> ^0 ^bit[0..71] deparsed exact_containers [16:31]
    ...updating slice_lists
    ...updating slices_to_slice_lists
Merge wide arith super clusters
dfs_depth-2: decide to split out first 8 bits of [ egress::hdr.min_parse_depth_padding_0[2].packet_payload<88> ^0 ^bit[0..79] deparsed exact_containers [8:31] ]
ENTER DFS: 3
dfs_depth-3: will split [ egress::hdr.min_parse_depth_padding_0[2].packet_payload<88> ^0 ^bit[0..71] deparsed exact_containers [16:31] ]
possible slice choices: 
{new_split: 1, split_unref:0, n_avoidable_packings:0, size: 8}
{new_split: 0, split_unref:0, n_avoidable_packings:0, size: 16}
dfs_depth-3: possible choices: { 16 8 }
dfs_depth-3: try to split @16
Bit schema:
    ----------------
    [ egress::hdr.min_parse_depth_padding_0[2].packet_payload<88> ^0 ^bit[0..71] deparsed exact_containers [16:31] ]


Merge wide arith super clusters
dfs_depth-3: decide to split out first 16 bits of [ egress::hdr.min_parse_depth_padding_0[2].packet_payload<88> ^0 ^bit[0..71] deparsed exact_containers [16:31] ]
ENTER DFS: 4
found a solution after 9 steps
LEAVE DFS: 4
dfs_depth-3: try to split @8
Bit schema:
    --------1-------
    [ egress::hdr.min_parse_depth_padding_0[2].packet_payload<88> ^0 ^bit[0..71] deparsed exact_containers [16:31] ]


    ...(0) found slice to split at idx 8: egress::hdr.min_parse_depth_padding_0[2].packet_payload<88> ^0 ^bit[0..71] deparsed exact_containers [16:31]
    ...erasing egress::hdr.min_parse_depth_padding_0[2].packet_payload<88> ^0 ^bit[0..71] deparsed exact_containers [16:31] in this slice list
    ...adding egress::hdr.min_parse_depth_padding_0[2].packet_payload<88> ^0 ^bit[0..71] deparsed exact_containers [16:23] in this slice list
    ...adding egress::hdr.min_parse_depth_padding_0[2].packet_payload<88> ^0 ^bit[0..63] deparsed exact_containers [24:31] in this slice list
    ...(0) adding to slice list: egress::hdr.min_parse_depth_padding_0[2].packet_payload<88> ^0 ^bit[0..71] deparsed exact_containers [16:31]
    ...(0) starting new slice list
    ...erasing old cluster [[egress::hdr.min_parse_depth_padding_0[2].packet_payload<88> ^0 ^bit[0..71] deparsed exact_containers [16:31]]]
    ...adding new lo cluster [[egress::hdr.min_parse_depth_padding_0[2].packet_payload<88> ^0 ^bit[0..71] deparsed exact_containers [16:23]]]
    ...adding new hi cluster [[egress::hdr.min_parse_depth_padding_0[2].packet_payload<88> ^0 ^bit[0..63] deparsed exact_containers [24:31]]]
    ...updating slices_to_clusters
        - erasing egress::hdr.min_parse_depth_padding_0[2].packet_payload<88> ^0 ^bit[0..71] deparsed exact_containers [16:31]
        - adding egress::hdr.min_parse_depth_padding_0[2].packet_payload<88> ^0 ^bit[0..71] deparsed exact_containers [16:23]
        - adding egress::hdr.min_parse_depth_padding_0[2].packet_payload<88> ^0 ^bit[0..63] deparsed exact_containers [24:31]
    ...updating slice_lists
    ...updating slices_to_slice_lists
Merge wide arith super clusters
dfs_depth-3: decide to split out first 8 bits of [ egress::hdr.min_parse_depth_padding_0[2].packet_payload<88> ^0 ^bit[0..71] deparsed exact_containers [16:31] ]
ENTER DFS: 4
found a solution after 10 steps
LEAVE DFS: 4
LEAVE DFS: 3
LEAVE DFS: 2
LEAVE DFS: 1
DFS Result: 1, n_steps_since_last_solution: 0, max_search_steps_per_solution: 524288
Making Itr for SUPERCLUSTER Uid: 273
    slice lists:	
        [ egress::hdr.min_parse_depth_padding_0[2].packet_payload<88> ^0 ^bit[0..55] deparsed exact_containers [32:63] ]
    rotational clusters:	
        [[egress::hdr.min_parse_depth_padding_0[2].packet_payload<88> ^0 ^bit[0..55] deparsed exact_containers [32:63]]]

Homogeneous slicing enabled: 0 Rejected slice options: 
pa_container_sz slicing schema: Bit schema:
    --------------------------------
    [ egress::hdr.min_parse_depth_padding_0[2].packet_payload<88> ^0 ^bit[0..55] deparsed exact_containers [32:63] ]


Bit schema:
    --------------------------------
    [ egress::hdr.min_parse_depth_padding_0[2].packet_payload<88> ^0 ^bit[0..55] deparsed exact_containers [32:63] ]


Merge wide arith super clusters
split by pa_container_size result: 
SUPERCLUSTER Uid: 658
    slice lists:	
        [ egress::hdr.min_parse_depth_padding_0[2].packet_payload<88> ^0 ^bit[0..55] deparsed exact_containers [32:63] ]
    rotational clusters:	
        [[egress::hdr.min_parse_depth_padding_0[2].packet_payload<88> ^0 ^bit[0..55] deparsed exact_containers [32:63]]]

split_by_adjacent_no_pack schema: Bit schema:
    --------------------------------
    [ egress::hdr.min_parse_depth_padding_0[2].packet_payload<88> ^0 ^bit[0..55] deparsed exact_containers [32:63] ]


Bit schema:
    --------------------------------
    [ egress::hdr.min_parse_depth_padding_0[2].packet_payload<88> ^0 ^bit[0..55] deparsed exact_containers [32:63] ]


Merge wide arith super clusters
after pre-split by adjacent_no_pack:
SUPERCLUSTER Uid: 659
    slice lists:	
        [ egress::hdr.min_parse_depth_padding_0[2].packet_payload<88> ^0 ^bit[0..55] deparsed exact_containers [32:63] ]
    rotational clusters:	
        [[egress::hdr.min_parse_depth_padding_0[2].packet_payload<88> ^0 ^bit[0..55] deparsed exact_containers [32:63]]]

split_by_deparsed_bottom_bits schema: Bit schema:
    --------------------------------
    [ egress::hdr.min_parse_depth_padding_0[2].packet_payload<88> ^0 ^bit[0..55] deparsed exact_containers [32:63] ]


Bit schema:
    --------------------------------
    [ egress::hdr.min_parse_depth_padding_0[2].packet_payload<88> ^0 ^bit[0..55] deparsed exact_containers [32:63] ]


Merge wide arith super clusters
after pre-split by deparsed_bottom_bits:
SUPERCLUSTER Uid: 660
    slice lists:	
        [ egress::hdr.min_parse_depth_padding_0[2].packet_payload<88> ^0 ^bit[0..55] deparsed exact_containers [32:63] ]
    rotational clusters:	
        [[egress::hdr.min_parse_depth_padding_0[2].packet_payload<88> ^0 ^bit[0..55] deparsed exact_containers [32:63]]]

split_by_adjacent_deparsed_and_non_deparsed schema: Bit schema:
    --------------------------------
    [ egress::hdr.min_parse_depth_padding_0[2].packet_payload<88> ^0 ^bit[0..55] deparsed exact_containers [32:63] ]


Bit schema:
    --------------------------------
    [ egress::hdr.min_parse_depth_padding_0[2].packet_payload<88> ^0 ^bit[0..55] deparsed exact_containers [32:63] ]


Merge wide arith super clusters
after pre-split by adjacent_deparsed_and_non_deparsed:
SUPERCLUSTER Uid: 661
    slice lists:	
        [ egress::hdr.min_parse_depth_padding_0[2].packet_payload<88> ^0 ^bit[0..55] deparsed exact_containers [32:63] ]
    rotational clusters:	
        [[egress::hdr.min_parse_depth_padding_0[2].packet_payload<88> ^0 ^bit[0..55] deparsed exact_containers [32:63]]]

split_parser_write_mode schema: Bit schema:
    --------------------------------
    [ egress::hdr.min_parse_depth_padding_0[2].packet_payload<88> ^0 ^bit[0..55] deparsed exact_containers [32:63] ]


Bit schema:
    --------------------------------
    [ egress::hdr.min_parse_depth_padding_0[2].packet_payload<88> ^0 ^bit[0..55] deparsed exact_containers [32:63] ]


Merge wide arith super clusters
after pre-split by parser_write_mode:
SUPERCLUSTER Uid: 662
    slice lists:	
        [ egress::hdr.min_parse_depth_padding_0[2].packet_payload<88> ^0 ^bit[0..55] deparsed exact_containers [32:63] ]
    rotational clusters:	
        [[egress::hdr.min_parse_depth_padding_0[2].packet_payload<88> ^0 ^bit[0..55] deparsed exact_containers [32:63]]]

ENTER DFS: 1
dfs_depth-1: will split [ egress::hdr.min_parse_depth_padding_0[2].packet_payload<88> ^0 ^bit[0..55] deparsed exact_containers [32:63] ]
possible slice choices: 
{new_split: 1, split_unref:0, n_avoidable_packings:0, size: 8}
{new_split: 1, split_unref:0, n_avoidable_packings:0, size: 16}
{new_split: 0, split_unref:0, n_avoidable_packings:0, size: 32}
dfs_depth-1: possible choices: { 32 16 8 }
dfs_depth-1: try to split @32
Bit schema:
    --------------------------------
    [ egress::hdr.min_parse_depth_padding_0[2].packet_payload<88> ^0 ^bit[0..55] deparsed exact_containers [32:63] ]


Merge wide arith super clusters
dfs_depth-1: decide to split out first 32 bits of [ egress::hdr.min_parse_depth_padding_0[2].packet_payload<88> ^0 ^bit[0..55] deparsed exact_containers [32:63] ]
ENTER DFS: 2
found a solution after 2 steps
LEAVE DFS: 2
dfs_depth-1: try to split @16
Bit schema:
    ----------------1---------------
    [ egress::hdr.min_parse_depth_padding_0[2].packet_payload<88> ^0 ^bit[0..55] deparsed exact_containers [32:63] ]


    ...(0) found slice to split at idx 16: egress::hdr.min_parse_depth_padding_0[2].packet_payload<88> ^0 ^bit[0..55] deparsed exact_containers [32:63]
    ...erasing egress::hdr.min_parse_depth_padding_0[2].packet_payload<88> ^0 ^bit[0..55] deparsed exact_containers [32:63] in this slice list
    ...adding egress::hdr.min_parse_depth_padding_0[2].packet_payload<88> ^0 ^bit[0..55] deparsed exact_containers [32:47] in this slice list
    ...adding egress::hdr.min_parse_depth_padding_0[2].packet_payload<88> ^0 ^bit[0..39] deparsed exact_containers [48:63] in this slice list
    ...(0) adding to slice list: egress::hdr.min_parse_depth_padding_0[2].packet_payload<88> ^0 ^bit[0..55] deparsed exact_containers [32:63]
    ...(0) starting new slice list
    ...erasing old cluster [[egress::hdr.min_parse_depth_padding_0[2].packet_payload<88> ^0 ^bit[0..55] deparsed exact_containers [32:63]]]
    ...adding new lo cluster [[egress::hdr.min_parse_depth_padding_0[2].packet_payload<88> ^0 ^bit[0..55] deparsed exact_containers [32:47]]]
    ...adding new hi cluster [[egress::hdr.min_parse_depth_padding_0[2].packet_payload<88> ^0 ^bit[0..39] deparsed exact_containers [48:63]]]
    ...updating slices_to_clusters
        - erasing egress::hdr.min_parse_depth_padding_0[2].packet_payload<88> ^0 ^bit[0..55] deparsed exact_containers [32:63]
        - adding egress::hdr.min_parse_depth_padding_0[2].packet_payload<88> ^0 ^bit[0..55] deparsed exact_containers [32:47]
        - adding egress::hdr.min_parse_depth_padding_0[2].packet_payload<88> ^0 ^bit[0..39] deparsed exact_containers [48:63]
    ...updating slice_lists
    ...updating slices_to_slice_lists
Merge wide arith super clusters
dfs_depth-1: decide to split out first 16 bits of [ egress::hdr.min_parse_depth_padding_0[2].packet_payload<88> ^0 ^bit[0..55] deparsed exact_containers [32:63] ]
ENTER DFS: 2
dfs_depth-2: will split [ egress::hdr.min_parse_depth_padding_0[2].packet_payload<88> ^0 ^bit[0..39] deparsed exact_containers [48:63] ]
possible slice choices: 
{new_split: 1, split_unref:0, n_avoidable_packings:0, size: 8}
{new_split: 0, split_unref:0, n_avoidable_packings:0, size: 16}
dfs_depth-2: possible choices: { 16 8 }
dfs_depth-2: try to split @16
Bit schema:
    ----------------
    [ egress::hdr.min_parse_depth_padding_0[2].packet_payload<88> ^0 ^bit[0..39] deparsed exact_containers [48:63] ]


Merge wide arith super clusters
dfs_depth-2: decide to split out first 16 bits of [ egress::hdr.min_parse_depth_padding_0[2].packet_payload<88> ^0 ^bit[0..39] deparsed exact_containers [48:63] ]
ENTER DFS: 3
found a solution after 4 steps
LEAVE DFS: 3
dfs_depth-2: try to split @8
Bit schema:
    --------1-------
    [ egress::hdr.min_parse_depth_padding_0[2].packet_payload<88> ^0 ^bit[0..39] deparsed exact_containers [48:63] ]


    ...(0) found slice to split at idx 8: egress::hdr.min_parse_depth_padding_0[2].packet_payload<88> ^0 ^bit[0..39] deparsed exact_containers [48:63]
    ...erasing egress::hdr.min_parse_depth_padding_0[2].packet_payload<88> ^0 ^bit[0..39] deparsed exact_containers [48:63] in this slice list
    ...adding egress::hdr.min_parse_depth_padding_0[2].packet_payload<88> ^0 ^bit[0..39] deparsed exact_containers [48:55] in this slice list
    ...adding egress::hdr.min_parse_depth_padding_0[2].packet_payload<88> ^0 ^bit[0..31] deparsed exact_containers [56:63] in this slice list
    ...(0) adding to slice list: egress::hdr.min_parse_depth_padding_0[2].packet_payload<88> ^0 ^bit[0..39] deparsed exact_containers [48:63]
    ...(0) starting new slice list
    ...erasing old cluster [[egress::hdr.min_parse_depth_padding_0[2].packet_payload<88> ^0 ^bit[0..39] deparsed exact_containers [48:63]]]
    ...adding new lo cluster [[egress::hdr.min_parse_depth_padding_0[2].packet_payload<88> ^0 ^bit[0..39] deparsed exact_containers [48:55]]]
    ...adding new hi cluster [[egress::hdr.min_parse_depth_padding_0[2].packet_payload<88> ^0 ^bit[0..31] deparsed exact_containers [56:63]]]
    ...updating slices_to_clusters
        - erasing egress::hdr.min_parse_depth_padding_0[2].packet_payload<88> ^0 ^bit[0..39] deparsed exact_containers [48:63]
        - adding egress::hdr.min_parse_depth_padding_0[2].packet_payload<88> ^0 ^bit[0..39] deparsed exact_containers [48:55]
        - adding egress::hdr.min_parse_depth_padding_0[2].packet_payload<88> ^0 ^bit[0..31] deparsed exact_containers [56:63]
    ...updating slice_lists
    ...updating slices_to_slice_lists
Merge wide arith super clusters
dfs_depth-2: decide to split out first 8 bits of [ egress::hdr.min_parse_depth_padding_0[2].packet_payload<88> ^0 ^bit[0..39] deparsed exact_containers [48:63] ]
ENTER DFS: 3
found a solution after 5 steps
LEAVE DFS: 3
LEAVE DFS: 2
dfs_depth-1: try to split @8
Bit schema:
    --------1-----------------------
    [ egress::hdr.min_parse_depth_padding_0[2].packet_payload<88> ^0 ^bit[0..55] deparsed exact_containers [32:63] ]


    ...(0) found slice to split at idx 8: egress::hdr.min_parse_depth_padding_0[2].packet_payload<88> ^0 ^bit[0..55] deparsed exact_containers [32:63]
    ...erasing egress::hdr.min_parse_depth_padding_0[2].packet_payload<88> ^0 ^bit[0..55] deparsed exact_containers [32:63] in this slice list
    ...adding egress::hdr.min_parse_depth_padding_0[2].packet_payload<88> ^0 ^bit[0..55] deparsed exact_containers [32:39] in this slice list
    ...adding egress::hdr.min_parse_depth_padding_0[2].packet_payload<88> ^0 ^bit[0..47] deparsed exact_containers [40:63] in this slice list
    ...(0) adding to slice list: egress::hdr.min_parse_depth_padding_0[2].packet_payload<88> ^0 ^bit[0..55] deparsed exact_containers [32:63]
    ...(0) starting new slice list
    ...erasing old cluster [[egress::hdr.min_parse_depth_padding_0[2].packet_payload<88> ^0 ^bit[0..55] deparsed exact_containers [32:63]]]
    ...adding new lo cluster [[egress::hdr.min_parse_depth_padding_0[2].packet_payload<88> ^0 ^bit[0..55] deparsed exact_containers [32:39]]]
    ...adding new hi cluster [[egress::hdr.min_parse_depth_padding_0[2].packet_payload<88> ^0 ^bit[0..47] deparsed exact_containers [40:63]]]
    ...updating slices_to_clusters
        - erasing egress::hdr.min_parse_depth_padding_0[2].packet_payload<88> ^0 ^bit[0..55] deparsed exact_containers [32:63]
        - adding egress::hdr.min_parse_depth_padding_0[2].packet_payload<88> ^0 ^bit[0..55] deparsed exact_containers [32:39]
        - adding egress::hdr.min_parse_depth_padding_0[2].packet_payload<88> ^0 ^bit[0..47] deparsed exact_containers [40:63]
    ...updating slice_lists
    ...updating slices_to_slice_lists
Merge wide arith super clusters
dfs_depth-1: decide to split out first 8 bits of [ egress::hdr.min_parse_depth_padding_0[2].packet_payload<88> ^0 ^bit[0..55] deparsed exact_containers [32:63] ]
ENTER DFS: 2
dfs_depth-2: will split [ egress::hdr.min_parse_depth_padding_0[2].packet_payload<88> ^0 ^bit[0..47] deparsed exact_containers [40:63] ]
possible slice choices: 
{new_split: 1, split_unref:0, n_avoidable_packings:0, size: 8}
{new_split: 1, split_unref:0, n_avoidable_packings:0, size: 16}
dfs_depth-2: possible choices: { 16 8 }
dfs_depth-2: try to split @16
Bit schema:
    ----------------1-------
    [ egress::hdr.min_parse_depth_padding_0[2].packet_payload<88> ^0 ^bit[0..47] deparsed exact_containers [40:63] ]


    ...(0) found slice to split at idx 16: egress::hdr.min_parse_depth_padding_0[2].packet_payload<88> ^0 ^bit[0..47] deparsed exact_containers [40:63]
    ...erasing egress::hdr.min_parse_depth_padding_0[2].packet_payload<88> ^0 ^bit[0..47] deparsed exact_containers [40:63] in this slice list
    ...adding egress::hdr.min_parse_depth_padding_0[2].packet_payload<88> ^0 ^bit[0..47] deparsed exact_containers [40:55] in this slice list
    ...adding egress::hdr.min_parse_depth_padding_0[2].packet_payload<88> ^0 ^bit[0..31] deparsed exact_containers [56:63] in this slice list
    ...(0) adding to slice list: egress::hdr.min_parse_depth_padding_0[2].packet_payload<88> ^0 ^bit[0..47] deparsed exact_containers [40:63]
    ...(0) starting new slice list
    ...erasing old cluster [[egress::hdr.min_parse_depth_padding_0[2].packet_payload<88> ^0 ^bit[0..47] deparsed exact_containers [40:63]]]
    ...adding new lo cluster [[egress::hdr.min_parse_depth_padding_0[2].packet_payload<88> ^0 ^bit[0..47] deparsed exact_containers [40:55]]]
    ...adding new hi cluster [[egress::hdr.min_parse_depth_padding_0[2].packet_payload<88> ^0 ^bit[0..31] deparsed exact_containers [56:63]]]
    ...updating slices_to_clusters
        - erasing egress::hdr.min_parse_depth_padding_0[2].packet_payload<88> ^0 ^bit[0..47] deparsed exact_containers [40:63]
        - adding egress::hdr.min_parse_depth_padding_0[2].packet_payload<88> ^0 ^bit[0..47] deparsed exact_containers [40:55]
        - adding egress::hdr.min_parse_depth_padding_0[2].packet_payload<88> ^0 ^bit[0..31] deparsed exact_containers [56:63]
    ...updating slice_lists
    ...updating slices_to_slice_lists
Merge wide arith super clusters
dfs_depth-2: decide to split out first 16 bits of [ egress::hdr.min_parse_depth_padding_0[2].packet_payload<88> ^0 ^bit[0..47] deparsed exact_containers [40:63] ]
ENTER DFS: 3
found a solution after 7 steps
LEAVE DFS: 3
dfs_depth-2: try to split @8
Bit schema:
    --------1---------------
    [ egress::hdr.min_parse_depth_padding_0[2].packet_payload<88> ^0 ^bit[0..47] deparsed exact_containers [40:63] ]


    ...(0) found slice to split at idx 8: egress::hdr.min_parse_depth_padding_0[2].packet_payload<88> ^0 ^bit[0..47] deparsed exact_containers [40:63]
    ...erasing egress::hdr.min_parse_depth_padding_0[2].packet_payload<88> ^0 ^bit[0..47] deparsed exact_containers [40:63] in this slice list
    ...adding egress::hdr.min_parse_depth_padding_0[2].packet_payload<88> ^0 ^bit[0..47] deparsed exact_containers [40:47] in this slice list
    ...adding egress::hdr.min_parse_depth_padding_0[2].packet_payload<88> ^0 ^bit[0..39] deparsed exact_containers [48:63] in this slice list
    ...(0) adding to slice list: egress::hdr.min_parse_depth_padding_0[2].packet_payload<88> ^0 ^bit[0..47] deparsed exact_containers [40:63]
    ...(0) starting new slice list
    ...erasing old cluster [[egress::hdr.min_parse_depth_padding_0[2].packet_payload<88> ^0 ^bit[0..47] deparsed exact_containers [40:63]]]
    ...adding new lo cluster [[egress::hdr.min_parse_depth_padding_0[2].packet_payload<88> ^0 ^bit[0..47] deparsed exact_containers [40:47]]]
    ...adding new hi cluster [[egress::hdr.min_parse_depth_padding_0[2].packet_payload<88> ^0 ^bit[0..39] deparsed exact_containers [48:63]]]
    ...updating slices_to_clusters
        - erasing egress::hdr.min_parse_depth_padding_0[2].packet_payload<88> ^0 ^bit[0..47] deparsed exact_containers [40:63]
        - adding egress::hdr.min_parse_depth_padding_0[2].packet_payload<88> ^0 ^bit[0..47] deparsed exact_containers [40:47]
        - adding egress::hdr.min_parse_depth_padding_0[2].packet_payload<88> ^0 ^bit[0..39] deparsed exact_containers [48:63]
    ...updating slice_lists
    ...updating slices_to_slice_lists
Merge wide arith super clusters
dfs_depth-2: decide to split out first 8 bits of [ egress::hdr.min_parse_depth_padding_0[2].packet_payload<88> ^0 ^bit[0..47] deparsed exact_containers [40:63] ]
ENTER DFS: 3
dfs_depth-3: will split [ egress::hdr.min_parse_depth_padding_0[2].packet_payload<88> ^0 ^bit[0..39] deparsed exact_containers [48:63] ]
possible slice choices: 
{new_split: 1, split_unref:0, n_avoidable_packings:0, size: 8}
{new_split: 0, split_unref:0, n_avoidable_packings:0, size: 16}
dfs_depth-3: possible choices: { 16 8 }
dfs_depth-3: try to split @16
Bit schema:
    ----------------
    [ egress::hdr.min_parse_depth_padding_0[2].packet_payload<88> ^0 ^bit[0..39] deparsed exact_containers [48:63] ]


Merge wide arith super clusters
dfs_depth-3: decide to split out first 16 bits of [ egress::hdr.min_parse_depth_padding_0[2].packet_payload<88> ^0 ^bit[0..39] deparsed exact_containers [48:63] ]
ENTER DFS: 4
found a solution after 9 steps
LEAVE DFS: 4
dfs_depth-3: try to split @8
Bit schema:
    --------1-------
    [ egress::hdr.min_parse_depth_padding_0[2].packet_payload<88> ^0 ^bit[0..39] deparsed exact_containers [48:63] ]


    ...(0) found slice to split at idx 8: egress::hdr.min_parse_depth_padding_0[2].packet_payload<88> ^0 ^bit[0..39] deparsed exact_containers [48:63]
    ...erasing egress::hdr.min_parse_depth_padding_0[2].packet_payload<88> ^0 ^bit[0..39] deparsed exact_containers [48:63] in this slice list
    ...adding egress::hdr.min_parse_depth_padding_0[2].packet_payload<88> ^0 ^bit[0..39] deparsed exact_containers [48:55] in this slice list
    ...adding egress::hdr.min_parse_depth_padding_0[2].packet_payload<88> ^0 ^bit[0..31] deparsed exact_containers [56:63] in this slice list
    ...(0) adding to slice list: egress::hdr.min_parse_depth_padding_0[2].packet_payload<88> ^0 ^bit[0..39] deparsed exact_containers [48:63]
    ...(0) starting new slice list
    ...erasing old cluster [[egress::hdr.min_parse_depth_padding_0[2].packet_payload<88> ^0 ^bit[0..39] deparsed exact_containers [48:63]]]
    ...adding new lo cluster [[egress::hdr.min_parse_depth_padding_0[2].packet_payload<88> ^0 ^bit[0..39] deparsed exact_containers [48:55]]]
    ...adding new hi cluster [[egress::hdr.min_parse_depth_padding_0[2].packet_payload<88> ^0 ^bit[0..31] deparsed exact_containers [56:63]]]
    ...updating slices_to_clusters
        - erasing egress::hdr.min_parse_depth_padding_0[2].packet_payload<88> ^0 ^bit[0..39] deparsed exact_containers [48:63]
        - adding egress::hdr.min_parse_depth_padding_0[2].packet_payload<88> ^0 ^bit[0..39] deparsed exact_containers [48:55]
        - adding egress::hdr.min_parse_depth_padding_0[2].packet_payload<88> ^0 ^bit[0..31] deparsed exact_containers [56:63]
    ...updating slice_lists
    ...updating slices_to_slice_lists
Merge wide arith super clusters
dfs_depth-3: decide to split out first 8 bits of [ egress::hdr.min_parse_depth_padding_0[2].packet_payload<88> ^0 ^bit[0..39] deparsed exact_containers [48:63] ]
ENTER DFS: 4
found a solution after 10 steps
LEAVE DFS: 4
LEAVE DFS: 3
LEAVE DFS: 2
LEAVE DFS: 1
DFS Result: 1, n_steps_since_last_solution: 0, max_search_steps_per_solution: 524288
Making Itr for SUPERCLUSTER Uid: 290
    slice lists:	
        [ egress::hdr.min_parse_depth_padding_0[3].packet_payload<88> ^0 ^bit[0..87] deparsed exact_containers [0:31] ]
    rotational clusters:	
        [[egress::hdr.min_parse_depth_padding_0[3].packet_payload<88> ^0 ^bit[0..87] deparsed exact_containers [0:31]]]

Homogeneous slicing enabled: 0 Rejected slice options: 
pa_container_sz slicing schema: Bit schema:
    --------------------------------
    [ egress::hdr.min_parse_depth_padding_0[3].packet_payload<88> ^0 ^bit[0..87] deparsed exact_containers [0:31] ]


Bit schema:
    --------------------------------
    [ egress::hdr.min_parse_depth_padding_0[3].packet_payload<88> ^0 ^bit[0..87] deparsed exact_containers [0:31] ]


Merge wide arith super clusters
split by pa_container_size result: 
SUPERCLUSTER Uid: 702
    slice lists:	
        [ egress::hdr.min_parse_depth_padding_0[3].packet_payload<88> ^0 ^bit[0..87] deparsed exact_containers [0:31] ]
    rotational clusters:	
        [[egress::hdr.min_parse_depth_padding_0[3].packet_payload<88> ^0 ^bit[0..87] deparsed exact_containers [0:31]]]

split_by_adjacent_no_pack schema: Bit schema:
    --------------------------------
    [ egress::hdr.min_parse_depth_padding_0[3].packet_payload<88> ^0 ^bit[0..87] deparsed exact_containers [0:31] ]


Bit schema:
    --------------------------------
    [ egress::hdr.min_parse_depth_padding_0[3].packet_payload<88> ^0 ^bit[0..87] deparsed exact_containers [0:31] ]


Merge wide arith super clusters
after pre-split by adjacent_no_pack:
SUPERCLUSTER Uid: 703
    slice lists:	
        [ egress::hdr.min_parse_depth_padding_0[3].packet_payload<88> ^0 ^bit[0..87] deparsed exact_containers [0:31] ]
    rotational clusters:	
        [[egress::hdr.min_parse_depth_padding_0[3].packet_payload<88> ^0 ^bit[0..87] deparsed exact_containers [0:31]]]

split_by_deparsed_bottom_bits schema: Bit schema:
    --------------------------------
    [ egress::hdr.min_parse_depth_padding_0[3].packet_payload<88> ^0 ^bit[0..87] deparsed exact_containers [0:31] ]


Bit schema:
    --------------------------------
    [ egress::hdr.min_parse_depth_padding_0[3].packet_payload<88> ^0 ^bit[0..87] deparsed exact_containers [0:31] ]


Merge wide arith super clusters
after pre-split by deparsed_bottom_bits:
SUPERCLUSTER Uid: 704
    slice lists:	
        [ egress::hdr.min_parse_depth_padding_0[3].packet_payload<88> ^0 ^bit[0..87] deparsed exact_containers [0:31] ]
    rotational clusters:	
        [[egress::hdr.min_parse_depth_padding_0[3].packet_payload<88> ^0 ^bit[0..87] deparsed exact_containers [0:31]]]

split_by_adjacent_deparsed_and_non_deparsed schema: Bit schema:
    --------------------------------
    [ egress::hdr.min_parse_depth_padding_0[3].packet_payload<88> ^0 ^bit[0..87] deparsed exact_containers [0:31] ]


Bit schema:
    --------------------------------
    [ egress::hdr.min_parse_depth_padding_0[3].packet_payload<88> ^0 ^bit[0..87] deparsed exact_containers [0:31] ]


Merge wide arith super clusters
after pre-split by adjacent_deparsed_and_non_deparsed:
SUPERCLUSTER Uid: 705
    slice lists:	
        [ egress::hdr.min_parse_depth_padding_0[3].packet_payload<88> ^0 ^bit[0..87] deparsed exact_containers [0:31] ]
    rotational clusters:	
        [[egress::hdr.min_parse_depth_padding_0[3].packet_payload<88> ^0 ^bit[0..87] deparsed exact_containers [0:31]]]

split_parser_write_mode schema: Bit schema:
    --------------------------------
    [ egress::hdr.min_parse_depth_padding_0[3].packet_payload<88> ^0 ^bit[0..87] deparsed exact_containers [0:31] ]


Bit schema:
    --------------------------------
    [ egress::hdr.min_parse_depth_padding_0[3].packet_payload<88> ^0 ^bit[0..87] deparsed exact_containers [0:31] ]


Merge wide arith super clusters
after pre-split by parser_write_mode:
SUPERCLUSTER Uid: 706
    slice lists:	
        [ egress::hdr.min_parse_depth_padding_0[3].packet_payload<88> ^0 ^bit[0..87] deparsed exact_containers [0:31] ]
    rotational clusters:	
        [[egress::hdr.min_parse_depth_padding_0[3].packet_payload<88> ^0 ^bit[0..87] deparsed exact_containers [0:31]]]

ENTER DFS: 1
dfs_depth-1: will split [ egress::hdr.min_parse_depth_padding_0[3].packet_payload<88> ^0 ^bit[0..87] deparsed exact_containers [0:31] ]
possible slice choices: 
{new_split: 1, split_unref:0, n_avoidable_packings:0, size: 8}
{new_split: 1, split_unref:0, n_avoidable_packings:0, size: 16}
{new_split: 0, split_unref:0, n_avoidable_packings:0, size: 32}
dfs_depth-1: possible choices: { 32 16 8 }
dfs_depth-1: try to split @32
Bit schema:
    --------------------------------
    [ egress::hdr.min_parse_depth_padding_0[3].packet_payload<88> ^0 ^bit[0..87] deparsed exact_containers [0:31] ]


Merge wide arith super clusters
dfs_depth-1: decide to split out first 32 bits of [ egress::hdr.min_parse_depth_padding_0[3].packet_payload<88> ^0 ^bit[0..87] deparsed exact_containers [0:31] ]
ENTER DFS: 2
found a solution after 2 steps
LEAVE DFS: 2
dfs_depth-1: try to split @16
Bit schema:
    ----------------1---------------
    [ egress::hdr.min_parse_depth_padding_0[3].packet_payload<88> ^0 ^bit[0..87] deparsed exact_containers [0:31] ]


    ...(0) found slice to split at idx 16: egress::hdr.min_parse_depth_padding_0[3].packet_payload<88> ^0 ^bit[0..87] deparsed exact_containers [0:31]
    ...erasing egress::hdr.min_parse_depth_padding_0[3].packet_payload<88> ^0 ^bit[0..87] deparsed exact_containers [0:31] in this slice list
    ...adding egress::hdr.min_parse_depth_padding_0[3].packet_payload<88> ^0 ^bit[0..87] deparsed exact_containers [0:15] in this slice list
    ...adding egress::hdr.min_parse_depth_padding_0[3].packet_payload<88> ^0 ^bit[0..71] deparsed exact_containers [16:31] in this slice list
    ...(0) adding to slice list: egress::hdr.min_parse_depth_padding_0[3].packet_payload<88> ^0 ^bit[0..87] deparsed exact_containers [0:31]
    ...(0) starting new slice list
    ...erasing old cluster [[egress::hdr.min_parse_depth_padding_0[3].packet_payload<88> ^0 ^bit[0..87] deparsed exact_containers [0:31]]]
    ...adding new lo cluster [[egress::hdr.min_parse_depth_padding_0[3].packet_payload<88> ^0 ^bit[0..87] deparsed exact_containers [0:15]]]
    ...adding new hi cluster [[egress::hdr.min_parse_depth_padding_0[3].packet_payload<88> ^0 ^bit[0..71] deparsed exact_containers [16:31]]]
    ...updating slices_to_clusters
        - erasing egress::hdr.min_parse_depth_padding_0[3].packet_payload<88> ^0 ^bit[0..87] deparsed exact_containers [0:31]
        - adding egress::hdr.min_parse_depth_padding_0[3].packet_payload<88> ^0 ^bit[0..87] deparsed exact_containers [0:15]
        - adding egress::hdr.min_parse_depth_padding_0[3].packet_payload<88> ^0 ^bit[0..71] deparsed exact_containers [16:31]
    ...updating slice_lists
    ...updating slices_to_slice_lists
Merge wide arith super clusters
dfs_depth-1: decide to split out first 16 bits of [ egress::hdr.min_parse_depth_padding_0[3].packet_payload<88> ^0 ^bit[0..87] deparsed exact_containers [0:31] ]
ENTER DFS: 2
dfs_depth-2: will split [ egress::hdr.min_parse_depth_padding_0[3].packet_payload<88> ^0 ^bit[0..71] deparsed exact_containers [16:31] ]
possible slice choices: 
{new_split: 1, split_unref:0, n_avoidable_packings:0, size: 8}
{new_split: 0, split_unref:0, n_avoidable_packings:0, size: 16}
dfs_depth-2: possible choices: { 16 8 }
dfs_depth-2: try to split @16
Bit schema:
    ----------------
    [ egress::hdr.min_parse_depth_padding_0[3].packet_payload<88> ^0 ^bit[0..71] deparsed exact_containers [16:31] ]


Merge wide arith super clusters
dfs_depth-2: decide to split out first 16 bits of [ egress::hdr.min_parse_depth_padding_0[3].packet_payload<88> ^0 ^bit[0..71] deparsed exact_containers [16:31] ]
ENTER DFS: 3
found a solution after 4 steps
LEAVE DFS: 3
dfs_depth-2: try to split @8
Bit schema:
    --------1-------
    [ egress::hdr.min_parse_depth_padding_0[3].packet_payload<88> ^0 ^bit[0..71] deparsed exact_containers [16:31] ]


    ...(0) found slice to split at idx 8: egress::hdr.min_parse_depth_padding_0[3].packet_payload<88> ^0 ^bit[0..71] deparsed exact_containers [16:31]
    ...erasing egress::hdr.min_parse_depth_padding_0[3].packet_payload<88> ^0 ^bit[0..71] deparsed exact_containers [16:31] in this slice list
    ...adding egress::hdr.min_parse_depth_padding_0[3].packet_payload<88> ^0 ^bit[0..71] deparsed exact_containers [16:23] in this slice list
    ...adding egress::hdr.min_parse_depth_padding_0[3].packet_payload<88> ^0 ^bit[0..63] deparsed exact_containers [24:31] in this slice list
    ...(0) adding to slice list: egress::hdr.min_parse_depth_padding_0[3].packet_payload<88> ^0 ^bit[0..71] deparsed exact_containers [16:31]
    ...(0) starting new slice list
    ...erasing old cluster [[egress::hdr.min_parse_depth_padding_0[3].packet_payload<88> ^0 ^bit[0..71] deparsed exact_containers [16:31]]]
    ...adding new lo cluster [[egress::hdr.min_parse_depth_padding_0[3].packet_payload<88> ^0 ^bit[0..71] deparsed exact_containers [16:23]]]
    ...adding new hi cluster [[egress::hdr.min_parse_depth_padding_0[3].packet_payload<88> ^0 ^bit[0..63] deparsed exact_containers [24:31]]]
    ...updating slices_to_clusters
        - erasing egress::hdr.min_parse_depth_padding_0[3].packet_payload<88> ^0 ^bit[0..71] deparsed exact_containers [16:31]
        - adding egress::hdr.min_parse_depth_padding_0[3].packet_payload<88> ^0 ^bit[0..71] deparsed exact_containers [16:23]
        - adding egress::hdr.min_parse_depth_padding_0[3].packet_payload<88> ^0 ^bit[0..63] deparsed exact_containers [24:31]
    ...updating slice_lists
    ...updating slices_to_slice_lists
Merge wide arith super clusters
dfs_depth-2: decide to split out first 8 bits of [ egress::hdr.min_parse_depth_padding_0[3].packet_payload<88> ^0 ^bit[0..71] deparsed exact_containers [16:31] ]
ENTER DFS: 3
found a solution after 5 steps
LEAVE DFS: 3
LEAVE DFS: 2
dfs_depth-1: try to split @8
Bit schema:
    --------1-----------------------
    [ egress::hdr.min_parse_depth_padding_0[3].packet_payload<88> ^0 ^bit[0..87] deparsed exact_containers [0:31] ]


    ...(0) found slice to split at idx 8: egress::hdr.min_parse_depth_padding_0[3].packet_payload<88> ^0 ^bit[0..87] deparsed exact_containers [0:31]
    ...erasing egress::hdr.min_parse_depth_padding_0[3].packet_payload<88> ^0 ^bit[0..87] deparsed exact_containers [0:31] in this slice list
    ...adding egress::hdr.min_parse_depth_padding_0[3].packet_payload<88> ^0 ^bit[0..87] deparsed exact_containers [0:7] in this slice list
    ...adding egress::hdr.min_parse_depth_padding_0[3].packet_payload<88> ^0 ^bit[0..79] deparsed exact_containers [8:31] in this slice list
    ...(0) adding to slice list: egress::hdr.min_parse_depth_padding_0[3].packet_payload<88> ^0 ^bit[0..87] deparsed exact_containers [0:31]
    ...(0) starting new slice list
    ...erasing old cluster [[egress::hdr.min_parse_depth_padding_0[3].packet_payload<88> ^0 ^bit[0..87] deparsed exact_containers [0:31]]]
    ...adding new lo cluster [[egress::hdr.min_parse_depth_padding_0[3].packet_payload<88> ^0 ^bit[0..87] deparsed exact_containers [0:7]]]
    ...adding new hi cluster [[egress::hdr.min_parse_depth_padding_0[3].packet_payload<88> ^0 ^bit[0..79] deparsed exact_containers [8:31]]]
    ...updating slices_to_clusters
        - erasing egress::hdr.min_parse_depth_padding_0[3].packet_payload<88> ^0 ^bit[0..87] deparsed exact_containers [0:31]
        - adding egress::hdr.min_parse_depth_padding_0[3].packet_payload<88> ^0 ^bit[0..87] deparsed exact_containers [0:7]
        - adding egress::hdr.min_parse_depth_padding_0[3].packet_payload<88> ^0 ^bit[0..79] deparsed exact_containers [8:31]
    ...updating slice_lists
    ...updating slices_to_slice_lists
Merge wide arith super clusters
dfs_depth-1: decide to split out first 8 bits of [ egress::hdr.min_parse_depth_padding_0[3].packet_payload<88> ^0 ^bit[0..87] deparsed exact_containers [0:31] ]
ENTER DFS: 2
dfs_depth-2: will split [ egress::hdr.min_parse_depth_padding_0[3].packet_payload<88> ^0 ^bit[0..79] deparsed exact_containers [8:31] ]
possible slice choices: 
{new_split: 1, split_unref:0, n_avoidable_packings:0, size: 8}
{new_split: 1, split_unref:0, n_avoidable_packings:0, size: 16}
dfs_depth-2: possible choices: { 16 8 }
dfs_depth-2: try to split @16
Bit schema:
    ----------------1-------
    [ egress::hdr.min_parse_depth_padding_0[3].packet_payload<88> ^0 ^bit[0..79] deparsed exact_containers [8:31] ]


    ...(0) found slice to split at idx 16: egress::hdr.min_parse_depth_padding_0[3].packet_payload<88> ^0 ^bit[0..79] deparsed exact_containers [8:31]
    ...erasing egress::hdr.min_parse_depth_padding_0[3].packet_payload<88> ^0 ^bit[0..79] deparsed exact_containers [8:31] in this slice list
    ...adding egress::hdr.min_parse_depth_padding_0[3].packet_payload<88> ^0 ^bit[0..79] deparsed exact_containers [8:23] in this slice list
    ...adding egress::hdr.min_parse_depth_padding_0[3].packet_payload<88> ^0 ^bit[0..63] deparsed exact_containers [24:31] in this slice list
    ...(0) adding to slice list: egress::hdr.min_parse_depth_padding_0[3].packet_payload<88> ^0 ^bit[0..79] deparsed exact_containers [8:31]
    ...(0) starting new slice list
    ...erasing old cluster [[egress::hdr.min_parse_depth_padding_0[3].packet_payload<88> ^0 ^bit[0..79] deparsed exact_containers [8:31]]]
    ...adding new lo cluster [[egress::hdr.min_parse_depth_padding_0[3].packet_payload<88> ^0 ^bit[0..79] deparsed exact_containers [8:23]]]
    ...adding new hi cluster [[egress::hdr.min_parse_depth_padding_0[3].packet_payload<88> ^0 ^bit[0..63] deparsed exact_containers [24:31]]]
    ...updating slices_to_clusters
        - erasing egress::hdr.min_parse_depth_padding_0[3].packet_payload<88> ^0 ^bit[0..79] deparsed exact_containers [8:31]
        - adding egress::hdr.min_parse_depth_padding_0[3].packet_payload<88> ^0 ^bit[0..79] deparsed exact_containers [8:23]
        - adding egress::hdr.min_parse_depth_padding_0[3].packet_payload<88> ^0 ^bit[0..63] deparsed exact_containers [24:31]
    ...updating slice_lists
    ...updating slices_to_slice_lists
Merge wide arith super clusters
dfs_depth-2: decide to split out first 16 bits of [ egress::hdr.min_parse_depth_padding_0[3].packet_payload<88> ^0 ^bit[0..79] deparsed exact_containers [8:31] ]
ENTER DFS: 3
found a solution after 7 steps
LEAVE DFS: 3
dfs_depth-2: try to split @8
Bit schema:
    --------1---------------
    [ egress::hdr.min_parse_depth_padding_0[3].packet_payload<88> ^0 ^bit[0..79] deparsed exact_containers [8:31] ]


    ...(0) found slice to split at idx 8: egress::hdr.min_parse_depth_padding_0[3].packet_payload<88> ^0 ^bit[0..79] deparsed exact_containers [8:31]
    ...erasing egress::hdr.min_parse_depth_padding_0[3].packet_payload<88> ^0 ^bit[0..79] deparsed exact_containers [8:31] in this slice list
    ...adding egress::hdr.min_parse_depth_padding_0[3].packet_payload<88> ^0 ^bit[0..79] deparsed exact_containers [8:15] in this slice list
    ...adding egress::hdr.min_parse_depth_padding_0[3].packet_payload<88> ^0 ^bit[0..71] deparsed exact_containers [16:31] in this slice list
    ...(0) adding to slice list: egress::hdr.min_parse_depth_padding_0[3].packet_payload<88> ^0 ^bit[0..79] deparsed exact_containers [8:31]
    ...(0) starting new slice list
    ...erasing old cluster [[egress::hdr.min_parse_depth_padding_0[3].packet_payload<88> ^0 ^bit[0..79] deparsed exact_containers [8:31]]]
    ...adding new lo cluster [[egress::hdr.min_parse_depth_padding_0[3].packet_payload<88> ^0 ^bit[0..79] deparsed exact_containers [8:15]]]
    ...adding new hi cluster [[egress::hdr.min_parse_depth_padding_0[3].packet_payload<88> ^0 ^bit[0..71] deparsed exact_containers [16:31]]]
    ...updating slices_to_clusters
        - erasing egress::hdr.min_parse_depth_padding_0[3].packet_payload<88> ^0 ^bit[0..79] deparsed exact_containers [8:31]
        - adding egress::hdr.min_parse_depth_padding_0[3].packet_payload<88> ^0 ^bit[0..79] deparsed exact_containers [8:15]
        - adding egress::hdr.min_parse_depth_padding_0[3].packet_payload<88> ^0 ^bit[0..71] deparsed exact_containers [16:31]
    ...updating slice_lists
    ...updating slices_to_slice_lists
Merge wide arith super clusters
dfs_depth-2: decide to split out first 8 bits of [ egress::hdr.min_parse_depth_padding_0[3].packet_payload<88> ^0 ^bit[0..79] deparsed exact_containers [8:31] ]
ENTER DFS: 3
dfs_depth-3: will split [ egress::hdr.min_parse_depth_padding_0[3].packet_payload<88> ^0 ^bit[0..71] deparsed exact_containers [16:31] ]
possible slice choices: 
{new_split: 1, split_unref:0, n_avoidable_packings:0, size: 8}
{new_split: 0, split_unref:0, n_avoidable_packings:0, size: 16}
dfs_depth-3: possible choices: { 16 8 }
dfs_depth-3: try to split @16
Bit schema:
    ----------------
    [ egress::hdr.min_parse_depth_padding_0[3].packet_payload<88> ^0 ^bit[0..71] deparsed exact_containers [16:31] ]


Merge wide arith super clusters
dfs_depth-3: decide to split out first 16 bits of [ egress::hdr.min_parse_depth_padding_0[3].packet_payload<88> ^0 ^bit[0..71] deparsed exact_containers [16:31] ]
ENTER DFS: 4
found a solution after 9 steps
LEAVE DFS: 4
dfs_depth-3: try to split @8
Bit schema:
    --------1-------
    [ egress::hdr.min_parse_depth_padding_0[3].packet_payload<88> ^0 ^bit[0..71] deparsed exact_containers [16:31] ]


    ...(0) found slice to split at idx 8: egress::hdr.min_parse_depth_padding_0[3].packet_payload<88> ^0 ^bit[0..71] deparsed exact_containers [16:31]
    ...erasing egress::hdr.min_parse_depth_padding_0[3].packet_payload<88> ^0 ^bit[0..71] deparsed exact_containers [16:31] in this slice list
    ...adding egress::hdr.min_parse_depth_padding_0[3].packet_payload<88> ^0 ^bit[0..71] deparsed exact_containers [16:23] in this slice list
    ...adding egress::hdr.min_parse_depth_padding_0[3].packet_payload<88> ^0 ^bit[0..63] deparsed exact_containers [24:31] in this slice list
    ...(0) adding to slice list: egress::hdr.min_parse_depth_padding_0[3].packet_payload<88> ^0 ^bit[0..71] deparsed exact_containers [16:31]
    ...(0) starting new slice list
    ...erasing old cluster [[egress::hdr.min_parse_depth_padding_0[3].packet_payload<88> ^0 ^bit[0..71] deparsed exact_containers [16:31]]]
    ...adding new lo cluster [[egress::hdr.min_parse_depth_padding_0[3].packet_payload<88> ^0 ^bit[0..71] deparsed exact_containers [16:23]]]
    ...adding new hi cluster [[egress::hdr.min_parse_depth_padding_0[3].packet_payload<88> ^0 ^bit[0..63] deparsed exact_containers [24:31]]]
    ...updating slices_to_clusters
        - erasing egress::hdr.min_parse_depth_padding_0[3].packet_payload<88> ^0 ^bit[0..71] deparsed exact_containers [16:31]
        - adding egress::hdr.min_parse_depth_padding_0[3].packet_payload<88> ^0 ^bit[0..71] deparsed exact_containers [16:23]
        - adding egress::hdr.min_parse_depth_padding_0[3].packet_payload<88> ^0 ^bit[0..63] deparsed exact_containers [24:31]
    ...updating slice_lists
    ...updating slices_to_slice_lists
Merge wide arith super clusters
dfs_depth-3: decide to split out first 8 bits of [ egress::hdr.min_parse_depth_padding_0[3].packet_payload<88> ^0 ^bit[0..71] deparsed exact_containers [16:31] ]
ENTER DFS: 4
found a solution after 10 steps
LEAVE DFS: 4
LEAVE DFS: 3
LEAVE DFS: 2
LEAVE DFS: 1
DFS Result: 1, n_steps_since_last_solution: 0, max_search_steps_per_solution: 524288
Making Itr for SUPERCLUSTER Uid: 296
    slice lists:	
        [ egress::hdr.min_parse_depth_padding_0[3].packet_payload<88> ^0 ^bit[0..55] deparsed exact_containers [32:63] ]
    rotational clusters:	
        [[egress::hdr.min_parse_depth_padding_0[3].packet_payload<88> ^0 ^bit[0..55] deparsed exact_containers [32:63]]]

Homogeneous slicing enabled: 0 Rejected slice options: 
pa_container_sz slicing schema: Bit schema:
    --------------------------------
    [ egress::hdr.min_parse_depth_padding_0[3].packet_payload<88> ^0 ^bit[0..55] deparsed exact_containers [32:63] ]


Bit schema:
    --------------------------------
    [ egress::hdr.min_parse_depth_padding_0[3].packet_payload<88> ^0 ^bit[0..55] deparsed exact_containers [32:63] ]


Merge wide arith super clusters
split by pa_container_size result: 
SUPERCLUSTER Uid: 746
    slice lists:	
        [ egress::hdr.min_parse_depth_padding_0[3].packet_payload<88> ^0 ^bit[0..55] deparsed exact_containers [32:63] ]
    rotational clusters:	
        [[egress::hdr.min_parse_depth_padding_0[3].packet_payload<88> ^0 ^bit[0..55] deparsed exact_containers [32:63]]]

split_by_adjacent_no_pack schema: Bit schema:
    --------------------------------
    [ egress::hdr.min_parse_depth_padding_0[3].packet_payload<88> ^0 ^bit[0..55] deparsed exact_containers [32:63] ]


Bit schema:
    --------------------------------
    [ egress::hdr.min_parse_depth_padding_0[3].packet_payload<88> ^0 ^bit[0..55] deparsed exact_containers [32:63] ]


Merge wide arith super clusters
after pre-split by adjacent_no_pack:
SUPERCLUSTER Uid: 747
    slice lists:	
        [ egress::hdr.min_parse_depth_padding_0[3].packet_payload<88> ^0 ^bit[0..55] deparsed exact_containers [32:63] ]
    rotational clusters:	
        [[egress::hdr.min_parse_depth_padding_0[3].packet_payload<88> ^0 ^bit[0..55] deparsed exact_containers [32:63]]]

split_by_deparsed_bottom_bits schema: Bit schema:
    --------------------------------
    [ egress::hdr.min_parse_depth_padding_0[3].packet_payload<88> ^0 ^bit[0..55] deparsed exact_containers [32:63] ]


Bit schema:
    --------------------------------
    [ egress::hdr.min_parse_depth_padding_0[3].packet_payload<88> ^0 ^bit[0..55] deparsed exact_containers [32:63] ]


Merge wide arith super clusters
after pre-split by deparsed_bottom_bits:
SUPERCLUSTER Uid: 748
    slice lists:	
        [ egress::hdr.min_parse_depth_padding_0[3].packet_payload<88> ^0 ^bit[0..55] deparsed exact_containers [32:63] ]
    rotational clusters:	
        [[egress::hdr.min_parse_depth_padding_0[3].packet_payload<88> ^0 ^bit[0..55] deparsed exact_containers [32:63]]]

split_by_adjacent_deparsed_and_non_deparsed schema: Bit schema:
    --------------------------------
    [ egress::hdr.min_parse_depth_padding_0[3].packet_payload<88> ^0 ^bit[0..55] deparsed exact_containers [32:63] ]


Bit schema:
    --------------------------------
    [ egress::hdr.min_parse_depth_padding_0[3].packet_payload<88> ^0 ^bit[0..55] deparsed exact_containers [32:63] ]


Merge wide arith super clusters
after pre-split by adjacent_deparsed_and_non_deparsed:
SUPERCLUSTER Uid: 749
    slice lists:	
        [ egress::hdr.min_parse_depth_padding_0[3].packet_payload<88> ^0 ^bit[0..55] deparsed exact_containers [32:63] ]
    rotational clusters:	
        [[egress::hdr.min_parse_depth_padding_0[3].packet_payload<88> ^0 ^bit[0..55] deparsed exact_containers [32:63]]]

split_parser_write_mode schema: Bit schema:
    --------------------------------
    [ egress::hdr.min_parse_depth_padding_0[3].packet_payload<88> ^0 ^bit[0..55] deparsed exact_containers [32:63] ]


Bit schema:
    --------------------------------
    [ egress::hdr.min_parse_depth_padding_0[3].packet_payload<88> ^0 ^bit[0..55] deparsed exact_containers [32:63] ]


Merge wide arith super clusters
after pre-split by parser_write_mode:
SUPERCLUSTER Uid: 750
    slice lists:	
        [ egress::hdr.min_parse_depth_padding_0[3].packet_payload<88> ^0 ^bit[0..55] deparsed exact_containers [32:63] ]
    rotational clusters:	
        [[egress::hdr.min_parse_depth_padding_0[3].packet_payload<88> ^0 ^bit[0..55] deparsed exact_containers [32:63]]]

ENTER DFS: 1
dfs_depth-1: will split [ egress::hdr.min_parse_depth_padding_0[3].packet_payload<88> ^0 ^bit[0..55] deparsed exact_containers [32:63] ]
possible slice choices: 
{new_split: 1, split_unref:0, n_avoidable_packings:0, size: 8}
{new_split: 1, split_unref:0, n_avoidable_packings:0, size: 16}
{new_split: 0, split_unref:0, n_avoidable_packings:0, size: 32}
dfs_depth-1: possible choices: { 32 16 8 }
dfs_depth-1: try to split @32
Bit schema:
    --------------------------------
    [ egress::hdr.min_parse_depth_padding_0[3].packet_payload<88> ^0 ^bit[0..55] deparsed exact_containers [32:63] ]


Merge wide arith super clusters
dfs_depth-1: decide to split out first 32 bits of [ egress::hdr.min_parse_depth_padding_0[3].packet_payload<88> ^0 ^bit[0..55] deparsed exact_containers [32:63] ]
ENTER DFS: 2
found a solution after 2 steps
LEAVE DFS: 2
dfs_depth-1: try to split @16
Bit schema:
    ----------------1---------------
    [ egress::hdr.min_parse_depth_padding_0[3].packet_payload<88> ^0 ^bit[0..55] deparsed exact_containers [32:63] ]


    ...(0) found slice to split at idx 16: egress::hdr.min_parse_depth_padding_0[3].packet_payload<88> ^0 ^bit[0..55] deparsed exact_containers [32:63]
    ...erasing egress::hdr.min_parse_depth_padding_0[3].packet_payload<88> ^0 ^bit[0..55] deparsed exact_containers [32:63] in this slice list
    ...adding egress::hdr.min_parse_depth_padding_0[3].packet_payload<88> ^0 ^bit[0..55] deparsed exact_containers [32:47] in this slice list
    ...adding egress::hdr.min_parse_depth_padding_0[3].packet_payload<88> ^0 ^bit[0..39] deparsed exact_containers [48:63] in this slice list
    ...(0) adding to slice list: egress::hdr.min_parse_depth_padding_0[3].packet_payload<88> ^0 ^bit[0..55] deparsed exact_containers [32:63]
    ...(0) starting new slice list
    ...erasing old cluster [[egress::hdr.min_parse_depth_padding_0[3].packet_payload<88> ^0 ^bit[0..55] deparsed exact_containers [32:63]]]
    ...adding new lo cluster [[egress::hdr.min_parse_depth_padding_0[3].packet_payload<88> ^0 ^bit[0..55] deparsed exact_containers [32:47]]]
    ...adding new hi cluster [[egress::hdr.min_parse_depth_padding_0[3].packet_payload<88> ^0 ^bit[0..39] deparsed exact_containers [48:63]]]
    ...updating slices_to_clusters
        - erasing egress::hdr.min_parse_depth_padding_0[3].packet_payload<88> ^0 ^bit[0..55] deparsed exact_containers [32:63]
        - adding egress::hdr.min_parse_depth_padding_0[3].packet_payload<88> ^0 ^bit[0..55] deparsed exact_containers [32:47]
        - adding egress::hdr.min_parse_depth_padding_0[3].packet_payload<88> ^0 ^bit[0..39] deparsed exact_containers [48:63]
    ...updating slice_lists
    ...updating slices_to_slice_lists
Merge wide arith super clusters
dfs_depth-1: decide to split out first 16 bits of [ egress::hdr.min_parse_depth_padding_0[3].packet_payload<88> ^0 ^bit[0..55] deparsed exact_containers [32:63] ]
ENTER DFS: 2
dfs_depth-2: will split [ egress::hdr.min_parse_depth_padding_0[3].packet_payload<88> ^0 ^bit[0..39] deparsed exact_containers [48:63] ]
possible slice choices: 
{new_split: 1, split_unref:0, n_avoidable_packings:0, size: 8}
{new_split: 0, split_unref:0, n_avoidable_packings:0, size: 16}
dfs_depth-2: possible choices: { 16 8 }
dfs_depth-2: try to split @16
Bit schema:
    ----------------
    [ egress::hdr.min_parse_depth_padding_0[3].packet_payload<88> ^0 ^bit[0..39] deparsed exact_containers [48:63] ]


Merge wide arith super clusters
dfs_depth-2: decide to split out first 16 bits of [ egress::hdr.min_parse_depth_padding_0[3].packet_payload<88> ^0 ^bit[0..39] deparsed exact_containers [48:63] ]
ENTER DFS: 3
found a solution after 4 steps
LEAVE DFS: 3
dfs_depth-2: try to split @8
Bit schema:
    --------1-------
    [ egress::hdr.min_parse_depth_padding_0[3].packet_payload<88> ^0 ^bit[0..39] deparsed exact_containers [48:63] ]


    ...(0) found slice to split at idx 8: egress::hdr.min_parse_depth_padding_0[3].packet_payload<88> ^0 ^bit[0..39] deparsed exact_containers [48:63]
    ...erasing egress::hdr.min_parse_depth_padding_0[3].packet_payload<88> ^0 ^bit[0..39] deparsed exact_containers [48:63] in this slice list
    ...adding egress::hdr.min_parse_depth_padding_0[3].packet_payload<88> ^0 ^bit[0..39] deparsed exact_containers [48:55] in this slice list
    ...adding egress::hdr.min_parse_depth_padding_0[3].packet_payload<88> ^0 ^bit[0..31] deparsed exact_containers [56:63] in this slice list
    ...(0) adding to slice list: egress::hdr.min_parse_depth_padding_0[3].packet_payload<88> ^0 ^bit[0..39] deparsed exact_containers [48:63]
    ...(0) starting new slice list
    ...erasing old cluster [[egress::hdr.min_parse_depth_padding_0[3].packet_payload<88> ^0 ^bit[0..39] deparsed exact_containers [48:63]]]
    ...adding new lo cluster [[egress::hdr.min_parse_depth_padding_0[3].packet_payload<88> ^0 ^bit[0..39] deparsed exact_containers [48:55]]]
    ...adding new hi cluster [[egress::hdr.min_parse_depth_padding_0[3].packet_payload<88> ^0 ^bit[0..31] deparsed exact_containers [56:63]]]
    ...updating slices_to_clusters
        - erasing egress::hdr.min_parse_depth_padding_0[3].packet_payload<88> ^0 ^bit[0..39] deparsed exact_containers [48:63]
        - adding egress::hdr.min_parse_depth_padding_0[3].packet_payload<88> ^0 ^bit[0..39] deparsed exact_containers [48:55]
        - adding egress::hdr.min_parse_depth_padding_0[3].packet_payload<88> ^0 ^bit[0..31] deparsed exact_containers [56:63]
    ...updating slice_lists
    ...updating slices_to_slice_lists
Merge wide arith super clusters
dfs_depth-2: decide to split out first 8 bits of [ egress::hdr.min_parse_depth_padding_0[3].packet_payload<88> ^0 ^bit[0..39] deparsed exact_containers [48:63] ]
ENTER DFS: 3
found a solution after 5 steps
LEAVE DFS: 3
LEAVE DFS: 2
dfs_depth-1: try to split @8
Bit schema:
    --------1-----------------------
    [ egress::hdr.min_parse_depth_padding_0[3].packet_payload<88> ^0 ^bit[0..55] deparsed exact_containers [32:63] ]


    ...(0) found slice to split at idx 8: egress::hdr.min_parse_depth_padding_0[3].packet_payload<88> ^0 ^bit[0..55] deparsed exact_containers [32:63]
    ...erasing egress::hdr.min_parse_depth_padding_0[3].packet_payload<88> ^0 ^bit[0..55] deparsed exact_containers [32:63] in this slice list
    ...adding egress::hdr.min_parse_depth_padding_0[3].packet_payload<88> ^0 ^bit[0..55] deparsed exact_containers [32:39] in this slice list
    ...adding egress::hdr.min_parse_depth_padding_0[3].packet_payload<88> ^0 ^bit[0..47] deparsed exact_containers [40:63] in this slice list
    ...(0) adding to slice list: egress::hdr.min_parse_depth_padding_0[3].packet_payload<88> ^0 ^bit[0..55] deparsed exact_containers [32:63]
    ...(0) starting new slice list
    ...erasing old cluster [[egress::hdr.min_parse_depth_padding_0[3].packet_payload<88> ^0 ^bit[0..55] deparsed exact_containers [32:63]]]
    ...adding new lo cluster [[egress::hdr.min_parse_depth_padding_0[3].packet_payload<88> ^0 ^bit[0..55] deparsed exact_containers [32:39]]]
    ...adding new hi cluster [[egress::hdr.min_parse_depth_padding_0[3].packet_payload<88> ^0 ^bit[0..47] deparsed exact_containers [40:63]]]
    ...updating slices_to_clusters
        - erasing egress::hdr.min_parse_depth_padding_0[3].packet_payload<88> ^0 ^bit[0..55] deparsed exact_containers [32:63]
        - adding egress::hdr.min_parse_depth_padding_0[3].packet_payload<88> ^0 ^bit[0..55] deparsed exact_containers [32:39]
        - adding egress::hdr.min_parse_depth_padding_0[3].packet_payload<88> ^0 ^bit[0..47] deparsed exact_containers [40:63]
    ...updating slice_lists
    ...updating slices_to_slice_lists
Merge wide arith super clusters
dfs_depth-1: decide to split out first 8 bits of [ egress::hdr.min_parse_depth_padding_0[3].packet_payload<88> ^0 ^bit[0..55] deparsed exact_containers [32:63] ]
ENTER DFS: 2
dfs_depth-2: will split [ egress::hdr.min_parse_depth_padding_0[3].packet_payload<88> ^0 ^bit[0..47] deparsed exact_containers [40:63] ]
possible slice choices: 
{new_split: 1, split_unref:0, n_avoidable_packings:0, size: 8}
{new_split: 1, split_unref:0, n_avoidable_packings:0, size: 16}
dfs_depth-2: possible choices: { 16 8 }
dfs_depth-2: try to split @16
Bit schema:
    ----------------1-------
    [ egress::hdr.min_parse_depth_padding_0[3].packet_payload<88> ^0 ^bit[0..47] deparsed exact_containers [40:63] ]


    ...(0) found slice to split at idx 16: egress::hdr.min_parse_depth_padding_0[3].packet_payload<88> ^0 ^bit[0..47] deparsed exact_containers [40:63]
    ...erasing egress::hdr.min_parse_depth_padding_0[3].packet_payload<88> ^0 ^bit[0..47] deparsed exact_containers [40:63] in this slice list
    ...adding egress::hdr.min_parse_depth_padding_0[3].packet_payload<88> ^0 ^bit[0..47] deparsed exact_containers [40:55] in this slice list
    ...adding egress::hdr.min_parse_depth_padding_0[3].packet_payload<88> ^0 ^bit[0..31] deparsed exact_containers [56:63] in this slice list
    ...(0) adding to slice list: egress::hdr.min_parse_depth_padding_0[3].packet_payload<88> ^0 ^bit[0..47] deparsed exact_containers [40:63]
    ...(0) starting new slice list
    ...erasing old cluster [[egress::hdr.min_parse_depth_padding_0[3].packet_payload<88> ^0 ^bit[0..47] deparsed exact_containers [40:63]]]
    ...adding new lo cluster [[egress::hdr.min_parse_depth_padding_0[3].packet_payload<88> ^0 ^bit[0..47] deparsed exact_containers [40:55]]]
    ...adding new hi cluster [[egress::hdr.min_parse_depth_padding_0[3].packet_payload<88> ^0 ^bit[0..31] deparsed exact_containers [56:63]]]
    ...updating slices_to_clusters
        - erasing egress::hdr.min_parse_depth_padding_0[3].packet_payload<88> ^0 ^bit[0..47] deparsed exact_containers [40:63]
        - adding egress::hdr.min_parse_depth_padding_0[3].packet_payload<88> ^0 ^bit[0..47] deparsed exact_containers [40:55]
        - adding egress::hdr.min_parse_depth_padding_0[3].packet_payload<88> ^0 ^bit[0..31] deparsed exact_containers [56:63]
    ...updating slice_lists
    ...updating slices_to_slice_lists
Merge wide arith super clusters
dfs_depth-2: decide to split out first 16 bits of [ egress::hdr.min_parse_depth_padding_0[3].packet_payload<88> ^0 ^bit[0..47] deparsed exact_containers [40:63] ]
ENTER DFS: 3
found a solution after 7 steps
LEAVE DFS: 3
dfs_depth-2: try to split @8
Bit schema:
    --------1---------------
    [ egress::hdr.min_parse_depth_padding_0[3].packet_payload<88> ^0 ^bit[0..47] deparsed exact_containers [40:63] ]


    ...(0) found slice to split at idx 8: egress::hdr.min_parse_depth_padding_0[3].packet_payload<88> ^0 ^bit[0..47] deparsed exact_containers [40:63]
    ...erasing egress::hdr.min_parse_depth_padding_0[3].packet_payload<88> ^0 ^bit[0..47] deparsed exact_containers [40:63] in this slice list
    ...adding egress::hdr.min_parse_depth_padding_0[3].packet_payload<88> ^0 ^bit[0..47] deparsed exact_containers [40:47] in this slice list
    ...adding egress::hdr.min_parse_depth_padding_0[3].packet_payload<88> ^0 ^bit[0..39] deparsed exact_containers [48:63] in this slice list
    ...(0) adding to slice list: egress::hdr.min_parse_depth_padding_0[3].packet_payload<88> ^0 ^bit[0..47] deparsed exact_containers [40:63]
    ...(0) starting new slice list
    ...erasing old cluster [[egress::hdr.min_parse_depth_padding_0[3].packet_payload<88> ^0 ^bit[0..47] deparsed exact_containers [40:63]]]
    ...adding new lo cluster [[egress::hdr.min_parse_depth_padding_0[3].packet_payload<88> ^0 ^bit[0..47] deparsed exact_containers [40:47]]]
    ...adding new hi cluster [[egress::hdr.min_parse_depth_padding_0[3].packet_payload<88> ^0 ^bit[0..39] deparsed exact_containers [48:63]]]
    ...updating slices_to_clusters
        - erasing egress::hdr.min_parse_depth_padding_0[3].packet_payload<88> ^0 ^bit[0..47] deparsed exact_containers [40:63]
        - adding egress::hdr.min_parse_depth_padding_0[3].packet_payload<88> ^0 ^bit[0..47] deparsed exact_containers [40:47]
        - adding egress::hdr.min_parse_depth_padding_0[3].packet_payload<88> ^0 ^bit[0..39] deparsed exact_containers [48:63]
    ...updating slice_lists
    ...updating slices_to_slice_lists
Merge wide arith super clusters
dfs_depth-2: decide to split out first 8 bits of [ egress::hdr.min_parse_depth_padding_0[3].packet_payload<88> ^0 ^bit[0..47] deparsed exact_containers [40:63] ]
ENTER DFS: 3
dfs_depth-3: will split [ egress::hdr.min_parse_depth_padding_0[3].packet_payload<88> ^0 ^bit[0..39] deparsed exact_containers [48:63] ]
possible slice choices: 
{new_split: 1, split_unref:0, n_avoidable_packings:0, size: 8}
{new_split: 0, split_unref:0, n_avoidable_packings:0, size: 16}
dfs_depth-3: possible choices: { 16 8 }
dfs_depth-3: try to split @16
Bit schema:
    ----------------
    [ egress::hdr.min_parse_depth_padding_0[3].packet_payload<88> ^0 ^bit[0..39] deparsed exact_containers [48:63] ]


Merge wide arith super clusters
dfs_depth-3: decide to split out first 16 bits of [ egress::hdr.min_parse_depth_padding_0[3].packet_payload<88> ^0 ^bit[0..39] deparsed exact_containers [48:63] ]
ENTER DFS: 4
found a solution after 9 steps
LEAVE DFS: 4
dfs_depth-3: try to split @8
Bit schema:
    --------1-------
    [ egress::hdr.min_parse_depth_padding_0[3].packet_payload<88> ^0 ^bit[0..39] deparsed exact_containers [48:63] ]


    ...(0) found slice to split at idx 8: egress::hdr.min_parse_depth_padding_0[3].packet_payload<88> ^0 ^bit[0..39] deparsed exact_containers [48:63]
    ...erasing egress::hdr.min_parse_depth_padding_0[3].packet_payload<88> ^0 ^bit[0..39] deparsed exact_containers [48:63] in this slice list
    ...adding egress::hdr.min_parse_depth_padding_0[3].packet_payload<88> ^0 ^bit[0..39] deparsed exact_containers [48:55] in this slice list
    ...adding egress::hdr.min_parse_depth_padding_0[3].packet_payload<88> ^0 ^bit[0..31] deparsed exact_containers [56:63] in this slice list
    ...(0) adding to slice list: egress::hdr.min_parse_depth_padding_0[3].packet_payload<88> ^0 ^bit[0..39] deparsed exact_containers [48:63]
    ...(0) starting new slice list
    ...erasing old cluster [[egress::hdr.min_parse_depth_padding_0[3].packet_payload<88> ^0 ^bit[0..39] deparsed exact_containers [48:63]]]
    ...adding new lo cluster [[egress::hdr.min_parse_depth_padding_0[3].packet_payload<88> ^0 ^bit[0..39] deparsed exact_containers [48:55]]]
    ...adding new hi cluster [[egress::hdr.min_parse_depth_padding_0[3].packet_payload<88> ^0 ^bit[0..31] deparsed exact_containers [56:63]]]
    ...updating slices_to_clusters
        - erasing egress::hdr.min_parse_depth_padding_0[3].packet_payload<88> ^0 ^bit[0..39] deparsed exact_containers [48:63]
        - adding egress::hdr.min_parse_depth_padding_0[3].packet_payload<88> ^0 ^bit[0..39] deparsed exact_containers [48:55]
        - adding egress::hdr.min_parse_depth_padding_0[3].packet_payload<88> ^0 ^bit[0..31] deparsed exact_containers [56:63]
    ...updating slice_lists
    ...updating slices_to_slice_lists
Merge wide arith super clusters
dfs_depth-3: decide to split out first 8 bits of [ egress::hdr.min_parse_depth_padding_0[3].packet_payload<88> ^0 ^bit[0..39] deparsed exact_containers [48:63] ]
ENTER DFS: 4
found a solution after 10 steps
LEAVE DFS: 4
LEAVE DFS: 3
LEAVE DFS: 2
LEAVE DFS: 1
DFS Result: 1, n_steps_since_last_solution: 0, max_search_steps_per_solution: 524288
Making Itr for SUPERCLUSTER Uid: 141
    slice lists:	
        [ ingress::hdr.eth_hdr.eth_type<16> ^0 ^bit[0..175] deparsed exact_containers [0:15] ]
    rotational clusters:	
        [[ingress::hdr.eth_hdr.eth_type<16> ^0 ^bit[0..175] deparsed exact_containers [0:15]]]

Homogeneous slicing enabled: 0 Rejected slice options: 
pa_container_sz slicing schema: Bit schema:
    ----------------
    [ ingress::hdr.eth_hdr.eth_type<16> ^0 ^bit[0..175] deparsed exact_containers [0:15] ]


Bit schema:
    ----------------
    [ ingress::hdr.eth_hdr.eth_type<16> ^0 ^bit[0..175] deparsed exact_containers [0:15] ]


Merge wide arith super clusters
split by pa_container_size result: 
SUPERCLUSTER Uid: 790
    slice lists:	
        [ ingress::hdr.eth_hdr.eth_type<16> ^0 ^bit[0..175] deparsed exact_containers [0:15] ]
    rotational clusters:	
        [[ingress::hdr.eth_hdr.eth_type<16> ^0 ^bit[0..175] deparsed exact_containers [0:15]]]

split_by_adjacent_no_pack schema: Bit schema:
    ----------------
    [ ingress::hdr.eth_hdr.eth_type<16> ^0 ^bit[0..175] deparsed exact_containers [0:15] ]


Bit schema:
    ----------------
    [ ingress::hdr.eth_hdr.eth_type<16> ^0 ^bit[0..175] deparsed exact_containers [0:15] ]


Merge wide arith super clusters
after pre-split by adjacent_no_pack:
SUPERCLUSTER Uid: 791
    slice lists:	
        [ ingress::hdr.eth_hdr.eth_type<16> ^0 ^bit[0..175] deparsed exact_containers [0:15] ]
    rotational clusters:	
        [[ingress::hdr.eth_hdr.eth_type<16> ^0 ^bit[0..175] deparsed exact_containers [0:15]]]

split_by_deparsed_bottom_bits schema: Bit schema:
    ----------------
    [ ingress::hdr.eth_hdr.eth_type<16> ^0 ^bit[0..175] deparsed exact_containers [0:15] ]


Bit schema:
    ----------------
    [ ingress::hdr.eth_hdr.eth_type<16> ^0 ^bit[0..175] deparsed exact_containers [0:15] ]


Merge wide arith super clusters
after pre-split by deparsed_bottom_bits:
SUPERCLUSTER Uid: 792
    slice lists:	
        [ ingress::hdr.eth_hdr.eth_type<16> ^0 ^bit[0..175] deparsed exact_containers [0:15] ]
    rotational clusters:	
        [[ingress::hdr.eth_hdr.eth_type<16> ^0 ^bit[0..175] deparsed exact_containers [0:15]]]

split_by_adjacent_deparsed_and_non_deparsed schema: Bit schema:
    ----------------
    [ ingress::hdr.eth_hdr.eth_type<16> ^0 ^bit[0..175] deparsed exact_containers [0:15] ]


Bit schema:
    ----------------
    [ ingress::hdr.eth_hdr.eth_type<16> ^0 ^bit[0..175] deparsed exact_containers [0:15] ]


Merge wide arith super clusters
after pre-split by adjacent_deparsed_and_non_deparsed:
SUPERCLUSTER Uid: 793
    slice lists:	
        [ ingress::hdr.eth_hdr.eth_type<16> ^0 ^bit[0..175] deparsed exact_containers [0:15] ]
    rotational clusters:	
        [[ingress::hdr.eth_hdr.eth_type<16> ^0 ^bit[0..175] deparsed exact_containers [0:15]]]

split_parser_write_mode schema: Bit schema:
    ----------------
    [ ingress::hdr.eth_hdr.eth_type<16> ^0 ^bit[0..175] deparsed exact_containers [0:15] ]


Bit schema:
    ----------------
    [ ingress::hdr.eth_hdr.eth_type<16> ^0 ^bit[0..175] deparsed exact_containers [0:15] ]


Merge wide arith super clusters
after pre-split by parser_write_mode:
SUPERCLUSTER Uid: 794
    slice lists:	
        [ ingress::hdr.eth_hdr.eth_type<16> ^0 ^bit[0..175] deparsed exact_containers [0:15] ]
    rotational clusters:	
        [[ingress::hdr.eth_hdr.eth_type<16> ^0 ^bit[0..175] deparsed exact_containers [0:15]]]

ENTER DFS: 1
dfs_depth-1: will split [ ingress::hdr.eth_hdr.eth_type<16> ^0 ^bit[0..175] deparsed exact_containers [0:15] ]
possible slice choices: 
{new_split: 1, split_unref:0, n_avoidable_packings:0, size: 8}
{new_split: 0, split_unref:0, n_avoidable_packings:0, size: 16}
dfs_depth-1: possible choices: { 16 8 }
dfs_depth-1: try to split @16
Bit schema:
    ----------------
    [ ingress::hdr.eth_hdr.eth_type<16> ^0 ^bit[0..175] deparsed exact_containers [0:15] ]


Merge wide arith super clusters
dfs_depth-1: decide to split out first 16 bits of [ ingress::hdr.eth_hdr.eth_type<16> ^0 ^bit[0..175] deparsed exact_containers [0:15] ]
ENTER DFS: 2
found a solution after 2 steps
LEAVE DFS: 2
dfs_depth-1: try to split @8
Bit schema:
    --------1-------
    [ ingress::hdr.eth_hdr.eth_type<16> ^0 ^bit[0..175] deparsed exact_containers [0:15] ]


    ...(0) found slice to split at idx 8: ingress::hdr.eth_hdr.eth_type<16> ^0 ^bit[0..175] deparsed exact_containers [0:15]
    ...erasing ingress::hdr.eth_hdr.eth_type<16> ^0 ^bit[0..175] deparsed exact_containers [0:15] in this slice list
    ...adding ingress::hdr.eth_hdr.eth_type<16> ^0 ^bit[0..175] deparsed exact_containers [0:7] in this slice list
    ...adding ingress::hdr.eth_hdr.eth_type<16> ^0 ^bit[0..167] deparsed exact_containers [8:15] in this slice list
    ...(0) adding to slice list: ingress::hdr.eth_hdr.eth_type<16> ^0 ^bit[0..175] deparsed exact_containers [0:15]
    ...(0) starting new slice list
    ...erasing old cluster [[ingress::hdr.eth_hdr.eth_type<16> ^0 ^bit[0..175] deparsed exact_containers [0:15]]]
    ...adding new lo cluster [[ingress::hdr.eth_hdr.eth_type<16> ^0 ^bit[0..175] deparsed exact_containers [0:7]]]
    ...adding new hi cluster [[ingress::hdr.eth_hdr.eth_type<16> ^0 ^bit[0..167] deparsed exact_containers [8:15]]]
    ...updating slices_to_clusters
        - erasing ingress::hdr.eth_hdr.eth_type<16> ^0 ^bit[0..175] deparsed exact_containers [0:15]
        - adding ingress::hdr.eth_hdr.eth_type<16> ^0 ^bit[0..175] deparsed exact_containers [0:7]
        - adding ingress::hdr.eth_hdr.eth_type<16> ^0 ^bit[0..167] deparsed exact_containers [8:15]
    ...updating slice_lists
    ...updating slices_to_slice_lists
Merge wide arith super clusters
dfs_depth-1: decide to split out first 8 bits of [ ingress::hdr.eth_hdr.eth_type<16> ^0 ^bit[0..175] deparsed exact_containers [0:15] ]
ENTER DFS: 2
found a solution after 3 steps
LEAVE DFS: 2
LEAVE DFS: 1
DFS Result: 1, n_steps_since_last_solution: 0, max_search_steps_per_solution: 524288
Making Itr for SUPERCLUSTER Uid: 148
    slice lists:	
        [ ingress::hdr.eth_hdr.src_addr<48> ^0 ^bit[0..127] deparsed exact_containers [32:47] ]
    rotational clusters:	
        [[ingress::hdr.eth_hdr.src_addr<48> ^0 ^bit[0..127] deparsed exact_containers [32:47]]]

Homogeneous slicing enabled: 0 Rejected slice options: 
pa_container_sz slicing schema: Bit schema:
    ----------------
    [ ingress::hdr.eth_hdr.src_addr<48> ^0 ^bit[0..127] deparsed exact_containers [32:47] ]


Bit schema:
    ----------------
    [ ingress::hdr.eth_hdr.src_addr<48> ^0 ^bit[0..127] deparsed exact_containers [32:47] ]


Merge wide arith super clusters
split by pa_container_size result: 
SUPERCLUSTER Uid: 802
    slice lists:	
        [ ingress::hdr.eth_hdr.src_addr<48> ^0 ^bit[0..127] deparsed exact_containers [32:47] ]
    rotational clusters:	
        [[ingress::hdr.eth_hdr.src_addr<48> ^0 ^bit[0..127] deparsed exact_containers [32:47]]]

split_by_adjacent_no_pack schema: Bit schema:
    ----------------
    [ ingress::hdr.eth_hdr.src_addr<48> ^0 ^bit[0..127] deparsed exact_containers [32:47] ]


Bit schema:
    ----------------
    [ ingress::hdr.eth_hdr.src_addr<48> ^0 ^bit[0..127] deparsed exact_containers [32:47] ]


Merge wide arith super clusters
after pre-split by adjacent_no_pack:
SUPERCLUSTER Uid: 803
    slice lists:	
        [ ingress::hdr.eth_hdr.src_addr<48> ^0 ^bit[0..127] deparsed exact_containers [32:47] ]
    rotational clusters:	
        [[ingress::hdr.eth_hdr.src_addr<48> ^0 ^bit[0..127] deparsed exact_containers [32:47]]]

split_by_deparsed_bottom_bits schema: Bit schema:
    ----------------
    [ ingress::hdr.eth_hdr.src_addr<48> ^0 ^bit[0..127] deparsed exact_containers [32:47] ]


Bit schema:
    ----------------
    [ ingress::hdr.eth_hdr.src_addr<48> ^0 ^bit[0..127] deparsed exact_containers [32:47] ]


Merge wide arith super clusters
after pre-split by deparsed_bottom_bits:
SUPERCLUSTER Uid: 804
    slice lists:	
        [ ingress::hdr.eth_hdr.src_addr<48> ^0 ^bit[0..127] deparsed exact_containers [32:47] ]
    rotational clusters:	
        [[ingress::hdr.eth_hdr.src_addr<48> ^0 ^bit[0..127] deparsed exact_containers [32:47]]]

split_by_adjacent_deparsed_and_non_deparsed schema: Bit schema:
    ----------------
    [ ingress::hdr.eth_hdr.src_addr<48> ^0 ^bit[0..127] deparsed exact_containers [32:47] ]


Bit schema:
    ----------------
    [ ingress::hdr.eth_hdr.src_addr<48> ^0 ^bit[0..127] deparsed exact_containers [32:47] ]


Merge wide arith super clusters
after pre-split by adjacent_deparsed_and_non_deparsed:
SUPERCLUSTER Uid: 805
    slice lists:	
        [ ingress::hdr.eth_hdr.src_addr<48> ^0 ^bit[0..127] deparsed exact_containers [32:47] ]
    rotational clusters:	
        [[ingress::hdr.eth_hdr.src_addr<48> ^0 ^bit[0..127] deparsed exact_containers [32:47]]]

split_parser_write_mode schema: Bit schema:
    ----------------
    [ ingress::hdr.eth_hdr.src_addr<48> ^0 ^bit[0..127] deparsed exact_containers [32:47] ]


Bit schema:
    ----------------
    [ ingress::hdr.eth_hdr.src_addr<48> ^0 ^bit[0..127] deparsed exact_containers [32:47] ]


Merge wide arith super clusters
after pre-split by parser_write_mode:
SUPERCLUSTER Uid: 806
    slice lists:	
        [ ingress::hdr.eth_hdr.src_addr<48> ^0 ^bit[0..127] deparsed exact_containers [32:47] ]
    rotational clusters:	
        [[ingress::hdr.eth_hdr.src_addr<48> ^0 ^bit[0..127] deparsed exact_containers [32:47]]]

ENTER DFS: 1
dfs_depth-1: will split [ ingress::hdr.eth_hdr.src_addr<48> ^0 ^bit[0..127] deparsed exact_containers [32:47] ]
possible slice choices: 
{new_split: 1, split_unref:0, n_avoidable_packings:0, size: 8}
{new_split: 0, split_unref:0, n_avoidable_packings:0, size: 16}
dfs_depth-1: possible choices: { 16 8 }
dfs_depth-1: try to split @16
Bit schema:
    ----------------
    [ ingress::hdr.eth_hdr.src_addr<48> ^0 ^bit[0..127] deparsed exact_containers [32:47] ]


Merge wide arith super clusters
dfs_depth-1: decide to split out first 16 bits of [ ingress::hdr.eth_hdr.src_addr<48> ^0 ^bit[0..127] deparsed exact_containers [32:47] ]
ENTER DFS: 2
found a solution after 2 steps
LEAVE DFS: 2
dfs_depth-1: try to split @8
Bit schema:
    --------1-------
    [ ingress::hdr.eth_hdr.src_addr<48> ^0 ^bit[0..127] deparsed exact_containers [32:47] ]


    ...(0) found slice to split at idx 8: ingress::hdr.eth_hdr.src_addr<48> ^0 ^bit[0..127] deparsed exact_containers [32:47]
    ...erasing ingress::hdr.eth_hdr.src_addr<48> ^0 ^bit[0..127] deparsed exact_containers [32:47] in this slice list
    ...adding ingress::hdr.eth_hdr.src_addr<48> ^0 ^bit[0..127] deparsed exact_containers [32:39] in this slice list
    ...adding ingress::hdr.eth_hdr.src_addr<48> ^0 ^bit[0..119] deparsed exact_containers [40:47] in this slice list
    ...(0) adding to slice list: ingress::hdr.eth_hdr.src_addr<48> ^0 ^bit[0..127] deparsed exact_containers [32:47]
    ...(0) starting new slice list
    ...erasing old cluster [[ingress::hdr.eth_hdr.src_addr<48> ^0 ^bit[0..127] deparsed exact_containers [32:47]]]
    ...adding new lo cluster [[ingress::hdr.eth_hdr.src_addr<48> ^0 ^bit[0..127] deparsed exact_containers [32:39]]]
    ...adding new hi cluster [[ingress::hdr.eth_hdr.src_addr<48> ^0 ^bit[0..119] deparsed exact_containers [40:47]]]
    ...updating slices_to_clusters
        - erasing ingress::hdr.eth_hdr.src_addr<48> ^0 ^bit[0..127] deparsed exact_containers [32:47]
        - adding ingress::hdr.eth_hdr.src_addr<48> ^0 ^bit[0..127] deparsed exact_containers [32:39]
        - adding ingress::hdr.eth_hdr.src_addr<48> ^0 ^bit[0..119] deparsed exact_containers [40:47]
    ...updating slice_lists
    ...updating slices_to_slice_lists
Merge wide arith super clusters
dfs_depth-1: decide to split out first 8 bits of [ ingress::hdr.eth_hdr.src_addr<48> ^0 ^bit[0..127] deparsed exact_containers [32:47] ]
ENTER DFS: 2
found a solution after 3 steps
LEAVE DFS: 2
LEAVE DFS: 1
DFS Result: 1, n_steps_since_last_solution: 0, max_search_steps_per_solution: 524288
Making Itr for SUPERCLUSTER Uid: 156
    slice lists:	
        [ ingress::hdr.eth_hdr.dst_addr<48> ^0 ^bit[0..79] deparsed exact_containers [32:47] ]
    rotational clusters:	
        [[ingress::hdr.eth_hdr.dst_addr<48> ^0 ^bit[0..79] deparsed exact_containers [32:47]]]

Homogeneous slicing enabled: 0 Rejected slice options: 
pa_container_sz slicing schema: Bit schema:
    ----------------
    [ ingress::hdr.eth_hdr.dst_addr<48> ^0 ^bit[0..79] deparsed exact_containers [32:47] ]


Bit schema:
    ----------------
    [ ingress::hdr.eth_hdr.dst_addr<48> ^0 ^bit[0..79] deparsed exact_containers [32:47] ]


Merge wide arith super clusters
split by pa_container_size result: 
SUPERCLUSTER Uid: 814
    slice lists:	
        [ ingress::hdr.eth_hdr.dst_addr<48> ^0 ^bit[0..79] deparsed exact_containers [32:47] ]
    rotational clusters:	
        [[ingress::hdr.eth_hdr.dst_addr<48> ^0 ^bit[0..79] deparsed exact_containers [32:47]]]

split_by_adjacent_no_pack schema: Bit schema:
    ----------------
    [ ingress::hdr.eth_hdr.dst_addr<48> ^0 ^bit[0..79] deparsed exact_containers [32:47] ]


Bit schema:
    ----------------
    [ ingress::hdr.eth_hdr.dst_addr<48> ^0 ^bit[0..79] deparsed exact_containers [32:47] ]


Merge wide arith super clusters
after pre-split by adjacent_no_pack:
SUPERCLUSTER Uid: 815
    slice lists:	
        [ ingress::hdr.eth_hdr.dst_addr<48> ^0 ^bit[0..79] deparsed exact_containers [32:47] ]
    rotational clusters:	
        [[ingress::hdr.eth_hdr.dst_addr<48> ^0 ^bit[0..79] deparsed exact_containers [32:47]]]

split_by_deparsed_bottom_bits schema: Bit schema:
    ----------------
    [ ingress::hdr.eth_hdr.dst_addr<48> ^0 ^bit[0..79] deparsed exact_containers [32:47] ]


Bit schema:
    ----------------
    [ ingress::hdr.eth_hdr.dst_addr<48> ^0 ^bit[0..79] deparsed exact_containers [32:47] ]


Merge wide arith super clusters
after pre-split by deparsed_bottom_bits:
SUPERCLUSTER Uid: 816
    slice lists:	
        [ ingress::hdr.eth_hdr.dst_addr<48> ^0 ^bit[0..79] deparsed exact_containers [32:47] ]
    rotational clusters:	
        [[ingress::hdr.eth_hdr.dst_addr<48> ^0 ^bit[0..79] deparsed exact_containers [32:47]]]

split_by_adjacent_deparsed_and_non_deparsed schema: Bit schema:
    ----------------
    [ ingress::hdr.eth_hdr.dst_addr<48> ^0 ^bit[0..79] deparsed exact_containers [32:47] ]


Bit schema:
    ----------------
    [ ingress::hdr.eth_hdr.dst_addr<48> ^0 ^bit[0..79] deparsed exact_containers [32:47] ]


Merge wide arith super clusters
after pre-split by adjacent_deparsed_and_non_deparsed:
SUPERCLUSTER Uid: 817
    slice lists:	
        [ ingress::hdr.eth_hdr.dst_addr<48> ^0 ^bit[0..79] deparsed exact_containers [32:47] ]
    rotational clusters:	
        [[ingress::hdr.eth_hdr.dst_addr<48> ^0 ^bit[0..79] deparsed exact_containers [32:47]]]

split_parser_write_mode schema: Bit schema:
    ----------------
    [ ingress::hdr.eth_hdr.dst_addr<48> ^0 ^bit[0..79] deparsed exact_containers [32:47] ]


Bit schema:
    ----------------
    [ ingress::hdr.eth_hdr.dst_addr<48> ^0 ^bit[0..79] deparsed exact_containers [32:47] ]


Merge wide arith super clusters
after pre-split by parser_write_mode:
SUPERCLUSTER Uid: 818
    slice lists:	
        [ ingress::hdr.eth_hdr.dst_addr<48> ^0 ^bit[0..79] deparsed exact_containers [32:47] ]
    rotational clusters:	
        [[ingress::hdr.eth_hdr.dst_addr<48> ^0 ^bit[0..79] deparsed exact_containers [32:47]]]

ENTER DFS: 1
dfs_depth-1: will split [ ingress::hdr.eth_hdr.dst_addr<48> ^0 ^bit[0..79] deparsed exact_containers [32:47] ]
possible slice choices: 
{new_split: 1, split_unref:0, n_avoidable_packings:0, size: 8}
{new_split: 0, split_unref:0, n_avoidable_packings:0, size: 16}
dfs_depth-1: possible choices: { 16 8 }
dfs_depth-1: try to split @16
Bit schema:
    ----------------
    [ ingress::hdr.eth_hdr.dst_addr<48> ^0 ^bit[0..79] deparsed exact_containers [32:47] ]


Merge wide arith super clusters
dfs_depth-1: decide to split out first 16 bits of [ ingress::hdr.eth_hdr.dst_addr<48> ^0 ^bit[0..79] deparsed exact_containers [32:47] ]
ENTER DFS: 2
found a solution after 2 steps
LEAVE DFS: 2
dfs_depth-1: try to split @8
Bit schema:
    --------1-------
    [ ingress::hdr.eth_hdr.dst_addr<48> ^0 ^bit[0..79] deparsed exact_containers [32:47] ]


    ...(0) found slice to split at idx 8: ingress::hdr.eth_hdr.dst_addr<48> ^0 ^bit[0..79] deparsed exact_containers [32:47]
    ...erasing ingress::hdr.eth_hdr.dst_addr<48> ^0 ^bit[0..79] deparsed exact_containers [32:47] in this slice list
    ...adding ingress::hdr.eth_hdr.dst_addr<48> ^0 ^bit[0..79] deparsed exact_containers [32:39] in this slice list
    ...adding ingress::hdr.eth_hdr.dst_addr<48> ^0 ^bit[0..71] deparsed exact_containers [40:47] in this slice list
    ...(0) adding to slice list: ingress::hdr.eth_hdr.dst_addr<48> ^0 ^bit[0..79] deparsed exact_containers [32:47]
    ...(0) starting new slice list
    ...erasing old cluster [[ingress::hdr.eth_hdr.dst_addr<48> ^0 ^bit[0..79] deparsed exact_containers [32:47]]]
    ...adding new lo cluster [[ingress::hdr.eth_hdr.dst_addr<48> ^0 ^bit[0..79] deparsed exact_containers [32:39]]]
    ...adding new hi cluster [[ingress::hdr.eth_hdr.dst_addr<48> ^0 ^bit[0..71] deparsed exact_containers [40:47]]]
    ...updating slices_to_clusters
        - erasing ingress::hdr.eth_hdr.dst_addr<48> ^0 ^bit[0..79] deparsed exact_containers [32:47]
        - adding ingress::hdr.eth_hdr.dst_addr<48> ^0 ^bit[0..79] deparsed exact_containers [32:39]
        - adding ingress::hdr.eth_hdr.dst_addr<48> ^0 ^bit[0..71] deparsed exact_containers [40:47]
    ...updating slice_lists
    ...updating slices_to_slice_lists
Merge wide arith super clusters
dfs_depth-1: decide to split out first 8 bits of [ ingress::hdr.eth_hdr.dst_addr<48> ^0 ^bit[0..79] deparsed exact_containers [32:47] ]
ENTER DFS: 2
found a solution after 3 steps
LEAVE DFS: 2
LEAVE DFS: 1
DFS Result: 1, n_steps_since_last_solution: 0, max_search_steps_per_solution: 524288
Making Itr for SUPERCLUSTER Uid: 162
    slice lists:	
        [ ingress::hdr.a.first<16> ^0 ^bit[0..191] deparsed exact_containers [0:15] ]
    rotational clusters:	
        [[ingress::hdr.a.first<16> ^0 ^bit[0..191] deparsed exact_containers [0:15]]]

Homogeneous slicing enabled: 0 Rejected slice options: 
pa_container_sz slicing schema: Bit schema:
    ----------------
    [ ingress::hdr.a.first<16> ^0 ^bit[0..191] deparsed exact_containers [0:15] ]


Bit schema:
    ----------------
    [ ingress::hdr.a.first<16> ^0 ^bit[0..191] deparsed exact_containers [0:15] ]


Merge wide arith super clusters
split by pa_container_size result: 
SUPERCLUSTER Uid: 826
    slice lists:	
        [ ingress::hdr.a.first<16> ^0 ^bit[0..191] deparsed exact_containers [0:15] ]
    rotational clusters:	
        [[ingress::hdr.a.first<16> ^0 ^bit[0..191] deparsed exact_containers [0:15]]]

split_by_adjacent_no_pack schema: Bit schema:
    ----------------
    [ ingress::hdr.a.first<16> ^0 ^bit[0..191] deparsed exact_containers [0:15] ]


Bit schema:
    ----------------
    [ ingress::hdr.a.first<16> ^0 ^bit[0..191] deparsed exact_containers [0:15] ]


Merge wide arith super clusters
after pre-split by adjacent_no_pack:
SUPERCLUSTER Uid: 827
    slice lists:	
        [ ingress::hdr.a.first<16> ^0 ^bit[0..191] deparsed exact_containers [0:15] ]
    rotational clusters:	
        [[ingress::hdr.a.first<16> ^0 ^bit[0..191] deparsed exact_containers [0:15]]]

split_by_deparsed_bottom_bits schema: Bit schema:
    ----------------
    [ ingress::hdr.a.first<16> ^0 ^bit[0..191] deparsed exact_containers [0:15] ]


Bit schema:
    ----------------
    [ ingress::hdr.a.first<16> ^0 ^bit[0..191] deparsed exact_containers [0:15] ]


Merge wide arith super clusters
after pre-split by deparsed_bottom_bits:
SUPERCLUSTER Uid: 828
    slice lists:	
        [ ingress::hdr.a.first<16> ^0 ^bit[0..191] deparsed exact_containers [0:15] ]
    rotational clusters:	
        [[ingress::hdr.a.first<16> ^0 ^bit[0..191] deparsed exact_containers [0:15]]]

split_by_adjacent_deparsed_and_non_deparsed schema: Bit schema:
    ----------------
    [ ingress::hdr.a.first<16> ^0 ^bit[0..191] deparsed exact_containers [0:15] ]


Bit schema:
    ----------------
    [ ingress::hdr.a.first<16> ^0 ^bit[0..191] deparsed exact_containers [0:15] ]


Merge wide arith super clusters
after pre-split by adjacent_deparsed_and_non_deparsed:
SUPERCLUSTER Uid: 829
    slice lists:	
        [ ingress::hdr.a.first<16> ^0 ^bit[0..191] deparsed exact_containers [0:15] ]
    rotational clusters:	
        [[ingress::hdr.a.first<16> ^0 ^bit[0..191] deparsed exact_containers [0:15]]]

split_parser_write_mode schema: Bit schema:
    ----------------
    [ ingress::hdr.a.first<16> ^0 ^bit[0..191] deparsed exact_containers [0:15] ]


Bit schema:
    ----------------
    [ ingress::hdr.a.first<16> ^0 ^bit[0..191] deparsed exact_containers [0:15] ]


Merge wide arith super clusters
after pre-split by parser_write_mode:
SUPERCLUSTER Uid: 830
    slice lists:	
        [ ingress::hdr.a.first<16> ^0 ^bit[0..191] deparsed exact_containers [0:15] ]
    rotational clusters:	
        [[ingress::hdr.a.first<16> ^0 ^bit[0..191] deparsed exact_containers [0:15]]]

ENTER DFS: 1
dfs_depth-1: will split [ ingress::hdr.a.first<16> ^0 ^bit[0..191] deparsed exact_containers [0:15] ]
possible slice choices: 
{new_split: 1, split_unref:0, n_avoidable_packings:0, size: 8}
{new_split: 0, split_unref:0, n_avoidable_packings:0, size: 16}
dfs_depth-1: possible choices: { 16 8 }
dfs_depth-1: try to split @16
Bit schema:
    ----------------
    [ ingress::hdr.a.first<16> ^0 ^bit[0..191] deparsed exact_containers [0:15] ]


Merge wide arith super clusters
dfs_depth-1: decide to split out first 16 bits of [ ingress::hdr.a.first<16> ^0 ^bit[0..191] deparsed exact_containers [0:15] ]
ENTER DFS: 2
found a solution after 2 steps
LEAVE DFS: 2
dfs_depth-1: try to split @8
Bit schema:
    --------1-------
    [ ingress::hdr.a.first<16> ^0 ^bit[0..191] deparsed exact_containers [0:15] ]


    ...(0) found slice to split at idx 8: ingress::hdr.a.first<16> ^0 ^bit[0..191] deparsed exact_containers [0:15]
    ...erasing ingress::hdr.a.first<16> ^0 ^bit[0..191] deparsed exact_containers [0:15] in this slice list
    ...adding ingress::hdr.a.first<16> ^0 ^bit[0..191] deparsed exact_containers [0:7] in this slice list
    ...adding ingress::hdr.a.first<16> ^0 ^bit[0..183] deparsed exact_containers [8:15] in this slice list
    ...(0) adding to slice list: ingress::hdr.a.first<16> ^0 ^bit[0..191] deparsed exact_containers [0:15]
    ...(0) starting new slice list
    ...erasing old cluster [[ingress::hdr.a.first<16> ^0 ^bit[0..191] deparsed exact_containers [0:15]]]
    ...adding new lo cluster [[ingress::hdr.a.first<16> ^0 ^bit[0..191] deparsed exact_containers [0:7]]]
    ...adding new hi cluster [[ingress::hdr.a.first<16> ^0 ^bit[0..183] deparsed exact_containers [8:15]]]
    ...updating slices_to_clusters
        - erasing ingress::hdr.a.first<16> ^0 ^bit[0..191] deparsed exact_containers [0:15]
        - adding ingress::hdr.a.first<16> ^0 ^bit[0..191] deparsed exact_containers [0:7]
        - adding ingress::hdr.a.first<16> ^0 ^bit[0..183] deparsed exact_containers [8:15]
    ...updating slice_lists
    ...updating slices_to_slice_lists
Merge wide arith super clusters
dfs_depth-1: decide to split out first 8 bits of [ ingress::hdr.a.first<16> ^0 ^bit[0..191] deparsed exact_containers [0:15] ]
ENTER DFS: 2
found a solution after 3 steps
LEAVE DFS: 2
LEAVE DFS: 1
DFS Result: 1, n_steps_since_last_solution: 0, max_search_steps_per_solution: 524288
Making Itr for SUPERCLUSTER Uid: 168
    slice lists:	
        [ ingress::hdr.b.first<16> ^0 ^bit[0..207] deparsed exact_containers [0:15] ]
    rotational clusters:	
        [[ingress::hdr.b.first<16> ^0 ^bit[0..207] deparsed exact_containers [0:15]]]

Homogeneous slicing enabled: 0 Rejected slice options: 
pa_container_sz slicing schema: Bit schema:
    ----------------
    [ ingress::hdr.b.first<16> ^0 ^bit[0..207] deparsed exact_containers [0:15] ]


Bit schema:
    ----------------
    [ ingress::hdr.b.first<16> ^0 ^bit[0..207] deparsed exact_containers [0:15] ]


Merge wide arith super clusters
split by pa_container_size result: 
SUPERCLUSTER Uid: 838
    slice lists:	
        [ ingress::hdr.b.first<16> ^0 ^bit[0..207] deparsed exact_containers [0:15] ]
    rotational clusters:	
        [[ingress::hdr.b.first<16> ^0 ^bit[0..207] deparsed exact_containers [0:15]]]

split_by_adjacent_no_pack schema: Bit schema:
    ----------------
    [ ingress::hdr.b.first<16> ^0 ^bit[0..207] deparsed exact_containers [0:15] ]


Bit schema:
    ----------------
    [ ingress::hdr.b.first<16> ^0 ^bit[0..207] deparsed exact_containers [0:15] ]


Merge wide arith super clusters
after pre-split by adjacent_no_pack:
SUPERCLUSTER Uid: 839
    slice lists:	
        [ ingress::hdr.b.first<16> ^0 ^bit[0..207] deparsed exact_containers [0:15] ]
    rotational clusters:	
        [[ingress::hdr.b.first<16> ^0 ^bit[0..207] deparsed exact_containers [0:15]]]

split_by_deparsed_bottom_bits schema: Bit schema:
    ----------------
    [ ingress::hdr.b.first<16> ^0 ^bit[0..207] deparsed exact_containers [0:15] ]


Bit schema:
    ----------------
    [ ingress::hdr.b.first<16> ^0 ^bit[0..207] deparsed exact_containers [0:15] ]


Merge wide arith super clusters
after pre-split by deparsed_bottom_bits:
SUPERCLUSTER Uid: 840
    slice lists:	
        [ ingress::hdr.b.first<16> ^0 ^bit[0..207] deparsed exact_containers [0:15] ]
    rotational clusters:	
        [[ingress::hdr.b.first<16> ^0 ^bit[0..207] deparsed exact_containers [0:15]]]

split_by_adjacent_deparsed_and_non_deparsed schema: Bit schema:
    ----------------
    [ ingress::hdr.b.first<16> ^0 ^bit[0..207] deparsed exact_containers [0:15] ]


Bit schema:
    ----------------
    [ ingress::hdr.b.first<16> ^0 ^bit[0..207] deparsed exact_containers [0:15] ]


Merge wide arith super clusters
after pre-split by adjacent_deparsed_and_non_deparsed:
SUPERCLUSTER Uid: 841
    slice lists:	
        [ ingress::hdr.b.first<16> ^0 ^bit[0..207] deparsed exact_containers [0:15] ]
    rotational clusters:	
        [[ingress::hdr.b.first<16> ^0 ^bit[0..207] deparsed exact_containers [0:15]]]

split_parser_write_mode schema: Bit schema:
    ----------------
    [ ingress::hdr.b.first<16> ^0 ^bit[0..207] deparsed exact_containers [0:15] ]


Bit schema:
    ----------------
    [ ingress::hdr.b.first<16> ^0 ^bit[0..207] deparsed exact_containers [0:15] ]


Merge wide arith super clusters
after pre-split by parser_write_mode:
SUPERCLUSTER Uid: 842
    slice lists:	
        [ ingress::hdr.b.first<16> ^0 ^bit[0..207] deparsed exact_containers [0:15] ]
    rotational clusters:	
        [[ingress::hdr.b.first<16> ^0 ^bit[0..207] deparsed exact_containers [0:15]]]

ENTER DFS: 1
dfs_depth-1: will split [ ingress::hdr.b.first<16> ^0 ^bit[0..207] deparsed exact_containers [0:15] ]
possible slice choices: 
{new_split: 1, split_unref:0, n_avoidable_packings:0, size: 8}
{new_split: 0, split_unref:0, n_avoidable_packings:0, size: 16}
dfs_depth-1: possible choices: { 16 8 }
dfs_depth-1: try to split @16
Bit schema:
    ----------------
    [ ingress::hdr.b.first<16> ^0 ^bit[0..207] deparsed exact_containers [0:15] ]


Merge wide arith super clusters
dfs_depth-1: decide to split out first 16 bits of [ ingress::hdr.b.first<16> ^0 ^bit[0..207] deparsed exact_containers [0:15] ]
ENTER DFS: 2
found a solution after 2 steps
LEAVE DFS: 2
dfs_depth-1: try to split @8
Bit schema:
    --------1-------
    [ ingress::hdr.b.first<16> ^0 ^bit[0..207] deparsed exact_containers [0:15] ]


    ...(0) found slice to split at idx 8: ingress::hdr.b.first<16> ^0 ^bit[0..207] deparsed exact_containers [0:15]
    ...erasing ingress::hdr.b.first<16> ^0 ^bit[0..207] deparsed exact_containers [0:15] in this slice list
    ...adding ingress::hdr.b.first<16> ^0 ^bit[0..207] deparsed exact_containers [0:7] in this slice list
    ...adding ingress::hdr.b.first<16> ^0 ^bit[0..199] deparsed exact_containers [8:15] in this slice list
    ...(0) adding to slice list: ingress::hdr.b.first<16> ^0 ^bit[0..207] deparsed exact_containers [0:15]
    ...(0) starting new slice list
    ...erasing old cluster [[ingress::hdr.b.first<16> ^0 ^bit[0..207] deparsed exact_containers [0:15]]]
    ...adding new lo cluster [[ingress::hdr.b.first<16> ^0 ^bit[0..207] deparsed exact_containers [0:7]]]
    ...adding new hi cluster [[ingress::hdr.b.first<16> ^0 ^bit[0..199] deparsed exact_containers [8:15]]]
    ...updating slices_to_clusters
        - erasing ingress::hdr.b.first<16> ^0 ^bit[0..207] deparsed exact_containers [0:15]
        - adding ingress::hdr.b.first<16> ^0 ^bit[0..207] deparsed exact_containers [0:7]
        - adding ingress::hdr.b.first<16> ^0 ^bit[0..199] deparsed exact_containers [8:15]
    ...updating slice_lists
    ...updating slices_to_slice_lists
Merge wide arith super clusters
dfs_depth-1: decide to split out first 8 bits of [ ingress::hdr.b.first<16> ^0 ^bit[0..207] deparsed exact_containers [0:15] ]
ENTER DFS: 2
found a solution after 3 steps
LEAVE DFS: 2
LEAVE DFS: 1
DFS Result: 1, n_steps_since_last_solution: 0, max_search_steps_per_solution: 524288
Making Itr for SUPERCLUSTER Uid: 174
    slice lists:	
        [ ingress::hdr.c.first<16> ^0 ^bit[0..223] deparsed exact_containers [0:15] ]
    rotational clusters:	
        [[ingress::hdr.c.first<16> ^0 ^bit[0..223] deparsed exact_containers [0:15]]]

Homogeneous slicing enabled: 0 Rejected slice options: 
pa_container_sz slicing schema: Bit schema:
    ----------------
    [ ingress::hdr.c.first<16> ^0 ^bit[0..223] deparsed exact_containers [0:15] ]


Bit schema:
    ----------------
    [ ingress::hdr.c.first<16> ^0 ^bit[0..223] deparsed exact_containers [0:15] ]


Merge wide arith super clusters
split by pa_container_size result: 
SUPERCLUSTER Uid: 850
    slice lists:	
        [ ingress::hdr.c.first<16> ^0 ^bit[0..223] deparsed exact_containers [0:15] ]
    rotational clusters:	
        [[ingress::hdr.c.first<16> ^0 ^bit[0..223] deparsed exact_containers [0:15]]]

split_by_adjacent_no_pack schema: Bit schema:
    ----------------
    [ ingress::hdr.c.first<16> ^0 ^bit[0..223] deparsed exact_containers [0:15] ]


Bit schema:
    ----------------
    [ ingress::hdr.c.first<16> ^0 ^bit[0..223] deparsed exact_containers [0:15] ]


Merge wide arith super clusters
after pre-split by adjacent_no_pack:
SUPERCLUSTER Uid: 851
    slice lists:	
        [ ingress::hdr.c.first<16> ^0 ^bit[0..223] deparsed exact_containers [0:15] ]
    rotational clusters:	
        [[ingress::hdr.c.first<16> ^0 ^bit[0..223] deparsed exact_containers [0:15]]]

split_by_deparsed_bottom_bits schema: Bit schema:
    ----------------
    [ ingress::hdr.c.first<16> ^0 ^bit[0..223] deparsed exact_containers [0:15] ]


Bit schema:
    ----------------
    [ ingress::hdr.c.first<16> ^0 ^bit[0..223] deparsed exact_containers [0:15] ]


Merge wide arith super clusters
after pre-split by deparsed_bottom_bits:
SUPERCLUSTER Uid: 852
    slice lists:	
        [ ingress::hdr.c.first<16> ^0 ^bit[0..223] deparsed exact_containers [0:15] ]
    rotational clusters:	
        [[ingress::hdr.c.first<16> ^0 ^bit[0..223] deparsed exact_containers [0:15]]]

split_by_adjacent_deparsed_and_non_deparsed schema: Bit schema:
    ----------------
    [ ingress::hdr.c.first<16> ^0 ^bit[0..223] deparsed exact_containers [0:15] ]


Bit schema:
    ----------------
    [ ingress::hdr.c.first<16> ^0 ^bit[0..223] deparsed exact_containers [0:15] ]


Merge wide arith super clusters
after pre-split by adjacent_deparsed_and_non_deparsed:
SUPERCLUSTER Uid: 853
    slice lists:	
        [ ingress::hdr.c.first<16> ^0 ^bit[0..223] deparsed exact_containers [0:15] ]
    rotational clusters:	
        [[ingress::hdr.c.first<16> ^0 ^bit[0..223] deparsed exact_containers [0:15]]]

split_parser_write_mode schema: Bit schema:
    ----------------
    [ ingress::hdr.c.first<16> ^0 ^bit[0..223] deparsed exact_containers [0:15] ]


Bit schema:
    ----------------
    [ ingress::hdr.c.first<16> ^0 ^bit[0..223] deparsed exact_containers [0:15] ]


Merge wide arith super clusters
after pre-split by parser_write_mode:
SUPERCLUSTER Uid: 854
    slice lists:	
        [ ingress::hdr.c.first<16> ^0 ^bit[0..223] deparsed exact_containers [0:15] ]
    rotational clusters:	
        [[ingress::hdr.c.first<16> ^0 ^bit[0..223] deparsed exact_containers [0:15]]]

ENTER DFS: 1
dfs_depth-1: will split [ ingress::hdr.c.first<16> ^0 ^bit[0..223] deparsed exact_containers [0:15] ]
possible slice choices: 
{new_split: 1, split_unref:0, n_avoidable_packings:0, size: 8}
{new_split: 0, split_unref:0, n_avoidable_packings:0, size: 16}
dfs_depth-1: possible choices: { 16 8 }
dfs_depth-1: try to split @16
Bit schema:
    ----------------
    [ ingress::hdr.c.first<16> ^0 ^bit[0..223] deparsed exact_containers [0:15] ]


Merge wide arith super clusters
dfs_depth-1: decide to split out first 16 bits of [ ingress::hdr.c.first<16> ^0 ^bit[0..223] deparsed exact_containers [0:15] ]
ENTER DFS: 2
found a solution after 2 steps
LEAVE DFS: 2
dfs_depth-1: try to split @8
Bit schema:
    --------1-------
    [ ingress::hdr.c.first<16> ^0 ^bit[0..223] deparsed exact_containers [0:15] ]


    ...(0) found slice to split at idx 8: ingress::hdr.c.first<16> ^0 ^bit[0..223] deparsed exact_containers [0:15]
    ...erasing ingress::hdr.c.first<16> ^0 ^bit[0..223] deparsed exact_containers [0:15] in this slice list
    ...adding ingress::hdr.c.first<16> ^0 ^bit[0..223] deparsed exact_containers [0:7] in this slice list
    ...adding ingress::hdr.c.first<16> ^0 ^bit[0..215] deparsed exact_containers [8:15] in this slice list
    ...(0) adding to slice list: ingress::hdr.c.first<16> ^0 ^bit[0..223] deparsed exact_containers [0:15]
    ...(0) starting new slice list
    ...erasing old cluster [[ingress::hdr.c.first<16> ^0 ^bit[0..223] deparsed exact_containers [0:15]]]
    ...adding new lo cluster [[ingress::hdr.c.first<16> ^0 ^bit[0..223] deparsed exact_containers [0:7]]]
    ...adding new hi cluster [[ingress::hdr.c.first<16> ^0 ^bit[0..215] deparsed exact_containers [8:15]]]
    ...updating slices_to_clusters
        - erasing ingress::hdr.c.first<16> ^0 ^bit[0..223] deparsed exact_containers [0:15]
        - adding ingress::hdr.c.first<16> ^0 ^bit[0..223] deparsed exact_containers [0:7]
        - adding ingress::hdr.c.first<16> ^0 ^bit[0..215] deparsed exact_containers [8:15]
    ...updating slice_lists
    ...updating slices_to_slice_lists
Merge wide arith super clusters
dfs_depth-1: decide to split out first 8 bits of [ ingress::hdr.c.first<16> ^0 ^bit[0..223] deparsed exact_containers [0:15] ]
ENTER DFS: 2
found a solution after 3 steps
LEAVE DFS: 2
LEAVE DFS: 1
DFS Result: 1, n_steps_since_last_solution: 0, max_search_steps_per_solution: 524288
Making Itr for SUPERCLUSTER Uid: 233
    slice lists:	
        [ egress::hdr.min_parse_depth_padding_0[0].packet_payload<88> ^0 ^bit[0..23] deparsed exact_containers [64:79] ]
    rotational clusters:	
        [[egress::hdr.min_parse_depth_padding_0[0].packet_payload<88> ^0 ^bit[0..23] deparsed exact_containers [64:79]]]

Homogeneous slicing enabled: 0 Rejected slice options: 
pa_container_sz slicing schema: Bit schema:
    ----------------
    [ egress::hdr.min_parse_depth_padding_0[0].packet_payload<88> ^0 ^bit[0..23] deparsed exact_containers [64:79] ]


Bit schema:
    ----------------
    [ egress::hdr.min_parse_depth_padding_0[0].packet_payload<88> ^0 ^bit[0..23] deparsed exact_containers [64:79] ]


Merge wide arith super clusters
split by pa_container_size result: 
SUPERCLUSTER Uid: 862
    slice lists:	
        [ egress::hdr.min_parse_depth_padding_0[0].packet_payload<88> ^0 ^bit[0..23] deparsed exact_containers [64:79] ]
    rotational clusters:	
        [[egress::hdr.min_parse_depth_padding_0[0].packet_payload<88> ^0 ^bit[0..23] deparsed exact_containers [64:79]]]

split_by_adjacent_no_pack schema: Bit schema:
    ----------------
    [ egress::hdr.min_parse_depth_padding_0[0].packet_payload<88> ^0 ^bit[0..23] deparsed exact_containers [64:79] ]


Bit schema:
    ----------------
    [ egress::hdr.min_parse_depth_padding_0[0].packet_payload<88> ^0 ^bit[0..23] deparsed exact_containers [64:79] ]


Merge wide arith super clusters
after pre-split by adjacent_no_pack:
SUPERCLUSTER Uid: 863
    slice lists:	
        [ egress::hdr.min_parse_depth_padding_0[0].packet_payload<88> ^0 ^bit[0..23] deparsed exact_containers [64:79] ]
    rotational clusters:	
        [[egress::hdr.min_parse_depth_padding_0[0].packet_payload<88> ^0 ^bit[0..23] deparsed exact_containers [64:79]]]

split_by_deparsed_bottom_bits schema: Bit schema:
    ----------------
    [ egress::hdr.min_parse_depth_padding_0[0].packet_payload<88> ^0 ^bit[0..23] deparsed exact_containers [64:79] ]


Bit schema:
    ----------------
    [ egress::hdr.min_parse_depth_padding_0[0].packet_payload<88> ^0 ^bit[0..23] deparsed exact_containers [64:79] ]


Merge wide arith super clusters
after pre-split by deparsed_bottom_bits:
SUPERCLUSTER Uid: 864
    slice lists:	
        [ egress::hdr.min_parse_depth_padding_0[0].packet_payload<88> ^0 ^bit[0..23] deparsed exact_containers [64:79] ]
    rotational clusters:	
        [[egress::hdr.min_parse_depth_padding_0[0].packet_payload<88> ^0 ^bit[0..23] deparsed exact_containers [64:79]]]

split_by_adjacent_deparsed_and_non_deparsed schema: Bit schema:
    ----------------
    [ egress::hdr.min_parse_depth_padding_0[0].packet_payload<88> ^0 ^bit[0..23] deparsed exact_containers [64:79] ]


Bit schema:
    ----------------
    [ egress::hdr.min_parse_depth_padding_0[0].packet_payload<88> ^0 ^bit[0..23] deparsed exact_containers [64:79] ]


Merge wide arith super clusters
after pre-split by adjacent_deparsed_and_non_deparsed:
SUPERCLUSTER Uid: 865
    slice lists:	
        [ egress::hdr.min_parse_depth_padding_0[0].packet_payload<88> ^0 ^bit[0..23] deparsed exact_containers [64:79] ]
    rotational clusters:	
        [[egress::hdr.min_parse_depth_padding_0[0].packet_payload<88> ^0 ^bit[0..23] deparsed exact_containers [64:79]]]

split_parser_write_mode schema: Bit schema:
    ----------------
    [ egress::hdr.min_parse_depth_padding_0[0].packet_payload<88> ^0 ^bit[0..23] deparsed exact_containers [64:79] ]


Bit schema:
    ----------------
    [ egress::hdr.min_parse_depth_padding_0[0].packet_payload<88> ^0 ^bit[0..23] deparsed exact_containers [64:79] ]


Merge wide arith super clusters
after pre-split by parser_write_mode:
SUPERCLUSTER Uid: 866
    slice lists:	
        [ egress::hdr.min_parse_depth_padding_0[0].packet_payload<88> ^0 ^bit[0..23] deparsed exact_containers [64:79] ]
    rotational clusters:	
        [[egress::hdr.min_parse_depth_padding_0[0].packet_payload<88> ^0 ^bit[0..23] deparsed exact_containers [64:79]]]

ENTER DFS: 1
dfs_depth-1: will split [ egress::hdr.min_parse_depth_padding_0[0].packet_payload<88> ^0 ^bit[0..23] deparsed exact_containers [64:79] ]
possible slice choices: 
{new_split: 1, split_unref:0, n_avoidable_packings:0, size: 8}
{new_split: 0, split_unref:0, n_avoidable_packings:0, size: 16}
dfs_depth-1: possible choices: { 16 8 }
dfs_depth-1: try to split @16
Bit schema:
    ----------------
    [ egress::hdr.min_parse_depth_padding_0[0].packet_payload<88> ^0 ^bit[0..23] deparsed exact_containers [64:79] ]


Merge wide arith super clusters
dfs_depth-1: decide to split out first 16 bits of [ egress::hdr.min_parse_depth_padding_0[0].packet_payload<88> ^0 ^bit[0..23] deparsed exact_containers [64:79] ]
ENTER DFS: 2
found a solution after 2 steps
LEAVE DFS: 2
dfs_depth-1: try to split @8
Bit schema:
    --------1-------
    [ egress::hdr.min_parse_depth_padding_0[0].packet_payload<88> ^0 ^bit[0..23] deparsed exact_containers [64:79] ]


    ...(0) found slice to split at idx 8: egress::hdr.min_parse_depth_padding_0[0].packet_payload<88> ^0 ^bit[0..23] deparsed exact_containers [64:79]
    ...erasing egress::hdr.min_parse_depth_padding_0[0].packet_payload<88> ^0 ^bit[0..23] deparsed exact_containers [64:79] in this slice list
    ...adding egress::hdr.min_parse_depth_padding_0[0].packet_payload<88> ^0 ^bit[0..23] deparsed exact_containers [64:71] in this slice list
    ...adding egress::hdr.min_parse_depth_padding_0[0].packet_payload<88> ^0 ^bit[0..15] deparsed exact_containers [72:79] in this slice list
    ...(0) adding to slice list: egress::hdr.min_parse_depth_padding_0[0].packet_payload<88> ^0 ^bit[0..23] deparsed exact_containers [64:79]
    ...(0) starting new slice list
    ...erasing old cluster [[egress::hdr.min_parse_depth_padding_0[0].packet_payload<88> ^0 ^bit[0..23] deparsed exact_containers [64:79]]]
    ...adding new lo cluster [[egress::hdr.min_parse_depth_padding_0[0].packet_payload<88> ^0 ^bit[0..23] deparsed exact_containers [64:71]]]
    ...adding new hi cluster [[egress::hdr.min_parse_depth_padding_0[0].packet_payload<88> ^0 ^bit[0..15] deparsed exact_containers [72:79]]]
    ...updating slices_to_clusters
        - erasing egress::hdr.min_parse_depth_padding_0[0].packet_payload<88> ^0 ^bit[0..23] deparsed exact_containers [64:79]
        - adding egress::hdr.min_parse_depth_padding_0[0].packet_payload<88> ^0 ^bit[0..23] deparsed exact_containers [64:71]
        - adding egress::hdr.min_parse_depth_padding_0[0].packet_payload<88> ^0 ^bit[0..15] deparsed exact_containers [72:79]
    ...updating slice_lists
    ...updating slices_to_slice_lists
Merge wide arith super clusters
dfs_depth-1: decide to split out first 8 bits of [ egress::hdr.min_parse_depth_padding_0[0].packet_payload<88> ^0 ^bit[0..23] deparsed exact_containers [64:79] ]
ENTER DFS: 2
found a solution after 3 steps
LEAVE DFS: 2
LEAVE DFS: 1
DFS Result: 1, n_steps_since_last_solution: 0, max_search_steps_per_solution: 524288
Making Itr for SUPERCLUSTER Uid: 256
    slice lists:	
        [ egress::hdr.min_parse_depth_padding_0[1].packet_payload<88> ^0 ^bit[0..23] deparsed exact_containers [64:79] ]
    rotational clusters:	
        [[egress::hdr.min_parse_depth_padding_0[1].packet_payload<88> ^0 ^bit[0..23] deparsed exact_containers [64:79]]]

Homogeneous slicing enabled: 0 Rejected slice options: 
pa_container_sz slicing schema: Bit schema:
    ----------------
    [ egress::hdr.min_parse_depth_padding_0[1].packet_payload<88> ^0 ^bit[0..23] deparsed exact_containers [64:79] ]


Bit schema:
    ----------------
    [ egress::hdr.min_parse_depth_padding_0[1].packet_payload<88> ^0 ^bit[0..23] deparsed exact_containers [64:79] ]


Merge wide arith super clusters
split by pa_container_size result: 
SUPERCLUSTER Uid: 874
    slice lists:	
        [ egress::hdr.min_parse_depth_padding_0[1].packet_payload<88> ^0 ^bit[0..23] deparsed exact_containers [64:79] ]
    rotational clusters:	
        [[egress::hdr.min_parse_depth_padding_0[1].packet_payload<88> ^0 ^bit[0..23] deparsed exact_containers [64:79]]]

split_by_adjacent_no_pack schema: Bit schema:
    ----------------
    [ egress::hdr.min_parse_depth_padding_0[1].packet_payload<88> ^0 ^bit[0..23] deparsed exact_containers [64:79] ]


Bit schema:
    ----------------
    [ egress::hdr.min_parse_depth_padding_0[1].packet_payload<88> ^0 ^bit[0..23] deparsed exact_containers [64:79] ]


Merge wide arith super clusters
after pre-split by adjacent_no_pack:
SUPERCLUSTER Uid: 875
    slice lists:	
        [ egress::hdr.min_parse_depth_padding_0[1].packet_payload<88> ^0 ^bit[0..23] deparsed exact_containers [64:79] ]
    rotational clusters:	
        [[egress::hdr.min_parse_depth_padding_0[1].packet_payload<88> ^0 ^bit[0..23] deparsed exact_containers [64:79]]]

split_by_deparsed_bottom_bits schema: Bit schema:
    ----------------
    [ egress::hdr.min_parse_depth_padding_0[1].packet_payload<88> ^0 ^bit[0..23] deparsed exact_containers [64:79] ]


Bit schema:
    ----------------
    [ egress::hdr.min_parse_depth_padding_0[1].packet_payload<88> ^0 ^bit[0..23] deparsed exact_containers [64:79] ]


Merge wide arith super clusters
after pre-split by deparsed_bottom_bits:
SUPERCLUSTER Uid: 876
    slice lists:	
        [ egress::hdr.min_parse_depth_padding_0[1].packet_payload<88> ^0 ^bit[0..23] deparsed exact_containers [64:79] ]
    rotational clusters:	
        [[egress::hdr.min_parse_depth_padding_0[1].packet_payload<88> ^0 ^bit[0..23] deparsed exact_containers [64:79]]]

split_by_adjacent_deparsed_and_non_deparsed schema: Bit schema:
    ----------------
    [ egress::hdr.min_parse_depth_padding_0[1].packet_payload<88> ^0 ^bit[0..23] deparsed exact_containers [64:79] ]


Bit schema:
    ----------------
    [ egress::hdr.min_parse_depth_padding_0[1].packet_payload<88> ^0 ^bit[0..23] deparsed exact_containers [64:79] ]


Merge wide arith super clusters
after pre-split by adjacent_deparsed_and_non_deparsed:
SUPERCLUSTER Uid: 877
    slice lists:	
        [ egress::hdr.min_parse_depth_padding_0[1].packet_payload<88> ^0 ^bit[0..23] deparsed exact_containers [64:79] ]
    rotational clusters:	
        [[egress::hdr.min_parse_depth_padding_0[1].packet_payload<88> ^0 ^bit[0..23] deparsed exact_containers [64:79]]]

split_parser_write_mode schema: Bit schema:
    ----------------
    [ egress::hdr.min_parse_depth_padding_0[1].packet_payload<88> ^0 ^bit[0..23] deparsed exact_containers [64:79] ]


Bit schema:
    ----------------
    [ egress::hdr.min_parse_depth_padding_0[1].packet_payload<88> ^0 ^bit[0..23] deparsed exact_containers [64:79] ]


Merge wide arith super clusters
after pre-split by parser_write_mode:
SUPERCLUSTER Uid: 878
    slice lists:	
        [ egress::hdr.min_parse_depth_padding_0[1].packet_payload<88> ^0 ^bit[0..23] deparsed exact_containers [64:79] ]
    rotational clusters:	
        [[egress::hdr.min_parse_depth_padding_0[1].packet_payload<88> ^0 ^bit[0..23] deparsed exact_containers [64:79]]]

ENTER DFS: 1
dfs_depth-1: will split [ egress::hdr.min_parse_depth_padding_0[1].packet_payload<88> ^0 ^bit[0..23] deparsed exact_containers [64:79] ]
possible slice choices: 
{new_split: 1, split_unref:0, n_avoidable_packings:0, size: 8}
{new_split: 0, split_unref:0, n_avoidable_packings:0, size: 16}
dfs_depth-1: possible choices: { 16 8 }
dfs_depth-1: try to split @16
Bit schema:
    ----------------
    [ egress::hdr.min_parse_depth_padding_0[1].packet_payload<88> ^0 ^bit[0..23] deparsed exact_containers [64:79] ]


Merge wide arith super clusters
dfs_depth-1: decide to split out first 16 bits of [ egress::hdr.min_parse_depth_padding_0[1].packet_payload<88> ^0 ^bit[0..23] deparsed exact_containers [64:79] ]
ENTER DFS: 2
found a solution after 2 steps
LEAVE DFS: 2
dfs_depth-1: try to split @8
Bit schema:
    --------1-------
    [ egress::hdr.min_parse_depth_padding_0[1].packet_payload<88> ^0 ^bit[0..23] deparsed exact_containers [64:79] ]


    ...(0) found slice to split at idx 8: egress::hdr.min_parse_depth_padding_0[1].packet_payload<88> ^0 ^bit[0..23] deparsed exact_containers [64:79]
    ...erasing egress::hdr.min_parse_depth_padding_0[1].packet_payload<88> ^0 ^bit[0..23] deparsed exact_containers [64:79] in this slice list
    ...adding egress::hdr.min_parse_depth_padding_0[1].packet_payload<88> ^0 ^bit[0..23] deparsed exact_containers [64:71] in this slice list
    ...adding egress::hdr.min_parse_depth_padding_0[1].packet_payload<88> ^0 ^bit[0..15] deparsed exact_containers [72:79] in this slice list
    ...(0) adding to slice list: egress::hdr.min_parse_depth_padding_0[1].packet_payload<88> ^0 ^bit[0..23] deparsed exact_containers [64:79]
    ...(0) starting new slice list
    ...erasing old cluster [[egress::hdr.min_parse_depth_padding_0[1].packet_payload<88> ^0 ^bit[0..23] deparsed exact_containers [64:79]]]
    ...adding new lo cluster [[egress::hdr.min_parse_depth_padding_0[1].packet_payload<88> ^0 ^bit[0..23] deparsed exact_containers [64:71]]]
    ...adding new hi cluster [[egress::hdr.min_parse_depth_padding_0[1].packet_payload<88> ^0 ^bit[0..15] deparsed exact_containers [72:79]]]
    ...updating slices_to_clusters
        - erasing egress::hdr.min_parse_depth_padding_0[1].packet_payload<88> ^0 ^bit[0..23] deparsed exact_containers [64:79]
        - adding egress::hdr.min_parse_depth_padding_0[1].packet_payload<88> ^0 ^bit[0..23] deparsed exact_containers [64:71]
        - adding egress::hdr.min_parse_depth_padding_0[1].packet_payload<88> ^0 ^bit[0..15] deparsed exact_containers [72:79]
    ...updating slice_lists
    ...updating slices_to_slice_lists
Merge wide arith super clusters
dfs_depth-1: decide to split out first 8 bits of [ egress::hdr.min_parse_depth_padding_0[1].packet_payload<88> ^0 ^bit[0..23] deparsed exact_containers [64:79] ]
ENTER DFS: 2
found a solution after 3 steps
LEAVE DFS: 2
LEAVE DFS: 1
DFS Result: 1, n_steps_since_last_solution: 0, max_search_steps_per_solution: 524288
Making Itr for SUPERCLUSTER Uid: 279
    slice lists:	
        [ egress::hdr.min_parse_depth_padding_0[2].packet_payload<88> ^0 ^bit[0..23] deparsed exact_containers [64:79] ]
    rotational clusters:	
        [[egress::hdr.min_parse_depth_padding_0[2].packet_payload<88> ^0 ^bit[0..23] deparsed exact_containers [64:79]]]

Homogeneous slicing enabled: 0 Rejected slice options: 
pa_container_sz slicing schema: Bit schema:
    ----------------
    [ egress::hdr.min_parse_depth_padding_0[2].packet_payload<88> ^0 ^bit[0..23] deparsed exact_containers [64:79] ]


Bit schema:
    ----------------
    [ egress::hdr.min_parse_depth_padding_0[2].packet_payload<88> ^0 ^bit[0..23] deparsed exact_containers [64:79] ]


Merge wide arith super clusters
split by pa_container_size result: 
SUPERCLUSTER Uid: 886
    slice lists:	
        [ egress::hdr.min_parse_depth_padding_0[2].packet_payload<88> ^0 ^bit[0..23] deparsed exact_containers [64:79] ]
    rotational clusters:	
        [[egress::hdr.min_parse_depth_padding_0[2].packet_payload<88> ^0 ^bit[0..23] deparsed exact_containers [64:79]]]

split_by_adjacent_no_pack schema: Bit schema:
    ----------------
    [ egress::hdr.min_parse_depth_padding_0[2].packet_payload<88> ^0 ^bit[0..23] deparsed exact_containers [64:79] ]


Bit schema:
    ----------------
    [ egress::hdr.min_parse_depth_padding_0[2].packet_payload<88> ^0 ^bit[0..23] deparsed exact_containers [64:79] ]


Merge wide arith super clusters
after pre-split by adjacent_no_pack:
SUPERCLUSTER Uid: 887
    slice lists:	
        [ egress::hdr.min_parse_depth_padding_0[2].packet_payload<88> ^0 ^bit[0..23] deparsed exact_containers [64:79] ]
    rotational clusters:	
        [[egress::hdr.min_parse_depth_padding_0[2].packet_payload<88> ^0 ^bit[0..23] deparsed exact_containers [64:79]]]

split_by_deparsed_bottom_bits schema: Bit schema:
    ----------------
    [ egress::hdr.min_parse_depth_padding_0[2].packet_payload<88> ^0 ^bit[0..23] deparsed exact_containers [64:79] ]


Bit schema:
    ----------------
    [ egress::hdr.min_parse_depth_padding_0[2].packet_payload<88> ^0 ^bit[0..23] deparsed exact_containers [64:79] ]


Merge wide arith super clusters
after pre-split by deparsed_bottom_bits:
SUPERCLUSTER Uid: 888
    slice lists:	
        [ egress::hdr.min_parse_depth_padding_0[2].packet_payload<88> ^0 ^bit[0..23] deparsed exact_containers [64:79] ]
    rotational clusters:	
        [[egress::hdr.min_parse_depth_padding_0[2].packet_payload<88> ^0 ^bit[0..23] deparsed exact_containers [64:79]]]

split_by_adjacent_deparsed_and_non_deparsed schema: Bit schema:
    ----------------
    [ egress::hdr.min_parse_depth_padding_0[2].packet_payload<88> ^0 ^bit[0..23] deparsed exact_containers [64:79] ]


Bit schema:
    ----------------
    [ egress::hdr.min_parse_depth_padding_0[2].packet_payload<88> ^0 ^bit[0..23] deparsed exact_containers [64:79] ]


Merge wide arith super clusters
after pre-split by adjacent_deparsed_and_non_deparsed:
SUPERCLUSTER Uid: 889
    slice lists:	
        [ egress::hdr.min_parse_depth_padding_0[2].packet_payload<88> ^0 ^bit[0..23] deparsed exact_containers [64:79] ]
    rotational clusters:	
        [[egress::hdr.min_parse_depth_padding_0[2].packet_payload<88> ^0 ^bit[0..23] deparsed exact_containers [64:79]]]

split_parser_write_mode schema: Bit schema:
    ----------------
    [ egress::hdr.min_parse_depth_padding_0[2].packet_payload<88> ^0 ^bit[0..23] deparsed exact_containers [64:79] ]


Bit schema:
    ----------------
    [ egress::hdr.min_parse_depth_padding_0[2].packet_payload<88> ^0 ^bit[0..23] deparsed exact_containers [64:79] ]


Merge wide arith super clusters
after pre-split by parser_write_mode:
SUPERCLUSTER Uid: 890
    slice lists:	
        [ egress::hdr.min_parse_depth_padding_0[2].packet_payload<88> ^0 ^bit[0..23] deparsed exact_containers [64:79] ]
    rotational clusters:	
        [[egress::hdr.min_parse_depth_padding_0[2].packet_payload<88> ^0 ^bit[0..23] deparsed exact_containers [64:79]]]

ENTER DFS: 1
dfs_depth-1: will split [ egress::hdr.min_parse_depth_padding_0[2].packet_payload<88> ^0 ^bit[0..23] deparsed exact_containers [64:79] ]
possible slice choices: 
{new_split: 1, split_unref:0, n_avoidable_packings:0, size: 8}
{new_split: 0, split_unref:0, n_avoidable_packings:0, size: 16}
dfs_depth-1: possible choices: { 16 8 }
dfs_depth-1: try to split @16
Bit schema:
    ----------------
    [ egress::hdr.min_parse_depth_padding_0[2].packet_payload<88> ^0 ^bit[0..23] deparsed exact_containers [64:79] ]


Merge wide arith super clusters
dfs_depth-1: decide to split out first 16 bits of [ egress::hdr.min_parse_depth_padding_0[2].packet_payload<88> ^0 ^bit[0..23] deparsed exact_containers [64:79] ]
ENTER DFS: 2
found a solution after 2 steps
LEAVE DFS: 2
dfs_depth-1: try to split @8
Bit schema:
    --------1-------
    [ egress::hdr.min_parse_depth_padding_0[2].packet_payload<88> ^0 ^bit[0..23] deparsed exact_containers [64:79] ]


    ...(0) found slice to split at idx 8: egress::hdr.min_parse_depth_padding_0[2].packet_payload<88> ^0 ^bit[0..23] deparsed exact_containers [64:79]
    ...erasing egress::hdr.min_parse_depth_padding_0[2].packet_payload<88> ^0 ^bit[0..23] deparsed exact_containers [64:79] in this slice list
    ...adding egress::hdr.min_parse_depth_padding_0[2].packet_payload<88> ^0 ^bit[0..23] deparsed exact_containers [64:71] in this slice list
    ...adding egress::hdr.min_parse_depth_padding_0[2].packet_payload<88> ^0 ^bit[0..15] deparsed exact_containers [72:79] in this slice list
    ...(0) adding to slice list: egress::hdr.min_parse_depth_padding_0[2].packet_payload<88> ^0 ^bit[0..23] deparsed exact_containers [64:79]
    ...(0) starting new slice list
    ...erasing old cluster [[egress::hdr.min_parse_depth_padding_0[2].packet_payload<88> ^0 ^bit[0..23] deparsed exact_containers [64:79]]]
    ...adding new lo cluster [[egress::hdr.min_parse_depth_padding_0[2].packet_payload<88> ^0 ^bit[0..23] deparsed exact_containers [64:71]]]
    ...adding new hi cluster [[egress::hdr.min_parse_depth_padding_0[2].packet_payload<88> ^0 ^bit[0..15] deparsed exact_containers [72:79]]]
    ...updating slices_to_clusters
        - erasing egress::hdr.min_parse_depth_padding_0[2].packet_payload<88> ^0 ^bit[0..23] deparsed exact_containers [64:79]
        - adding egress::hdr.min_parse_depth_padding_0[2].packet_payload<88> ^0 ^bit[0..23] deparsed exact_containers [64:71]
        - adding egress::hdr.min_parse_depth_padding_0[2].packet_payload<88> ^0 ^bit[0..15] deparsed exact_containers [72:79]
    ...updating slice_lists
    ...updating slices_to_slice_lists
Merge wide arith super clusters
dfs_depth-1: decide to split out first 8 bits of [ egress::hdr.min_parse_depth_padding_0[2].packet_payload<88> ^0 ^bit[0..23] deparsed exact_containers [64:79] ]
ENTER DFS: 2
found a solution after 3 steps
LEAVE DFS: 2
LEAVE DFS: 1
DFS Result: 1, n_steps_since_last_solution: 0, max_search_steps_per_solution: 524288
Making Itr for SUPERCLUSTER Uid: 302
    slice lists:	
        [ egress::hdr.min_parse_depth_padding_0[3].packet_payload<88> ^0 ^bit[0..23] deparsed exact_containers [64:79] ]
    rotational clusters:	
        [[egress::hdr.min_parse_depth_padding_0[3].packet_payload<88> ^0 ^bit[0..23] deparsed exact_containers [64:79]]]

Homogeneous slicing enabled: 0 Rejected slice options: 
pa_container_sz slicing schema: Bit schema:
    ----------------
    [ egress::hdr.min_parse_depth_padding_0[3].packet_payload<88> ^0 ^bit[0..23] deparsed exact_containers [64:79] ]


Bit schema:
    ----------------
    [ egress::hdr.min_parse_depth_padding_0[3].packet_payload<88> ^0 ^bit[0..23] deparsed exact_containers [64:79] ]


Merge wide arith super clusters
split by pa_container_size result: 
SUPERCLUSTER Uid: 898
    slice lists:	
        [ egress::hdr.min_parse_depth_padding_0[3].packet_payload<88> ^0 ^bit[0..23] deparsed exact_containers [64:79] ]
    rotational clusters:	
        [[egress::hdr.min_parse_depth_padding_0[3].packet_payload<88> ^0 ^bit[0..23] deparsed exact_containers [64:79]]]

split_by_adjacent_no_pack schema: Bit schema:
    ----------------
    [ egress::hdr.min_parse_depth_padding_0[3].packet_payload<88> ^0 ^bit[0..23] deparsed exact_containers [64:79] ]


Bit schema:
    ----------------
    [ egress::hdr.min_parse_depth_padding_0[3].packet_payload<88> ^0 ^bit[0..23] deparsed exact_containers [64:79] ]


Merge wide arith super clusters
after pre-split by adjacent_no_pack:
SUPERCLUSTER Uid: 899
    slice lists:	
        [ egress::hdr.min_parse_depth_padding_0[3].packet_payload<88> ^0 ^bit[0..23] deparsed exact_containers [64:79] ]
    rotational clusters:	
        [[egress::hdr.min_parse_depth_padding_0[3].packet_payload<88> ^0 ^bit[0..23] deparsed exact_containers [64:79]]]

split_by_deparsed_bottom_bits schema: Bit schema:
    ----------------
    [ egress::hdr.min_parse_depth_padding_0[3].packet_payload<88> ^0 ^bit[0..23] deparsed exact_containers [64:79] ]


Bit schema:
    ----------------
    [ egress::hdr.min_parse_depth_padding_0[3].packet_payload<88> ^0 ^bit[0..23] deparsed exact_containers [64:79] ]


Merge wide arith super clusters
after pre-split by deparsed_bottom_bits:
SUPERCLUSTER Uid: 900
    slice lists:	
        [ egress::hdr.min_parse_depth_padding_0[3].packet_payload<88> ^0 ^bit[0..23] deparsed exact_containers [64:79] ]
    rotational clusters:	
        [[egress::hdr.min_parse_depth_padding_0[3].packet_payload<88> ^0 ^bit[0..23] deparsed exact_containers [64:79]]]

split_by_adjacent_deparsed_and_non_deparsed schema: Bit schema:
    ----------------
    [ egress::hdr.min_parse_depth_padding_0[3].packet_payload<88> ^0 ^bit[0..23] deparsed exact_containers [64:79] ]


Bit schema:
    ----------------
    [ egress::hdr.min_parse_depth_padding_0[3].packet_payload<88> ^0 ^bit[0..23] deparsed exact_containers [64:79] ]


Merge wide arith super clusters
after pre-split by adjacent_deparsed_and_non_deparsed:
SUPERCLUSTER Uid: 901
    slice lists:	
        [ egress::hdr.min_parse_depth_padding_0[3].packet_payload<88> ^0 ^bit[0..23] deparsed exact_containers [64:79] ]
    rotational clusters:	
        [[egress::hdr.min_parse_depth_padding_0[3].packet_payload<88> ^0 ^bit[0..23] deparsed exact_containers [64:79]]]

split_parser_write_mode schema: Bit schema:
    ----------------
    [ egress::hdr.min_parse_depth_padding_0[3].packet_payload<88> ^0 ^bit[0..23] deparsed exact_containers [64:79] ]


Bit schema:
    ----------------
    [ egress::hdr.min_parse_depth_padding_0[3].packet_payload<88> ^0 ^bit[0..23] deparsed exact_containers [64:79] ]


Merge wide arith super clusters
after pre-split by parser_write_mode:
SUPERCLUSTER Uid: 902
    slice lists:	
        [ egress::hdr.min_parse_depth_padding_0[3].packet_payload<88> ^0 ^bit[0..23] deparsed exact_containers [64:79] ]
    rotational clusters:	
        [[egress::hdr.min_parse_depth_padding_0[3].packet_payload<88> ^0 ^bit[0..23] deparsed exact_containers [64:79]]]

ENTER DFS: 1
dfs_depth-1: will split [ egress::hdr.min_parse_depth_padding_0[3].packet_payload<88> ^0 ^bit[0..23] deparsed exact_containers [64:79] ]
possible slice choices: 
{new_split: 1, split_unref:0, n_avoidable_packings:0, size: 8}
{new_split: 0, split_unref:0, n_avoidable_packings:0, size: 16}
dfs_depth-1: possible choices: { 16 8 }
dfs_depth-1: try to split @16
Bit schema:
    ----------------
    [ egress::hdr.min_parse_depth_padding_0[3].packet_payload<88> ^0 ^bit[0..23] deparsed exact_containers [64:79] ]


Merge wide arith super clusters
dfs_depth-1: decide to split out first 16 bits of [ egress::hdr.min_parse_depth_padding_0[3].packet_payload<88> ^0 ^bit[0..23] deparsed exact_containers [64:79] ]
ENTER DFS: 2
found a solution after 2 steps
LEAVE DFS: 2
dfs_depth-1: try to split @8
Bit schema:
    --------1-------
    [ egress::hdr.min_parse_depth_padding_0[3].packet_payload<88> ^0 ^bit[0..23] deparsed exact_containers [64:79] ]


    ...(0) found slice to split at idx 8: egress::hdr.min_parse_depth_padding_0[3].packet_payload<88> ^0 ^bit[0..23] deparsed exact_containers [64:79]
    ...erasing egress::hdr.min_parse_depth_padding_0[3].packet_payload<88> ^0 ^bit[0..23] deparsed exact_containers [64:79] in this slice list
    ...adding egress::hdr.min_parse_depth_padding_0[3].packet_payload<88> ^0 ^bit[0..23] deparsed exact_containers [64:71] in this slice list
    ...adding egress::hdr.min_parse_depth_padding_0[3].packet_payload<88> ^0 ^bit[0..15] deparsed exact_containers [72:79] in this slice list
    ...(0) adding to slice list: egress::hdr.min_parse_depth_padding_0[3].packet_payload<88> ^0 ^bit[0..23] deparsed exact_containers [64:79]
    ...(0) starting new slice list
    ...erasing old cluster [[egress::hdr.min_parse_depth_padding_0[3].packet_payload<88> ^0 ^bit[0..23] deparsed exact_containers [64:79]]]
    ...adding new lo cluster [[egress::hdr.min_parse_depth_padding_0[3].packet_payload<88> ^0 ^bit[0..23] deparsed exact_containers [64:71]]]
    ...adding new hi cluster [[egress::hdr.min_parse_depth_padding_0[3].packet_payload<88> ^0 ^bit[0..15] deparsed exact_containers [72:79]]]
    ...updating slices_to_clusters
        - erasing egress::hdr.min_parse_depth_padding_0[3].packet_payload<88> ^0 ^bit[0..23] deparsed exact_containers [64:79]
        - adding egress::hdr.min_parse_depth_padding_0[3].packet_payload<88> ^0 ^bit[0..23] deparsed exact_containers [64:71]
        - adding egress::hdr.min_parse_depth_padding_0[3].packet_payload<88> ^0 ^bit[0..15] deparsed exact_containers [72:79]
    ...updating slice_lists
    ...updating slices_to_slice_lists
Merge wide arith super clusters
dfs_depth-1: decide to split out first 8 bits of [ egress::hdr.min_parse_depth_padding_0[3].packet_payload<88> ^0 ^bit[0..23] deparsed exact_containers [64:79] ]
ENTER DFS: 2
found a solution after 3 steps
LEAVE DFS: 2
LEAVE DFS: 1
DFS Result: 1, n_steps_since_last_solution: 0, max_search_steps_per_solution: 524288
Making Itr for SUPERCLUSTER Uid: 308
    slice lists:	
        [ ingress::hdr.eth_hdr.$valid<1> pov [0:0]
          ingress::hdr.a.$valid<1> pov [0:0]
          ingress::hdr.b.$valid<1> pov [0:0]
          ingress::hdr.c.$valid<1> pov [0:0] ]
    rotational clusters:	
        [[ingress::hdr.eth_hdr.$valid<1> pov [0:0]]]
        [[ingress::hdr.a.$valid<1> pov [0:0]]]
        [[ingress::hdr.b.$valid<1> pov [0:0]]]
        [[ingress::hdr.c.$valid<1> pov [0:0]]]

Homogeneous slicing enabled: 0 Rejected slice options: 
pa_container_sz slicing schema: Bit schema:
    ----
    [ ingress::hdr.eth_hdr.$valid<1> pov [0:0]
          ingress::hdr.a.$valid<1> pov [0:0]
          ingress::hdr.b.$valid<1> pov [0:0]
          ingress::hdr.c.$valid<1> pov [0:0] ]


Bit schema:
    ----
    [ ingress::hdr.eth_hdr.$valid<1> pov [0:0]
          ingress::hdr.a.$valid<1> pov [0:0]
          ingress::hdr.b.$valid<1> pov [0:0]
          ingress::hdr.c.$valid<1> pov [0:0] ]


Merge wide arith super clusters
split by pa_container_size result: 
SUPERCLUSTER Uid: 910
    slice lists:	
        [ ingress::hdr.eth_hdr.$valid<1> pov [0:0]
          ingress::hdr.a.$valid<1> pov [0:0]
          ingress::hdr.b.$valid<1> pov [0:0]
          ingress::hdr.c.$valid<1> pov [0:0] ]
    rotational clusters:	
        [[ingress::hdr.eth_hdr.$valid<1> pov [0:0]]]
        [[ingress::hdr.a.$valid<1> pov [0:0]]]
        [[ingress::hdr.b.$valid<1> pov [0:0]]]
        [[ingress::hdr.c.$valid<1> pov [0:0]]]

split_by_adjacent_no_pack schema: Bit schema:
    ----
    [ ingress::hdr.eth_hdr.$valid<1> pov [0:0]
          ingress::hdr.a.$valid<1> pov [0:0]
          ingress::hdr.b.$valid<1> pov [0:0]
          ingress::hdr.c.$valid<1> pov [0:0] ]


Bit schema:
    ----
    [ ingress::hdr.eth_hdr.$valid<1> pov [0:0]
          ingress::hdr.a.$valid<1> pov [0:0]
          ingress::hdr.b.$valid<1> pov [0:0]
          ingress::hdr.c.$valid<1> pov [0:0] ]


Merge wide arith super clusters
after pre-split by adjacent_no_pack:
SUPERCLUSTER Uid: 911
    slice lists:	
        [ ingress::hdr.eth_hdr.$valid<1> pov [0:0]
          ingress::hdr.a.$valid<1> pov [0:0]
          ingress::hdr.b.$valid<1> pov [0:0]
          ingress::hdr.c.$valid<1> pov [0:0] ]
    rotational clusters:	
        [[ingress::hdr.eth_hdr.$valid<1> pov [0:0]]]
        [[ingress::hdr.a.$valid<1> pov [0:0]]]
        [[ingress::hdr.b.$valid<1> pov [0:0]]]
        [[ingress::hdr.c.$valid<1> pov [0:0]]]

split_by_deparsed_bottom_bits schema: Bit schema:
    ----
    [ ingress::hdr.eth_hdr.$valid<1> pov [0:0]
          ingress::hdr.a.$valid<1> pov [0:0]
          ingress::hdr.b.$valid<1> pov [0:0]
          ingress::hdr.c.$valid<1> pov [0:0] ]


Bit schema:
    ----
    [ ingress::hdr.eth_hdr.$valid<1> pov [0:0]
          ingress::hdr.a.$valid<1> pov [0:0]
          ingress::hdr.b.$valid<1> pov [0:0]
          ingress::hdr.c.$valid<1> pov [0:0] ]


Merge wide arith super clusters
after pre-split by deparsed_bottom_bits:
SUPERCLUSTER Uid: 912
    slice lists:	
        [ ingress::hdr.eth_hdr.$valid<1> pov [0:0]
          ingress::hdr.a.$valid<1> pov [0:0]
          ingress::hdr.b.$valid<1> pov [0:0]
          ingress::hdr.c.$valid<1> pov [0:0] ]
    rotational clusters:	
        [[ingress::hdr.eth_hdr.$valid<1> pov [0:0]]]
        [[ingress::hdr.a.$valid<1> pov [0:0]]]
        [[ingress::hdr.b.$valid<1> pov [0:0]]]
        [[ingress::hdr.c.$valid<1> pov [0:0]]]

split_by_adjacent_deparsed_and_non_deparsed schema: Bit schema:
    ----
    [ ingress::hdr.eth_hdr.$valid<1> pov [0:0]
          ingress::hdr.a.$valid<1> pov [0:0]
          ingress::hdr.b.$valid<1> pov [0:0]
          ingress::hdr.c.$valid<1> pov [0:0] ]


Bit schema:
    ----
    [ ingress::hdr.eth_hdr.$valid<1> pov [0:0]
          ingress::hdr.a.$valid<1> pov [0:0]
          ingress::hdr.b.$valid<1> pov [0:0]
          ingress::hdr.c.$valid<1> pov [0:0] ]


Merge wide arith super clusters
after pre-split by adjacent_deparsed_and_non_deparsed:
SUPERCLUSTER Uid: 913
    slice lists:	
        [ ingress::hdr.eth_hdr.$valid<1> pov [0:0]
          ingress::hdr.a.$valid<1> pov [0:0]
          ingress::hdr.b.$valid<1> pov [0:0]
          ingress::hdr.c.$valid<1> pov [0:0] ]
    rotational clusters:	
        [[ingress::hdr.eth_hdr.$valid<1> pov [0:0]]]
        [[ingress::hdr.a.$valid<1> pov [0:0]]]
        [[ingress::hdr.b.$valid<1> pov [0:0]]]
        [[ingress::hdr.c.$valid<1> pov [0:0]]]

split_parser_write_mode schema: Bit schema:
    ----
    [ ingress::hdr.eth_hdr.$valid<1> pov [0:0]
          ingress::hdr.a.$valid<1> pov [0:0]
          ingress::hdr.b.$valid<1> pov [0:0]
          ingress::hdr.c.$valid<1> pov [0:0] ]


Bit schema:
    ----
    [ ingress::hdr.eth_hdr.$valid<1> pov [0:0]
          ingress::hdr.a.$valid<1> pov [0:0]
          ingress::hdr.b.$valid<1> pov [0:0]
          ingress::hdr.c.$valid<1> pov [0:0] ]


Merge wide arith super clusters
after pre-split by parser_write_mode:
SUPERCLUSTER Uid: 914
    slice lists:	
        [ ingress::hdr.eth_hdr.$valid<1> pov [0:0]
          ingress::hdr.a.$valid<1> pov [0:0]
          ingress::hdr.b.$valid<1> pov [0:0]
          ingress::hdr.c.$valid<1> pov [0:0] ]
    rotational clusters:	
        [[ingress::hdr.eth_hdr.$valid<1> pov [0:0]]]
        [[ingress::hdr.a.$valid<1> pov [0:0]]]
        [[ingress::hdr.b.$valid<1> pov [0:0]]]
        [[ingress::hdr.c.$valid<1> pov [0:0]]]

ENTER DFS: 1
found a solution after 1 steps
LEAVE DFS: 1
DFS Result: 1, n_steps_since_last_solution: 0, max_search_steps_per_solution: 524288
Making Itr for SUPERCLUSTER Uid: 195
    slice lists:	
        [ egress::eg_intr_md.pkt_length<16> intrinsic [0:15]
          egress::eg_intr_md.deflection_flag<1> intrinsic [0:0]
          egress::eg_intr_md._pad10<7> intrinsic [0:6]
          egress::eg_intr_md.egress_cos<3> intrinsic [0:2]
          egress::eg_intr_md._pad9<5> intrinsic [0:4] ]
    rotational clusters:	
        [[egress::eg_intr_md.pkt_length<16> intrinsic [0:15]]]
        [[egress::eg_intr_md.deflection_flag<1> intrinsic [0:0]]]
        [[egress::eg_intr_md._pad10<7> intrinsic [0:6]]]
        [[egress::eg_intr_md.egress_cos<3> intrinsic [0:2]]]
        [[egress::eg_intr_md._pad9<5> intrinsic [0:4]]]

Homogeneous slicing enabled: 0 Rejected slice options: 
pa_container_sz slicing schema: Bit schema:
    --------------------------------
    [ egress::eg_intr_md.pkt_length<16> intrinsic [0:15]
          egress::eg_intr_md.deflection_flag<1> intrinsic [0:0]
          egress::eg_intr_md._pad10<7> intrinsic [0:6]
          egress::eg_intr_md.egress_cos<3> intrinsic [0:2]
          egress::eg_intr_md._pad9<5> intrinsic [0:4] ]


Bit schema:
    --------------------------------
    [ egress::eg_intr_md.pkt_length<16> intrinsic [0:15]
          egress::eg_intr_md.deflection_flag<1> intrinsic [0:0]
          egress::eg_intr_md._pad10<7> intrinsic [0:6]
          egress::eg_intr_md.egress_cos<3> intrinsic [0:2]
          egress::eg_intr_md._pad9<5> intrinsic [0:4] ]


Merge wide arith super clusters
split by pa_container_size result: 
SUPERCLUSTER Uid: 915
    slice lists:	
        [ egress::eg_intr_md.pkt_length<16> intrinsic [0:15]
          egress::eg_intr_md.deflection_flag<1> intrinsic [0:0]
          egress::eg_intr_md._pad10<7> intrinsic [0:6]
          egress::eg_intr_md.egress_cos<3> intrinsic [0:2]
          egress::eg_intr_md._pad9<5> intrinsic [0:4] ]
    rotational clusters:	
        [[egress::eg_intr_md.pkt_length<16> intrinsic [0:15]]]
        [[egress::eg_intr_md.deflection_flag<1> intrinsic [0:0]]]
        [[egress::eg_intr_md._pad10<7> intrinsic [0:6]]]
        [[egress::eg_intr_md.egress_cos<3> intrinsic [0:2]]]
        [[egress::eg_intr_md._pad9<5> intrinsic [0:4]]]

split_by_adjacent_no_pack schema: Bit schema:
    --------------------------------
    [ egress::eg_intr_md.pkt_length<16> intrinsic [0:15]
          egress::eg_intr_md.deflection_flag<1> intrinsic [0:0]
          egress::eg_intr_md._pad10<7> intrinsic [0:6]
          egress::eg_intr_md.egress_cos<3> intrinsic [0:2]
          egress::eg_intr_md._pad9<5> intrinsic [0:4] ]


Bit schema:
    --------------------------------
    [ egress::eg_intr_md.pkt_length<16> intrinsic [0:15]
          egress::eg_intr_md.deflection_flag<1> intrinsic [0:0]
          egress::eg_intr_md._pad10<7> intrinsic [0:6]
          egress::eg_intr_md.egress_cos<3> intrinsic [0:2]
          egress::eg_intr_md._pad9<5> intrinsic [0:4] ]


Merge wide arith super clusters
after pre-split by adjacent_no_pack:
SUPERCLUSTER Uid: 916
    slice lists:	
        [ egress::eg_intr_md.pkt_length<16> intrinsic [0:15]
          egress::eg_intr_md.deflection_flag<1> intrinsic [0:0]
          egress::eg_intr_md._pad10<7> intrinsic [0:6]
          egress::eg_intr_md.egress_cos<3> intrinsic [0:2]
          egress::eg_intr_md._pad9<5> intrinsic [0:4] ]
    rotational clusters:	
        [[egress::eg_intr_md.pkt_length<16> intrinsic [0:15]]]
        [[egress::eg_intr_md.deflection_flag<1> intrinsic [0:0]]]
        [[egress::eg_intr_md._pad10<7> intrinsic [0:6]]]
        [[egress::eg_intr_md.egress_cos<3> intrinsic [0:2]]]
        [[egress::eg_intr_md._pad9<5> intrinsic [0:4]]]

split_by_deparsed_bottom_bits schema: Bit schema:
    --------------------------------
    [ egress::eg_intr_md.pkt_length<16> intrinsic [0:15]
          egress::eg_intr_md.deflection_flag<1> intrinsic [0:0]
          egress::eg_intr_md._pad10<7> intrinsic [0:6]
          egress::eg_intr_md.egress_cos<3> intrinsic [0:2]
          egress::eg_intr_md._pad9<5> intrinsic [0:4] ]


Bit schema:
    --------------------------------
    [ egress::eg_intr_md.pkt_length<16> intrinsic [0:15]
          egress::eg_intr_md.deflection_flag<1> intrinsic [0:0]
          egress::eg_intr_md._pad10<7> intrinsic [0:6]
          egress::eg_intr_md.egress_cos<3> intrinsic [0:2]
          egress::eg_intr_md._pad9<5> intrinsic [0:4] ]


Merge wide arith super clusters
after pre-split by deparsed_bottom_bits:
SUPERCLUSTER Uid: 917
    slice lists:	
        [ egress::eg_intr_md.pkt_length<16> intrinsic [0:15]
          egress::eg_intr_md.deflection_flag<1> intrinsic [0:0]
          egress::eg_intr_md._pad10<7> intrinsic [0:6]
          egress::eg_intr_md.egress_cos<3> intrinsic [0:2]
          egress::eg_intr_md._pad9<5> intrinsic [0:4] ]
    rotational clusters:	
        [[egress::eg_intr_md.pkt_length<16> intrinsic [0:15]]]
        [[egress::eg_intr_md.deflection_flag<1> intrinsic [0:0]]]
        [[egress::eg_intr_md._pad10<7> intrinsic [0:6]]]
        [[egress::eg_intr_md.egress_cos<3> intrinsic [0:2]]]
        [[egress::eg_intr_md._pad9<5> intrinsic [0:4]]]

split_by_adjacent_deparsed_and_non_deparsed schema: Bit schema:
    --------------------------------
    [ egress::eg_intr_md.pkt_length<16> intrinsic [0:15]
          egress::eg_intr_md.deflection_flag<1> intrinsic [0:0]
          egress::eg_intr_md._pad10<7> intrinsic [0:6]
          egress::eg_intr_md.egress_cos<3> intrinsic [0:2]
          egress::eg_intr_md._pad9<5> intrinsic [0:4] ]


Bit schema:
    --------------------------------
    [ egress::eg_intr_md.pkt_length<16> intrinsic [0:15]
          egress::eg_intr_md.deflection_flag<1> intrinsic [0:0]
          egress::eg_intr_md._pad10<7> intrinsic [0:6]
          egress::eg_intr_md.egress_cos<3> intrinsic [0:2]
          egress::eg_intr_md._pad9<5> intrinsic [0:4] ]


Merge wide arith super clusters
after pre-split by adjacent_deparsed_and_non_deparsed:
SUPERCLUSTER Uid: 918
    slice lists:	
        [ egress::eg_intr_md.pkt_length<16> intrinsic [0:15]
          egress::eg_intr_md.deflection_flag<1> intrinsic [0:0]
          egress::eg_intr_md._pad10<7> intrinsic [0:6]
          egress::eg_intr_md.egress_cos<3> intrinsic [0:2]
          egress::eg_intr_md._pad9<5> intrinsic [0:4] ]
    rotational clusters:	
        [[egress::eg_intr_md.pkt_length<16> intrinsic [0:15]]]
        [[egress::eg_intr_md.deflection_flag<1> intrinsic [0:0]]]
        [[egress::eg_intr_md._pad10<7> intrinsic [0:6]]]
        [[egress::eg_intr_md.egress_cos<3> intrinsic [0:2]]]
        [[egress::eg_intr_md._pad9<5> intrinsic [0:4]]]

split_parser_write_mode schema: Bit schema:
    --------------------------------
    [ egress::eg_intr_md.pkt_length<16> intrinsic [0:15]
          egress::eg_intr_md.deflection_flag<1> intrinsic [0:0]
          egress::eg_intr_md._pad10<7> intrinsic [0:6]
          egress::eg_intr_md.egress_cos<3> intrinsic [0:2]
          egress::eg_intr_md._pad9<5> intrinsic [0:4] ]


Bit schema:
    --------------------------------
    [ egress::eg_intr_md.pkt_length<16> intrinsic [0:15]
          egress::eg_intr_md.deflection_flag<1> intrinsic [0:0]
          egress::eg_intr_md._pad10<7> intrinsic [0:6]
          egress::eg_intr_md.egress_cos<3> intrinsic [0:2]
          egress::eg_intr_md._pad9<5> intrinsic [0:4] ]


Merge wide arith super clusters
after pre-split by parser_write_mode:
SUPERCLUSTER Uid: 919
    slice lists:	
        [ egress::eg_intr_md.pkt_length<16> intrinsic [0:15]
          egress::eg_intr_md.deflection_flag<1> intrinsic [0:0]
          egress::eg_intr_md._pad10<7> intrinsic [0:6]
          egress::eg_intr_md.egress_cos<3> intrinsic [0:2]
          egress::eg_intr_md._pad9<5> intrinsic [0:4] ]
    rotational clusters:	
        [[egress::eg_intr_md.pkt_length<16> intrinsic [0:15]]]
        [[egress::eg_intr_md.deflection_flag<1> intrinsic [0:0]]]
        [[egress::eg_intr_md._pad10<7> intrinsic [0:6]]]
        [[egress::eg_intr_md.egress_cos<3> intrinsic [0:2]]]
        [[egress::eg_intr_md._pad9<5> intrinsic [0:4]]]

ENTER DFS: 1
dfs_depth-1: will split [ egress::eg_intr_md.pkt_length<16> intrinsic [0:15]
          egress::eg_intr_md.deflection_flag<1> intrinsic [0:0]
          egress::eg_intr_md._pad10<7> intrinsic [0:6]
          egress::eg_intr_md.egress_cos<3> intrinsic [0:2]
          egress::eg_intr_md._pad9<5> intrinsic [0:4] ]
possible slice choices: 
{new_split: 1, split_unref:0, n_avoidable_packings:0, size: 8}
{new_split: 0, split_unref:0, n_avoidable_packings:0, size: 16}
{new_split: 0, split_unref:0, n_avoidable_packings:0, size: 32}
dfs_depth-1: possible choices: { 32 16 8 }
dfs_depth-1: try to split @32
Bit schema:
    --------------------------------
    [ egress::eg_intr_md.pkt_length<16> intrinsic [0:15]
          egress::eg_intr_md.deflection_flag<1> intrinsic [0:0]
          egress::eg_intr_md._pad10<7> intrinsic [0:6]
          egress::eg_intr_md.egress_cos<3> intrinsic [0:2]
          egress::eg_intr_md._pad9<5> intrinsic [0:4] ]


Merge wide arith super clusters
dfs_depth-1: decide to split out first 32 bits of [ egress::eg_intr_md.pkt_length<16> intrinsic [0:15]
          egress::eg_intr_md.deflection_flag<1> intrinsic [0:0]
          egress::eg_intr_md._pad10<7> intrinsic [0:6]
          egress::eg_intr_md.egress_cos<3> intrinsic [0:2]
          egress::eg_intr_md._pad9<5> intrinsic [0:4] ]
ENTER DFS: 2
found a solution after 2 steps
LEAVE DFS: 2
dfs_depth-1: try to split @16
Bit schema:
    ----------------1---------------
    [ egress::eg_intr_md.pkt_length<16> intrinsic [0:15]
          egress::eg_intr_md.deflection_flag<1> intrinsic [0:0]
          egress::eg_intr_md._pad10<7> intrinsic [0:6]
          egress::eg_intr_md.egress_cos<3> intrinsic [0:2]
          egress::eg_intr_md._pad9<5> intrinsic [0:4] ]


    ...(0) adding to slice list: egress::eg_intr_md.pkt_length<16> intrinsic [0:15]
    ...(16) split falls between slices
    ...(16) starting new slice list
Merge wide arith super clusters
dfs_depth-1: decide to split out first 16 bits of [ egress::eg_intr_md.pkt_length<16> intrinsic [0:15]
          egress::eg_intr_md.deflection_flag<1> intrinsic [0:0]
          egress::eg_intr_md._pad10<7> intrinsic [0:6]
          egress::eg_intr_md.egress_cos<3> intrinsic [0:2]
          egress::eg_intr_md._pad9<5> intrinsic [0:4] ]
ENTER DFS: 2
dfs_depth-2: will split [ egress::eg_intr_md.deflection_flag<1> intrinsic [0:0]
          egress::eg_intr_md._pad10<7> intrinsic [0:6]
          egress::eg_intr_md.egress_cos<3> intrinsic [0:2]
          egress::eg_intr_md._pad9<5> intrinsic [0:4] ]
possible slice choices: 
{new_split: 0, split_unref:0, n_avoidable_packings:0, size: 8}
{new_split: 0, split_unref:0, n_avoidable_packings:0, size: 16}
dfs_depth-2: possible choices: { 16 8 }
dfs_depth-2: try to split @16
Bit schema:
    ----------------
    [ egress::eg_intr_md.deflection_flag<1> intrinsic [0:0]
          egress::eg_intr_md._pad10<7> intrinsic [0:6]
          egress::eg_intr_md.egress_cos<3> intrinsic [0:2]
          egress::eg_intr_md._pad9<5> intrinsic [0:4] ]


Merge wide arith super clusters
dfs_depth-2: decide to split out first 16 bits of [ egress::eg_intr_md.deflection_flag<1> intrinsic [0:0]
          egress::eg_intr_md._pad10<7> intrinsic [0:6]
          egress::eg_intr_md.egress_cos<3> intrinsic [0:2]
          egress::eg_intr_md._pad9<5> intrinsic [0:4] ]
ENTER DFS: 3
found a solution after 4 steps
LEAVE DFS: 3
dfs_depth-2: try to split @8
Bit schema:
    --------1-------
    [ egress::eg_intr_md.deflection_flag<1> intrinsic [0:0]
          egress::eg_intr_md._pad10<7> intrinsic [0:6]
          egress::eg_intr_md.egress_cos<3> intrinsic [0:2]
          egress::eg_intr_md._pad9<5> intrinsic [0:4] ]


    ...(0) adding to slice list: egress::eg_intr_md.deflection_flag<1> intrinsic [0:0]
    ...(1) adding to slice list: egress::eg_intr_md._pad10<7> intrinsic [0:6]
    ...(8) split falls between slices
    ...(8) starting new slice list
Merge wide arith super clusters
dfs_depth-2: decide to split out first 8 bits of [ egress::eg_intr_md.deflection_flag<1> intrinsic [0:0]
          egress::eg_intr_md._pad10<7> intrinsic [0:6]
          egress::eg_intr_md.egress_cos<3> intrinsic [0:2]
          egress::eg_intr_md._pad9<5> intrinsic [0:4] ]
ENTER DFS: 3
found a solution after 5 steps
LEAVE DFS: 3
LEAVE DFS: 2
dfs_depth-1: try to split @8
Bit schema:
    --------1-----------------------
    [ egress::eg_intr_md.pkt_length<16> intrinsic [0:15]
          egress::eg_intr_md.deflection_flag<1> intrinsic [0:0]
          egress::eg_intr_md._pad10<7> intrinsic [0:6]
          egress::eg_intr_md.egress_cos<3> intrinsic [0:2]
          egress::eg_intr_md._pad9<5> intrinsic [0:4] ]


    ...(0) found slice to split at idx 8: egress::eg_intr_md.pkt_length<16> intrinsic [0:15]
    ...erasing egress::eg_intr_md.pkt_length<16> intrinsic [0:15] in this slice list
    ...adding egress::eg_intr_md.pkt_length<16> intrinsic [0:7] in this slice list
    ...adding egress::eg_intr_md.pkt_length<16> intrinsic [8:15] in this slice list
    ...(0) adding to slice list: egress::eg_intr_md.pkt_length<16> intrinsic [0:15]
    ...(0) starting new slice list
    ...erasing old cluster [[egress::eg_intr_md.pkt_length<16> intrinsic [0:15]]]
    ...adding new lo cluster [[egress::eg_intr_md.pkt_length<16> intrinsic [0:7]]]
    ...adding new hi cluster [[egress::eg_intr_md.pkt_length<16> intrinsic [8:15]]]
    ...updating slices_to_clusters
        - erasing egress::eg_intr_md.pkt_length<16> intrinsic [0:15]
        - adding egress::eg_intr_md.pkt_length<16> intrinsic [0:7]
        - adding egress::eg_intr_md.pkt_length<16> intrinsic [8:15]
    ...updating slice_lists
    ...updating slices_to_slice_lists
Merge wide arith super clusters
dfs_depth-1: decide to split out first 8 bits of [ egress::eg_intr_md.pkt_length<16> intrinsic [0:15]
          egress::eg_intr_md.deflection_flag<1> intrinsic [0:0]
          egress::eg_intr_md._pad10<7> intrinsic [0:6]
          egress::eg_intr_md.egress_cos<3> intrinsic [0:2]
          egress::eg_intr_md._pad9<5> intrinsic [0:4] ]
ENTER DFS: 2
dfs_depth-2: will split [ egress::eg_intr_md.pkt_length<16> intrinsic [8:15]
          egress::eg_intr_md.deflection_flag<1> intrinsic [0:0]
          egress::eg_intr_md._pad10<7> intrinsic [0:6]
          egress::eg_intr_md.egress_cos<3> intrinsic [0:2]
          egress::eg_intr_md._pad9<5> intrinsic [0:4] ]
possible slice choices: 
{new_split: 0, split_unref:0, n_avoidable_packings:0, size: 8}
{new_split: 0, split_unref:0, n_avoidable_packings:0, size: 16}
{new_split: 0, split_unref:0, n_avoidable_packings:0, size: 32}
dfs_depth-2: possible choices: { 32 16 8 }
dfs_depth-2: try to split @32
Bit schema:
    ------------------------
    [ egress::eg_intr_md.pkt_length<16> intrinsic [8:15]
          egress::eg_intr_md.deflection_flag<1> intrinsic [0:0]
          egress::eg_intr_md._pad10<7> intrinsic [0:6]
          egress::eg_intr_md.egress_cos<3> intrinsic [0:2]
          egress::eg_intr_md._pad9<5> intrinsic [0:4] ]


Merge wide arith super clusters
dfs_depth-2: decide to split out first 32 bits of [ egress::eg_intr_md.pkt_length<16> intrinsic [8:15]
          egress::eg_intr_md.deflection_flag<1> intrinsic [0:0]
          egress::eg_intr_md._pad10<7> intrinsic [0:6]
          egress::eg_intr_md.egress_cos<3> intrinsic [0:2]
          egress::eg_intr_md._pad9<5> intrinsic [0:4] ]
ENTER DFS: 3
found a solution after 7 steps
LEAVE DFS: 3
dfs_depth-2: try to split @16
Bit schema:
    ----------------1-------
    [ egress::eg_intr_md.pkt_length<16> intrinsic [8:15]
          egress::eg_intr_md.deflection_flag<1> intrinsic [0:0]
          egress::eg_intr_md._pad10<7> intrinsic [0:6]
          egress::eg_intr_md.egress_cos<3> intrinsic [0:2]
          egress::eg_intr_md._pad9<5> intrinsic [0:4] ]


    ...(0) adding to slice list: egress::eg_intr_md.pkt_length<16> intrinsic [8:15]
    ...(8) adding to slice list: egress::eg_intr_md.deflection_flag<1> intrinsic [0:0]
    ...(9) adding to slice list: egress::eg_intr_md._pad10<7> intrinsic [0:6]
    ...(16) split falls between slices
    ...(16) starting new slice list
Merge wide arith super clusters
dfs_depth-2: decide to split out first 16 bits of [ egress::eg_intr_md.pkt_length<16> intrinsic [8:15]
          egress::eg_intr_md.deflection_flag<1> intrinsic [0:0]
          egress::eg_intr_md._pad10<7> intrinsic [0:6]
          egress::eg_intr_md.egress_cos<3> intrinsic [0:2]
          egress::eg_intr_md._pad9<5> intrinsic [0:4] ]
ENTER DFS: 3
found a solution after 8 steps
LEAVE DFS: 3
dfs_depth-2: try to split @8
Bit schema:
    --------1---------------
    [ egress::eg_intr_md.pkt_length<16> intrinsic [8:15]
          egress::eg_intr_md.deflection_flag<1> intrinsic [0:0]
          egress::eg_intr_md._pad10<7> intrinsic [0:6]
          egress::eg_intr_md.egress_cos<3> intrinsic [0:2]
          egress::eg_intr_md._pad9<5> intrinsic [0:4] ]


    ...(0) adding to slice list: egress::eg_intr_md.pkt_length<16> intrinsic [8:15]
    ...(8) split falls between slices
    ...(8) starting new slice list
Merge wide arith super clusters
dfs_depth-2: decide to split out first 8 bits of [ egress::eg_intr_md.pkt_length<16> intrinsic [8:15]
          egress::eg_intr_md.deflection_flag<1> intrinsic [0:0]
          egress::eg_intr_md._pad10<7> intrinsic [0:6]
          egress::eg_intr_md.egress_cos<3> intrinsic [0:2]
          egress::eg_intr_md._pad9<5> intrinsic [0:4] ]
ENTER DFS: 3
dfs_depth-3: will split [ egress::eg_intr_md.deflection_flag<1> intrinsic [0:0]
          egress::eg_intr_md._pad10<7> intrinsic [0:6]
          egress::eg_intr_md.egress_cos<3> intrinsic [0:2]
          egress::eg_intr_md._pad9<5> intrinsic [0:4] ]
possible slice choices: 
{new_split: 0, split_unref:0, n_avoidable_packings:0, size: 8}
{new_split: 0, split_unref:0, n_avoidable_packings:0, size: 16}
dfs_depth-3: possible choices: { 16 8 }
dfs_depth-3: try to split @16
Bit schema:
    ----------------
    [ egress::eg_intr_md.deflection_flag<1> intrinsic [0:0]
          egress::eg_intr_md._pad10<7> intrinsic [0:6]
          egress::eg_intr_md.egress_cos<3> intrinsic [0:2]
          egress::eg_intr_md._pad9<5> intrinsic [0:4] ]


Merge wide arith super clusters
dfs_depth-3: decide to split out first 16 bits of [ egress::eg_intr_md.deflection_flag<1> intrinsic [0:0]
          egress::eg_intr_md._pad10<7> intrinsic [0:6]
          egress::eg_intr_md.egress_cos<3> intrinsic [0:2]
          egress::eg_intr_md._pad9<5> intrinsic [0:4] ]
ENTER DFS: 4
found a solution after 10 steps
LEAVE DFS: 4
dfs_depth-3: try to split @8
Bit schema:
    --------1-------
    [ egress::eg_intr_md.deflection_flag<1> intrinsic [0:0]
          egress::eg_intr_md._pad10<7> intrinsic [0:6]
          egress::eg_intr_md.egress_cos<3> intrinsic [0:2]
          egress::eg_intr_md._pad9<5> intrinsic [0:4] ]


    ...(0) adding to slice list: egress::eg_intr_md.deflection_flag<1> intrinsic [0:0]
    ...(1) adding to slice list: egress::eg_intr_md._pad10<7> intrinsic [0:6]
    ...(8) split falls between slices
    ...(8) starting new slice list
Merge wide arith super clusters
dfs_depth-3: decide to split out first 8 bits of [ egress::eg_intr_md.deflection_flag<1> intrinsic [0:0]
          egress::eg_intr_md._pad10<7> intrinsic [0:6]
          egress::eg_intr_md.egress_cos<3> intrinsic [0:2]
          egress::eg_intr_md._pad9<5> intrinsic [0:4] ]
ENTER DFS: 4
found a solution after 11 steps
LEAVE DFS: 4
LEAVE DFS: 3
LEAVE DFS: 2
LEAVE DFS: 1
DFS Result: 1, n_steps_since_last_solution: 0, max_search_steps_per_solution: 524288
Making Itr for SUPERCLUSTER Uid: 197
    slice lists:	
        [ egress::eg_intr_md.egress_qid<5> intrinsic [0:4]
          egress::eg_intr_md._pad8<3> intrinsic [0:2]
          egress::eg_intr_md.egress_rid_first<1> intrinsic [0:0]
          egress::eg_intr_md._pad7<7> intrinsic [0:6]
          egress::eg_intr_md.egress_rid<16> intrinsic [0:15] ]
    rotational clusters:	
        [[egress::eg_intr_md.egress_qid<5> intrinsic [0:4]]]
        [[egress::eg_intr_md._pad8<3> intrinsic [0:2]]]
        [[egress::eg_intr_md.egress_rid_first<1> intrinsic [0:0]]]
        [[egress::eg_intr_md._pad7<7> intrinsic [0:6]]]
        [[egress::eg_intr_md.egress_rid<16> intrinsic [0:15]]]

Homogeneous slicing enabled: 0 Rejected slice options: 
pa_container_sz slicing schema: Bit schema:
    --------------------------------
    [ egress::eg_intr_md.egress_qid<5> intrinsic [0:4]
          egress::eg_intr_md._pad8<3> intrinsic [0:2]
          egress::eg_intr_md.egress_rid_first<1> intrinsic [0:0]
          egress::eg_intr_md._pad7<7> intrinsic [0:6]
          egress::eg_intr_md.egress_rid<16> intrinsic [0:15] ]


Bit schema:
    --------------------------------
    [ egress::eg_intr_md.egress_qid<5> intrinsic [0:4]
          egress::eg_intr_md._pad8<3> intrinsic [0:2]
          egress::eg_intr_md.egress_rid_first<1> intrinsic [0:0]
          egress::eg_intr_md._pad7<7> intrinsic [0:6]
          egress::eg_intr_md.egress_rid<16> intrinsic [0:15] ]


Merge wide arith super clusters
split by pa_container_size result: 
SUPERCLUSTER Uid: 940
    slice lists:	
        [ egress::eg_intr_md.egress_qid<5> intrinsic [0:4]
          egress::eg_intr_md._pad8<3> intrinsic [0:2]
          egress::eg_intr_md.egress_rid_first<1> intrinsic [0:0]
          egress::eg_intr_md._pad7<7> intrinsic [0:6]
          egress::eg_intr_md.egress_rid<16> intrinsic [0:15] ]
    rotational clusters:	
        [[egress::eg_intr_md.egress_qid<5> intrinsic [0:4]]]
        [[egress::eg_intr_md._pad8<3> intrinsic [0:2]]]
        [[egress::eg_intr_md.egress_rid_first<1> intrinsic [0:0]]]
        [[egress::eg_intr_md._pad7<7> intrinsic [0:6]]]
        [[egress::eg_intr_md.egress_rid<16> intrinsic [0:15]]]

split_by_adjacent_no_pack schema: Bit schema:
    --------------------------------
    [ egress::eg_intr_md.egress_qid<5> intrinsic [0:4]
          egress::eg_intr_md._pad8<3> intrinsic [0:2]
          egress::eg_intr_md.egress_rid_first<1> intrinsic [0:0]
          egress::eg_intr_md._pad7<7> intrinsic [0:6]
          egress::eg_intr_md.egress_rid<16> intrinsic [0:15] ]


Bit schema:
    --------------------------------
    [ egress::eg_intr_md.egress_qid<5> intrinsic [0:4]
          egress::eg_intr_md._pad8<3> intrinsic [0:2]
          egress::eg_intr_md.egress_rid_first<1> intrinsic [0:0]
          egress::eg_intr_md._pad7<7> intrinsic [0:6]
          egress::eg_intr_md.egress_rid<16> intrinsic [0:15] ]


Merge wide arith super clusters
after pre-split by adjacent_no_pack:
SUPERCLUSTER Uid: 941
    slice lists:	
        [ egress::eg_intr_md.egress_qid<5> intrinsic [0:4]
          egress::eg_intr_md._pad8<3> intrinsic [0:2]
          egress::eg_intr_md.egress_rid_first<1> intrinsic [0:0]
          egress::eg_intr_md._pad7<7> intrinsic [0:6]
          egress::eg_intr_md.egress_rid<16> intrinsic [0:15] ]
    rotational clusters:	
        [[egress::eg_intr_md.egress_qid<5> intrinsic [0:4]]]
        [[egress::eg_intr_md._pad8<3> intrinsic [0:2]]]
        [[egress::eg_intr_md.egress_rid_first<1> intrinsic [0:0]]]
        [[egress::eg_intr_md._pad7<7> intrinsic [0:6]]]
        [[egress::eg_intr_md.egress_rid<16> intrinsic [0:15]]]

split_by_deparsed_bottom_bits schema: Bit schema:
    --------------------------------
    [ egress::eg_intr_md.egress_qid<5> intrinsic [0:4]
          egress::eg_intr_md._pad8<3> intrinsic [0:2]
          egress::eg_intr_md.egress_rid_first<1> intrinsic [0:0]
          egress::eg_intr_md._pad7<7> intrinsic [0:6]
          egress::eg_intr_md.egress_rid<16> intrinsic [0:15] ]


Bit schema:
    --------------------------------
    [ egress::eg_intr_md.egress_qid<5> intrinsic [0:4]
          egress::eg_intr_md._pad8<3> intrinsic [0:2]
          egress::eg_intr_md.egress_rid_first<1> intrinsic [0:0]
          egress::eg_intr_md._pad7<7> intrinsic [0:6]
          egress::eg_intr_md.egress_rid<16> intrinsic [0:15] ]


Merge wide arith super clusters
after pre-split by deparsed_bottom_bits:
SUPERCLUSTER Uid: 942
    slice lists:	
        [ egress::eg_intr_md.egress_qid<5> intrinsic [0:4]
          egress::eg_intr_md._pad8<3> intrinsic [0:2]
          egress::eg_intr_md.egress_rid_first<1> intrinsic [0:0]
          egress::eg_intr_md._pad7<7> intrinsic [0:6]
          egress::eg_intr_md.egress_rid<16> intrinsic [0:15] ]
    rotational clusters:	
        [[egress::eg_intr_md.egress_qid<5> intrinsic [0:4]]]
        [[egress::eg_intr_md._pad8<3> intrinsic [0:2]]]
        [[egress::eg_intr_md.egress_rid_first<1> intrinsic [0:0]]]
        [[egress::eg_intr_md._pad7<7> intrinsic [0:6]]]
        [[egress::eg_intr_md.egress_rid<16> intrinsic [0:15]]]

split_by_adjacent_deparsed_and_non_deparsed schema: Bit schema:
    --------------------------------
    [ egress::eg_intr_md.egress_qid<5> intrinsic [0:4]
          egress::eg_intr_md._pad8<3> intrinsic [0:2]
          egress::eg_intr_md.egress_rid_first<1> intrinsic [0:0]
          egress::eg_intr_md._pad7<7> intrinsic [0:6]
          egress::eg_intr_md.egress_rid<16> intrinsic [0:15] ]


Bit schema:
    --------------------------------
    [ egress::eg_intr_md.egress_qid<5> intrinsic [0:4]
          egress::eg_intr_md._pad8<3> intrinsic [0:2]
          egress::eg_intr_md.egress_rid_first<1> intrinsic [0:0]
          egress::eg_intr_md._pad7<7> intrinsic [0:6]
          egress::eg_intr_md.egress_rid<16> intrinsic [0:15] ]


Merge wide arith super clusters
after pre-split by adjacent_deparsed_and_non_deparsed:
SUPERCLUSTER Uid: 943
    slice lists:	
        [ egress::eg_intr_md.egress_qid<5> intrinsic [0:4]
          egress::eg_intr_md._pad8<3> intrinsic [0:2]
          egress::eg_intr_md.egress_rid_first<1> intrinsic [0:0]
          egress::eg_intr_md._pad7<7> intrinsic [0:6]
          egress::eg_intr_md.egress_rid<16> intrinsic [0:15] ]
    rotational clusters:	
        [[egress::eg_intr_md.egress_qid<5> intrinsic [0:4]]]
        [[egress::eg_intr_md._pad8<3> intrinsic [0:2]]]
        [[egress::eg_intr_md.egress_rid_first<1> intrinsic [0:0]]]
        [[egress::eg_intr_md._pad7<7> intrinsic [0:6]]]
        [[egress::eg_intr_md.egress_rid<16> intrinsic [0:15]]]

split_parser_write_mode schema: Bit schema:
    --------------------------------
    [ egress::eg_intr_md.egress_qid<5> intrinsic [0:4]
          egress::eg_intr_md._pad8<3> intrinsic [0:2]
          egress::eg_intr_md.egress_rid_first<1> intrinsic [0:0]
          egress::eg_intr_md._pad7<7> intrinsic [0:6]
          egress::eg_intr_md.egress_rid<16> intrinsic [0:15] ]


Bit schema:
    --------------------------------
    [ egress::eg_intr_md.egress_qid<5> intrinsic [0:4]
          egress::eg_intr_md._pad8<3> intrinsic [0:2]
          egress::eg_intr_md.egress_rid_first<1> intrinsic [0:0]
          egress::eg_intr_md._pad7<7> intrinsic [0:6]
          egress::eg_intr_md.egress_rid<16> intrinsic [0:15] ]


Merge wide arith super clusters
after pre-split by parser_write_mode:
SUPERCLUSTER Uid: 944
    slice lists:	
        [ egress::eg_intr_md.egress_qid<5> intrinsic [0:4]
          egress::eg_intr_md._pad8<3> intrinsic [0:2]
          egress::eg_intr_md.egress_rid_first<1> intrinsic [0:0]
          egress::eg_intr_md._pad7<7> intrinsic [0:6]
          egress::eg_intr_md.egress_rid<16> intrinsic [0:15] ]
    rotational clusters:	
        [[egress::eg_intr_md.egress_qid<5> intrinsic [0:4]]]
        [[egress::eg_intr_md._pad8<3> intrinsic [0:2]]]
        [[egress::eg_intr_md.egress_rid_first<1> intrinsic [0:0]]]
        [[egress::eg_intr_md._pad7<7> intrinsic [0:6]]]
        [[egress::eg_intr_md.egress_rid<16> intrinsic [0:15]]]

ENTER DFS: 1
dfs_depth-1: will split [ egress::eg_intr_md.egress_qid<5> intrinsic [0:4]
          egress::eg_intr_md._pad8<3> intrinsic [0:2]
          egress::eg_intr_md.egress_rid_first<1> intrinsic [0:0]
          egress::eg_intr_md._pad7<7> intrinsic [0:6]
          egress::eg_intr_md.egress_rid<16> intrinsic [0:15] ]
possible slice choices: 
{new_split: 0, split_unref:0, n_avoidable_packings:0, size: 8}
{new_split: 0, split_unref:0, n_avoidable_packings:0, size: 16}
{new_split: 0, split_unref:0, n_avoidable_packings:0, size: 32}
dfs_depth-1: possible choices: { 32 16 8 }
dfs_depth-1: try to split @32
Bit schema:
    --------------------------------
    [ egress::eg_intr_md.egress_qid<5> intrinsic [0:4]
          egress::eg_intr_md._pad8<3> intrinsic [0:2]
          egress::eg_intr_md.egress_rid_first<1> intrinsic [0:0]
          egress::eg_intr_md._pad7<7> intrinsic [0:6]
          egress::eg_intr_md.egress_rid<16> intrinsic [0:15] ]


Merge wide arith super clusters
dfs_depth-1: decide to split out first 32 bits of [ egress::eg_intr_md.egress_qid<5> intrinsic [0:4]
          egress::eg_intr_md._pad8<3> intrinsic [0:2]
          egress::eg_intr_md.egress_rid_first<1> intrinsic [0:0]
          egress::eg_intr_md._pad7<7> intrinsic [0:6]
          egress::eg_intr_md.egress_rid<16> intrinsic [0:15] ]
ENTER DFS: 2
found a solution after 2 steps
LEAVE DFS: 2
dfs_depth-1: try to split @16
Bit schema:
    ----------------1---------------
    [ egress::eg_intr_md.egress_qid<5> intrinsic [0:4]
          egress::eg_intr_md._pad8<3> intrinsic [0:2]
          egress::eg_intr_md.egress_rid_first<1> intrinsic [0:0]
          egress::eg_intr_md._pad7<7> intrinsic [0:6]
          egress::eg_intr_md.egress_rid<16> intrinsic [0:15] ]


    ...(0) adding to slice list: egress::eg_intr_md.egress_qid<5> intrinsic [0:4]
    ...(5) adding to slice list: egress::eg_intr_md._pad8<3> intrinsic [0:2]
    ...(8) adding to slice list: egress::eg_intr_md.egress_rid_first<1> intrinsic [0:0]
    ...(9) adding to slice list: egress::eg_intr_md._pad7<7> intrinsic [0:6]
    ...(16) split falls between slices
    ...(16) starting new slice list
Merge wide arith super clusters
dfs_depth-1: decide to split out first 16 bits of [ egress::eg_intr_md.egress_qid<5> intrinsic [0:4]
          egress::eg_intr_md._pad8<3> intrinsic [0:2]
          egress::eg_intr_md.egress_rid_first<1> intrinsic [0:0]
          egress::eg_intr_md._pad7<7> intrinsic [0:6]
          egress::eg_intr_md.egress_rid<16> intrinsic [0:15] ]
ENTER DFS: 2
dfs_depth-2: will split [ egress::eg_intr_md.egress_rid<16> intrinsic [0:15] ]
possible slice choices: 
{new_split: 1, split_unref:0, n_avoidable_packings:0, size: 8}
{new_split: 0, split_unref:0, n_avoidable_packings:0, size: 16}
dfs_depth-2: possible choices: { 16 8 }
dfs_depth-2: try to split @16
Bit schema:
    ----------------
    [ egress::eg_intr_md.egress_rid<16> intrinsic [0:15] ]


Merge wide arith super clusters
dfs_depth-2: decide to split out first 16 bits of [ egress::eg_intr_md.egress_rid<16> intrinsic [0:15] ]
ENTER DFS: 3
found a solution after 4 steps
LEAVE DFS: 3
dfs_depth-2: try to split @8
Bit schema:
    --------1-------
    [ egress::eg_intr_md.egress_rid<16> intrinsic [0:15] ]


    ...(0) found slice to split at idx 8: egress::eg_intr_md.egress_rid<16> intrinsic [0:15]
    ...erasing egress::eg_intr_md.egress_rid<16> intrinsic [0:15] in this slice list
    ...adding egress::eg_intr_md.egress_rid<16> intrinsic [0:7] in this slice list
    ...adding egress::eg_intr_md.egress_rid<16> intrinsic [8:15] in this slice list
    ...(0) adding to slice list: egress::eg_intr_md.egress_rid<16> intrinsic [0:15]
    ...(0) starting new slice list
    ...erasing old cluster [[egress::eg_intr_md.egress_rid<16> intrinsic [0:15]]]
    ...adding new lo cluster [[egress::eg_intr_md.egress_rid<16> intrinsic [0:7]]]
    ...adding new hi cluster [[egress::eg_intr_md.egress_rid<16> intrinsic [8:15]]]
    ...updating slices_to_clusters
        - erasing egress::eg_intr_md.egress_rid<16> intrinsic [0:15]
        - adding egress::eg_intr_md.egress_rid<16> intrinsic [0:7]
        - adding egress::eg_intr_md.egress_rid<16> intrinsic [8:15]
    ...updating slice_lists
    ...updating slices_to_slice_lists
Merge wide arith super clusters
dfs_depth-2: decide to split out first 8 bits of [ egress::eg_intr_md.egress_rid<16> intrinsic [0:15] ]
ENTER DFS: 3
found a solution after 5 steps
LEAVE DFS: 3
LEAVE DFS: 2
dfs_depth-1: try to split @8
Bit schema:
    --------1-----------------------
    [ egress::eg_intr_md.egress_qid<5> intrinsic [0:4]
          egress::eg_intr_md._pad8<3> intrinsic [0:2]
          egress::eg_intr_md.egress_rid_first<1> intrinsic [0:0]
          egress::eg_intr_md._pad7<7> intrinsic [0:6]
          egress::eg_intr_md.egress_rid<16> intrinsic [0:15] ]


    ...(0) adding to slice list: egress::eg_intr_md.egress_qid<5> intrinsic [0:4]
    ...(5) adding to slice list: egress::eg_intr_md._pad8<3> intrinsic [0:2]
    ...(8) split falls between slices
    ...(8) starting new slice list
Merge wide arith super clusters
dfs_depth-1: decide to split out first 8 bits of [ egress::eg_intr_md.egress_qid<5> intrinsic [0:4]
          egress::eg_intr_md._pad8<3> intrinsic [0:2]
          egress::eg_intr_md.egress_rid_first<1> intrinsic [0:0]
          egress::eg_intr_md._pad7<7> intrinsic [0:6]
          egress::eg_intr_md.egress_rid<16> intrinsic [0:15] ]
ENTER DFS: 2
dfs_depth-2: will split [ egress::eg_intr_md.egress_rid_first<1> intrinsic [0:0]
          egress::eg_intr_md._pad7<7> intrinsic [0:6]
          egress::eg_intr_md.egress_rid<16> intrinsic [0:15] ]
possible slice choices: 
{new_split: 0, split_unref:0, n_avoidable_packings:0, size: 8}
{new_split: 1, split_unref:0, n_avoidable_packings:0, size: 16}
{new_split: 0, split_unref:0, n_avoidable_packings:0, size: 32}
dfs_depth-2: possible choices: { 32 8 16 }
dfs_depth-2: try to split @32
Bit schema:
    ------------------------
    [ egress::eg_intr_md.egress_rid_first<1> intrinsic [0:0]
          egress::eg_intr_md._pad7<7> intrinsic [0:6]
          egress::eg_intr_md.egress_rid<16> intrinsic [0:15] ]


Merge wide arith super clusters
dfs_depth-2: decide to split out first 32 bits of [ egress::eg_intr_md.egress_rid_first<1> intrinsic [0:0]
          egress::eg_intr_md._pad7<7> intrinsic [0:6]
          egress::eg_intr_md.egress_rid<16> intrinsic [0:15] ]
ENTER DFS: 3
found a solution after 7 steps
LEAVE DFS: 3
dfs_depth-2: try to split @8
Bit schema:
    --------1---------------
    [ egress::eg_intr_md.egress_rid_first<1> intrinsic [0:0]
          egress::eg_intr_md._pad7<7> intrinsic [0:6]
          egress::eg_intr_md.egress_rid<16> intrinsic [0:15] ]


    ...(0) adding to slice list: egress::eg_intr_md.egress_rid_first<1> intrinsic [0:0]
    ...(1) adding to slice list: egress::eg_intr_md._pad7<7> intrinsic [0:6]
    ...(8) split falls between slices
    ...(8) starting new slice list
Merge wide arith super clusters
dfs_depth-2: decide to split out first 8 bits of [ egress::eg_intr_md.egress_rid_first<1> intrinsic [0:0]
          egress::eg_intr_md._pad7<7> intrinsic [0:6]
          egress::eg_intr_md.egress_rid<16> intrinsic [0:15] ]
ENTER DFS: 3
dfs_depth-3: will split [ egress::eg_intr_md.egress_rid<16> intrinsic [0:15] ]
possible slice choices: 
{new_split: 1, split_unref:0, n_avoidable_packings:0, size: 8}
{new_split: 0, split_unref:0, n_avoidable_packings:0, size: 16}
dfs_depth-3: possible choices: { 16 8 }
dfs_depth-3: try to split @16
Bit schema:
    ----------------
    [ egress::eg_intr_md.egress_rid<16> intrinsic [0:15] ]


Merge wide arith super clusters
dfs_depth-3: decide to split out first 16 bits of [ egress::eg_intr_md.egress_rid<16> intrinsic [0:15] ]
ENTER DFS: 4
found a solution after 9 steps
LEAVE DFS: 4
dfs_depth-3: try to split @8
Bit schema:
    --------1-------
    [ egress::eg_intr_md.egress_rid<16> intrinsic [0:15] ]


    ...(0) found slice to split at idx 8: egress::eg_intr_md.egress_rid<16> intrinsic [0:15]
    ...erasing egress::eg_intr_md.egress_rid<16> intrinsic [0:15] in this slice list
    ...adding egress::eg_intr_md.egress_rid<16> intrinsic [0:7] in this slice list
    ...adding egress::eg_intr_md.egress_rid<16> intrinsic [8:15] in this slice list
    ...(0) adding to slice list: egress::eg_intr_md.egress_rid<16> intrinsic [0:15]
    ...(0) starting new slice list
    ...erasing old cluster [[egress::eg_intr_md.egress_rid<16> intrinsic [0:15]]]
    ...adding new lo cluster [[egress::eg_intr_md.egress_rid<16> intrinsic [0:7]]]
    ...adding new hi cluster [[egress::eg_intr_md.egress_rid<16> intrinsic [8:15]]]
    ...updating slices_to_clusters
        - erasing egress::eg_intr_md.egress_rid<16> intrinsic [0:15]
        - adding egress::eg_intr_md.egress_rid<16> intrinsic [0:7]
        - adding egress::eg_intr_md.egress_rid<16> intrinsic [8:15]
    ...updating slice_lists
    ...updating slices_to_slice_lists
Merge wide arith super clusters
dfs_depth-3: decide to split out first 8 bits of [ egress::eg_intr_md.egress_rid<16> intrinsic [0:15] ]
ENTER DFS: 4
found a solution after 10 steps
LEAVE DFS: 4
LEAVE DFS: 3
dfs_depth-2: try to split @16
Bit schema:
    ----------------1-------
    [ egress::eg_intr_md.egress_rid_first<1> intrinsic [0:0]
          egress::eg_intr_md._pad7<7> intrinsic [0:6]
          egress::eg_intr_md.egress_rid<16> intrinsic [0:15] ]


    ...(0) adding to slice list: egress::eg_intr_md.egress_rid_first<1> intrinsic [0:0]
    ...(1) adding to slice list: egress::eg_intr_md._pad7<7> intrinsic [0:6]
    ...(8) found slice to split at idx 16: egress::eg_intr_md.egress_rid<16> intrinsic [0:15]
    ...erasing egress::eg_intr_md.egress_rid<16> intrinsic [0:15] in this slice list
    ...adding egress::eg_intr_md.egress_rid<16> intrinsic [0:7] in this slice list
    ...adding egress::eg_intr_md.egress_rid<16> intrinsic [8:15] in this slice list
    ...(8) adding to slice list: egress::eg_intr_md.egress_rid<16> intrinsic [0:15]
    ...(8) starting new slice list
    ...erasing old cluster [[egress::eg_intr_md.egress_rid<16> intrinsic [0:15]]]
    ...adding new lo cluster [[egress::eg_intr_md.egress_rid<16> intrinsic [0:7]]]
    ...adding new hi cluster [[egress::eg_intr_md.egress_rid<16> intrinsic [8:15]]]
    ...updating slices_to_clusters
        - erasing egress::eg_intr_md.egress_rid<16> intrinsic [0:15]
        - adding egress::eg_intr_md.egress_rid<16> intrinsic [0:7]
        - adding egress::eg_intr_md.egress_rid<16> intrinsic [8:15]
    ...updating slice_lists
    ...updating slices_to_slice_lists
Merge wide arith super clusters
dfs_depth-2: decide to split out first 16 bits of [ egress::eg_intr_md.egress_rid_first<1> intrinsic [0:0]
          egress::eg_intr_md._pad7<7> intrinsic [0:6]
          egress::eg_intr_md.egress_rid<16> intrinsic [0:15] ]
ENTER DFS: 3
found a solution after 11 steps
LEAVE DFS: 3
LEAVE DFS: 2
LEAVE DFS: 1
DFS Result: 1, n_steps_since_last_solution: 0, max_search_steps_per_solution: 524288
Making Itr for SUPERCLUSTER Uid: 207
    slice lists:	
        [ egress::eg_intr_md.deq_qdepth<19> intrinsic [0:18]
          egress::eg_intr_md._pad4<5> intrinsic [0:4]
          egress::eg_intr_md.enq_tstamp<18> intrinsic [0:7] ]
    rotational clusters:	
        [[egress::eg_intr_md.deq_qdepth<19> intrinsic [0:18]]]
        [[egress::eg_intr_md._pad4<5> intrinsic [0:4]]]
        [[egress::eg_intr_md.enq_tstamp<18> intrinsic [0:7]]]

Homogeneous slicing enabled: 0 Rejected slice options: 
pa_container_sz slicing schema: Bit schema:
    --------------------------------
    [ egress::eg_intr_md.deq_qdepth<19> intrinsic [0:18]
          egress::eg_intr_md._pad4<5> intrinsic [0:4]
          egress::eg_intr_md.enq_tstamp<18> intrinsic [0:7] ]


Bit schema:
    --------------------------------
    [ egress::eg_intr_md.deq_qdepth<19> intrinsic [0:18]
          egress::eg_intr_md._pad4<5> intrinsic [0:4]
          egress::eg_intr_md.enq_tstamp<18> intrinsic [0:7] ]


Merge wide arith super clusters
split by pa_container_size result: 
SUPERCLUSTER Uid: 973
    slice lists:	
        [ egress::eg_intr_md.deq_qdepth<19> intrinsic [0:18]
          egress::eg_intr_md._pad4<5> intrinsic [0:4]
          egress::eg_intr_md.enq_tstamp<18> intrinsic [0:7] ]
    rotational clusters:	
        [[egress::eg_intr_md.deq_qdepth<19> intrinsic [0:18]]]
        [[egress::eg_intr_md._pad4<5> intrinsic [0:4]]]
        [[egress::eg_intr_md.enq_tstamp<18> intrinsic [0:7]]]

split_by_adjacent_no_pack schema: Bit schema:
    --------------------------------
    [ egress::eg_intr_md.deq_qdepth<19> intrinsic [0:18]
          egress::eg_intr_md._pad4<5> intrinsic [0:4]
          egress::eg_intr_md.enq_tstamp<18> intrinsic [0:7] ]


Bit schema:
    --------------------------------
    [ egress::eg_intr_md.deq_qdepth<19> intrinsic [0:18]
          egress::eg_intr_md._pad4<5> intrinsic [0:4]
          egress::eg_intr_md.enq_tstamp<18> intrinsic [0:7] ]


Merge wide arith super clusters
after pre-split by adjacent_no_pack:
SUPERCLUSTER Uid: 974
    slice lists:	
        [ egress::eg_intr_md.deq_qdepth<19> intrinsic [0:18]
          egress::eg_intr_md._pad4<5> intrinsic [0:4]
          egress::eg_intr_md.enq_tstamp<18> intrinsic [0:7] ]
    rotational clusters:	
        [[egress::eg_intr_md.deq_qdepth<19> intrinsic [0:18]]]
        [[egress::eg_intr_md._pad4<5> intrinsic [0:4]]]
        [[egress::eg_intr_md.enq_tstamp<18> intrinsic [0:7]]]

split_by_deparsed_bottom_bits schema: Bit schema:
    --------------------------------
    [ egress::eg_intr_md.deq_qdepth<19> intrinsic [0:18]
          egress::eg_intr_md._pad4<5> intrinsic [0:4]
          egress::eg_intr_md.enq_tstamp<18> intrinsic [0:7] ]


Bit schema:
    --------------------------------
    [ egress::eg_intr_md.deq_qdepth<19> intrinsic [0:18]
          egress::eg_intr_md._pad4<5> intrinsic [0:4]
          egress::eg_intr_md.enq_tstamp<18> intrinsic [0:7] ]


Merge wide arith super clusters
after pre-split by deparsed_bottom_bits:
SUPERCLUSTER Uid: 975
    slice lists:	
        [ egress::eg_intr_md.deq_qdepth<19> intrinsic [0:18]
          egress::eg_intr_md._pad4<5> intrinsic [0:4]
          egress::eg_intr_md.enq_tstamp<18> intrinsic [0:7] ]
    rotational clusters:	
        [[egress::eg_intr_md.deq_qdepth<19> intrinsic [0:18]]]
        [[egress::eg_intr_md._pad4<5> intrinsic [0:4]]]
        [[egress::eg_intr_md.enq_tstamp<18> intrinsic [0:7]]]

split_by_adjacent_deparsed_and_non_deparsed schema: Bit schema:
    --------------------------------
    [ egress::eg_intr_md.deq_qdepth<19> intrinsic [0:18]
          egress::eg_intr_md._pad4<5> intrinsic [0:4]
          egress::eg_intr_md.enq_tstamp<18> intrinsic [0:7] ]


Bit schema:
    --------------------------------
    [ egress::eg_intr_md.deq_qdepth<19> intrinsic [0:18]
          egress::eg_intr_md._pad4<5> intrinsic [0:4]
          egress::eg_intr_md.enq_tstamp<18> intrinsic [0:7] ]


Merge wide arith super clusters
after pre-split by adjacent_deparsed_and_non_deparsed:
SUPERCLUSTER Uid: 976
    slice lists:	
        [ egress::eg_intr_md.deq_qdepth<19> intrinsic [0:18]
          egress::eg_intr_md._pad4<5> intrinsic [0:4]
          egress::eg_intr_md.enq_tstamp<18> intrinsic [0:7] ]
    rotational clusters:	
        [[egress::eg_intr_md.deq_qdepth<19> intrinsic [0:18]]]
        [[egress::eg_intr_md._pad4<5> intrinsic [0:4]]]
        [[egress::eg_intr_md.enq_tstamp<18> intrinsic [0:7]]]

split_parser_write_mode schema: Bit schema:
    --------------------------------
    [ egress::eg_intr_md.deq_qdepth<19> intrinsic [0:18]
          egress::eg_intr_md._pad4<5> intrinsic [0:4]
          egress::eg_intr_md.enq_tstamp<18> intrinsic [0:7] ]


Bit schema:
    --------------------------------
    [ egress::eg_intr_md.deq_qdepth<19> intrinsic [0:18]
          egress::eg_intr_md._pad4<5> intrinsic [0:4]
          egress::eg_intr_md.enq_tstamp<18> intrinsic [0:7] ]


Merge wide arith super clusters
after pre-split by parser_write_mode:
SUPERCLUSTER Uid: 977
    slice lists:	
        [ egress::eg_intr_md.deq_qdepth<19> intrinsic [0:18]
          egress::eg_intr_md._pad4<5> intrinsic [0:4]
          egress::eg_intr_md.enq_tstamp<18> intrinsic [0:7] ]
    rotational clusters:	
        [[egress::eg_intr_md.deq_qdepth<19> intrinsic [0:18]]]
        [[egress::eg_intr_md._pad4<5> intrinsic [0:4]]]
        [[egress::eg_intr_md.enq_tstamp<18> intrinsic [0:7]]]

ENTER DFS: 1
dfs_depth-1: will split [ egress::eg_intr_md.deq_qdepth<19> intrinsic [0:18]
          egress::eg_intr_md._pad4<5> intrinsic [0:4]
          egress::eg_intr_md.enq_tstamp<18> intrinsic [0:7] ]
possible slice choices: 
{new_split: 1, split_unref:0, n_avoidable_packings:0, size: 8}
{new_split: 1, split_unref:0, n_avoidable_packings:0, size: 16}
{new_split: 0, split_unref:0, n_avoidable_packings:0, size: 32}
dfs_depth-1: possible choices: { 32 16 8 }
dfs_depth-1: try to split @32
Bit schema:
    --------------------------------
    [ egress::eg_intr_md.deq_qdepth<19> intrinsic [0:18]
          egress::eg_intr_md._pad4<5> intrinsic [0:4]
          egress::eg_intr_md.enq_tstamp<18> intrinsic [0:7] ]


Merge wide arith super clusters
dfs_depth-1: decide to split out first 32 bits of [ egress::eg_intr_md.deq_qdepth<19> intrinsic [0:18]
          egress::eg_intr_md._pad4<5> intrinsic [0:4]
          egress::eg_intr_md.enq_tstamp<18> intrinsic [0:7] ]
ENTER DFS: 2
found a solution after 2 steps
LEAVE DFS: 2
dfs_depth-1: try to split @16
Bit schema:
    ----------------1---------------
    [ egress::eg_intr_md.deq_qdepth<19> intrinsic [0:18]
          egress::eg_intr_md._pad4<5> intrinsic [0:4]
          egress::eg_intr_md.enq_tstamp<18> intrinsic [0:7] ]


    ...(0) found slice to split at idx 16: egress::eg_intr_md.deq_qdepth<19> intrinsic [0:18]
    ...erasing egress::eg_intr_md.deq_qdepth<19> intrinsic [0:18] in this slice list
    ...adding egress::eg_intr_md.deq_qdepth<19> intrinsic [0:15] in this slice list
    ...adding egress::eg_intr_md.deq_qdepth<19> intrinsic [16:18] in this slice list
    ...(0) adding to slice list: egress::eg_intr_md.deq_qdepth<19> intrinsic [0:18]
    ...(0) starting new slice list
    ...erasing old cluster [[egress::eg_intr_md.deq_qdepth<19> intrinsic [0:18]]]
    ...adding new lo cluster [[egress::eg_intr_md.deq_qdepth<19> intrinsic [0:15]]]
    ...adding new hi cluster [[egress::eg_intr_md.deq_qdepth<19> intrinsic [16:18]]]
    ...updating slices_to_clusters
        - erasing egress::eg_intr_md.deq_qdepth<19> intrinsic [0:18]
        - adding egress::eg_intr_md.deq_qdepth<19> intrinsic [0:15]
        - adding egress::eg_intr_md.deq_qdepth<19> intrinsic [16:18]
    ...updating slice_lists
    ...updating slices_to_slice_lists
Merge wide arith super clusters
dfs_depth-1: decide to split out first 16 bits of [ egress::eg_intr_md.deq_qdepth<19> intrinsic [0:18]
          egress::eg_intr_md._pad4<5> intrinsic [0:4]
          egress::eg_intr_md.enq_tstamp<18> intrinsic [0:7] ]
ENTER DFS: 2
dfs_depth-2: will split [ egress::eg_intr_md.deq_qdepth<19> intrinsic [16:18]
          egress::eg_intr_md._pad4<5> intrinsic [0:4]
          egress::eg_intr_md.enq_tstamp<18> intrinsic [0:7] ]
possible slice choices: 
{new_split: 0, split_unref:0, n_avoidable_packings:0, size: 8}
{new_split: 0, split_unref:0, n_avoidable_packings:0, size: 16}
dfs_depth-2: possible choices: { 16 8 }
dfs_depth-2: try to split @16
Bit schema:
    ----------------
    [ egress::eg_intr_md.deq_qdepth<19> intrinsic [16:18]
          egress::eg_intr_md._pad4<5> intrinsic [0:4]
          egress::eg_intr_md.enq_tstamp<18> intrinsic [0:7] ]


Merge wide arith super clusters
dfs_depth-2: decide to split out first 16 bits of [ egress::eg_intr_md.deq_qdepth<19> intrinsic [16:18]
          egress::eg_intr_md._pad4<5> intrinsic [0:4]
          egress::eg_intr_md.enq_tstamp<18> intrinsic [0:7] ]
ENTER DFS: 3
found a solution after 4 steps
LEAVE DFS: 3
dfs_depth-2: try to split @8
Bit schema:
    --------1-------
    [ egress::eg_intr_md.deq_qdepth<19> intrinsic [16:18]
          egress::eg_intr_md._pad4<5> intrinsic [0:4]
          egress::eg_intr_md.enq_tstamp<18> intrinsic [0:7] ]


    ...(0) adding to slice list: egress::eg_intr_md.deq_qdepth<19> intrinsic [16:18]
    ...(3) adding to slice list: egress::eg_intr_md._pad4<5> intrinsic [0:4]
    ...(8) split falls between slices
    ...(8) starting new slice list
Merge wide arith super clusters
dfs_depth-2: decide to split out first 8 bits of [ egress::eg_intr_md.deq_qdepth<19> intrinsic [16:18]
          egress::eg_intr_md._pad4<5> intrinsic [0:4]
          egress::eg_intr_md.enq_tstamp<18> intrinsic [0:7] ]
ENTER DFS: 3
found a solution after 5 steps
LEAVE DFS: 3
LEAVE DFS: 2
dfs_depth-1: try to split @8
Bit schema:
    --------1-----------------------
    [ egress::eg_intr_md.deq_qdepth<19> intrinsic [0:18]
          egress::eg_intr_md._pad4<5> intrinsic [0:4]
          egress::eg_intr_md.enq_tstamp<18> intrinsic [0:7] ]


    ...(0) found slice to split at idx 8: egress::eg_intr_md.deq_qdepth<19> intrinsic [0:18]
    ...erasing egress::eg_intr_md.deq_qdepth<19> intrinsic [0:18] in this slice list
    ...adding egress::eg_intr_md.deq_qdepth<19> intrinsic [0:7] in this slice list
    ...adding egress::eg_intr_md.deq_qdepth<19> intrinsic [8:18] in this slice list
    ...(0) adding to slice list: egress::eg_intr_md.deq_qdepth<19> intrinsic [0:18]
    ...(0) starting new slice list
    ...erasing old cluster [[egress::eg_intr_md.deq_qdepth<19> intrinsic [0:18]]]
    ...adding new lo cluster [[egress::eg_intr_md.deq_qdepth<19> intrinsic [0:7]]]
    ...adding new hi cluster [[egress::eg_intr_md.deq_qdepth<19> intrinsic [8:18]]]
    ...updating slices_to_clusters
        - erasing egress::eg_intr_md.deq_qdepth<19> intrinsic [0:18]
        - adding egress::eg_intr_md.deq_qdepth<19> intrinsic [0:7]
        - adding egress::eg_intr_md.deq_qdepth<19> intrinsic [8:18]
    ...updating slice_lists
    ...updating slices_to_slice_lists
Merge wide arith super clusters
dfs_depth-1: decide to split out first 8 bits of [ egress::eg_intr_md.deq_qdepth<19> intrinsic [0:18]
          egress::eg_intr_md._pad4<5> intrinsic [0:4]
          egress::eg_intr_md.enq_tstamp<18> intrinsic [0:7] ]
ENTER DFS: 2
dfs_depth-2: will split [ egress::eg_intr_md.deq_qdepth<19> intrinsic [8:18]
          egress::eg_intr_md._pad4<5> intrinsic [0:4]
          egress::eg_intr_md.enq_tstamp<18> intrinsic [0:7] ]
possible slice choices: 
{new_split: 1, split_unref:0, n_avoidable_packings:0, size: 8}
{new_split: 0, split_unref:0, n_avoidable_packings:0, size: 16}
{new_split: 0, split_unref:0, n_avoidable_packings:0, size: 32}
dfs_depth-2: possible choices: { 32 16 8 }
dfs_depth-2: try to split @32
Bit schema:
    ------------------------
    [ egress::eg_intr_md.deq_qdepth<19> intrinsic [8:18]
          egress::eg_intr_md._pad4<5> intrinsic [0:4]
          egress::eg_intr_md.enq_tstamp<18> intrinsic [0:7] ]


Merge wide arith super clusters
dfs_depth-2: decide to split out first 32 bits of [ egress::eg_intr_md.deq_qdepth<19> intrinsic [8:18]
          egress::eg_intr_md._pad4<5> intrinsic [0:4]
          egress::eg_intr_md.enq_tstamp<18> intrinsic [0:7] ]
ENTER DFS: 3
found a solution after 7 steps
LEAVE DFS: 3
dfs_depth-2: try to split @16
Bit schema:
    ----------------1-------
    [ egress::eg_intr_md.deq_qdepth<19> intrinsic [8:18]
          egress::eg_intr_md._pad4<5> intrinsic [0:4]
          egress::eg_intr_md.enq_tstamp<18> intrinsic [0:7] ]


    ...(0) adding to slice list: egress::eg_intr_md.deq_qdepth<19> intrinsic [8:18]
    ...(11) adding to slice list: egress::eg_intr_md._pad4<5> intrinsic [0:4]
    ...(16) split falls between slices
    ...(16) starting new slice list
Merge wide arith super clusters
dfs_depth-2: decide to split out first 16 bits of [ egress::eg_intr_md.deq_qdepth<19> intrinsic [8:18]
          egress::eg_intr_md._pad4<5> intrinsic [0:4]
          egress::eg_intr_md.enq_tstamp<18> intrinsic [0:7] ]
ENTER DFS: 3
found a solution after 8 steps
LEAVE DFS: 3
dfs_depth-2: try to split @8
Bit schema:
    --------1---------------
    [ egress::eg_intr_md.deq_qdepth<19> intrinsic [8:18]
          egress::eg_intr_md._pad4<5> intrinsic [0:4]
          egress::eg_intr_md.enq_tstamp<18> intrinsic [0:7] ]


    ...(0) found slice to split at idx 8: egress::eg_intr_md.deq_qdepth<19> intrinsic [8:18]
    ...erasing egress::eg_intr_md.deq_qdepth<19> intrinsic [8:18] in this slice list
    ...adding egress::eg_intr_md.deq_qdepth<19> intrinsic [8:15] in this slice list
    ...adding egress::eg_intr_md.deq_qdepth<19> intrinsic [16:18] in this slice list
    ...(0) adding to slice list: egress::eg_intr_md.deq_qdepth<19> intrinsic [8:18]
    ...(0) starting new slice list
    ...erasing old cluster [[egress::eg_intr_md.deq_qdepth<19> intrinsic [8:18]]]
    ...adding new lo cluster [[egress::eg_intr_md.deq_qdepth<19> intrinsic [8:15]]]
    ...adding new hi cluster [[egress::eg_intr_md.deq_qdepth<19> intrinsic [16:18]]]
    ...updating slices_to_clusters
        - erasing egress::eg_intr_md.deq_qdepth<19> intrinsic [8:18]
        - adding egress::eg_intr_md.deq_qdepth<19> intrinsic [8:15]
        - adding egress::eg_intr_md.deq_qdepth<19> intrinsic [16:18]
    ...updating slice_lists
    ...updating slices_to_slice_lists
Merge wide arith super clusters
dfs_depth-2: decide to split out first 8 bits of [ egress::eg_intr_md.deq_qdepth<19> intrinsic [8:18]
          egress::eg_intr_md._pad4<5> intrinsic [0:4]
          egress::eg_intr_md.enq_tstamp<18> intrinsic [0:7] ]
ENTER DFS: 3
dfs_depth-3: will split [ egress::eg_intr_md.deq_qdepth<19> intrinsic [16:18]
          egress::eg_intr_md._pad4<5> intrinsic [0:4]
          egress::eg_intr_md.enq_tstamp<18> intrinsic [0:7] ]
possible slice choices: 
{new_split: 0, split_unref:0, n_avoidable_packings:0, size: 8}
{new_split: 0, split_unref:0, n_avoidable_packings:0, size: 16}
dfs_depth-3: possible choices: { 16 8 }
dfs_depth-3: try to split @16
Bit schema:
    ----------------
    [ egress::eg_intr_md.deq_qdepth<19> intrinsic [16:18]
          egress::eg_intr_md._pad4<5> intrinsic [0:4]
          egress::eg_intr_md.enq_tstamp<18> intrinsic [0:7] ]


Merge wide arith super clusters
dfs_depth-3: decide to split out first 16 bits of [ egress::eg_intr_md.deq_qdepth<19> intrinsic [16:18]
          egress::eg_intr_md._pad4<5> intrinsic [0:4]
          egress::eg_intr_md.enq_tstamp<18> intrinsic [0:7] ]
ENTER DFS: 4
found a solution after 10 steps
LEAVE DFS: 4
dfs_depth-3: try to split @8
Bit schema:
    --------1-------
    [ egress::eg_intr_md.deq_qdepth<19> intrinsic [16:18]
          egress::eg_intr_md._pad4<5> intrinsic [0:4]
          egress::eg_intr_md.enq_tstamp<18> intrinsic [0:7] ]


    ...(0) adding to slice list: egress::eg_intr_md.deq_qdepth<19> intrinsic [16:18]
    ...(3) adding to slice list: egress::eg_intr_md._pad4<5> intrinsic [0:4]
    ...(8) split falls between slices
    ...(8) starting new slice list
Merge wide arith super clusters
dfs_depth-3: decide to split out first 8 bits of [ egress::eg_intr_md.deq_qdepth<19> intrinsic [16:18]
          egress::eg_intr_md._pad4<5> intrinsic [0:4]
          egress::eg_intr_md.enq_tstamp<18> intrinsic [0:7] ]
ENTER DFS: 4
found a solution after 11 steps
LEAVE DFS: 4
LEAVE DFS: 3
LEAVE DFS: 2
LEAVE DFS: 1
DFS Result: 1, n_steps_since_last_solution: 0, max_search_steps_per_solution: 524288
Making Itr for SUPERCLUSTER Uid: 209
    slice lists:	
        [ egress::eg_intr_md.enq_tstamp<18> intrinsic [8:17]
          egress::eg_intr_md._pad3<14> intrinsic [0:13]
          egress::eg_intr_md.enq_congest_stat<2> intrinsic [0:1]
          egress::eg_intr_md._pad2<6> intrinsic [0:5] ]
    rotational clusters:	
        [[egress::eg_intr_md.enq_tstamp<18> intrinsic [8:17]]]
        [[egress::eg_intr_md._pad3<14> intrinsic [0:13]]]
        [[egress::eg_intr_md.enq_congest_stat<2> intrinsic [0:1]]]
        [[egress::eg_intr_md._pad2<6> intrinsic [0:5]]]

Homogeneous slicing enabled: 0 Rejected slice options: 
pa_container_sz slicing schema: Bit schema:
    --------------------------------
    [ egress::eg_intr_md.enq_tstamp<18> intrinsic [8:17]
          egress::eg_intr_md._pad3<14> intrinsic [0:13]
          egress::eg_intr_md.enq_congest_stat<2> intrinsic [0:1]
          egress::eg_intr_md._pad2<6> intrinsic [0:5] ]


Bit schema:
    --------------------------------
    [ egress::eg_intr_md.enq_tstamp<18> intrinsic [8:17]
          egress::eg_intr_md._pad3<14> intrinsic [0:13]
          egress::eg_intr_md.enq_congest_stat<2> intrinsic [0:1]
          egress::eg_intr_md._pad2<6> intrinsic [0:5] ]


Merge wide arith super clusters
split by pa_container_size result: 
SUPERCLUSTER Uid: 1006
    slice lists:	
        [ egress::eg_intr_md.enq_tstamp<18> intrinsic [8:17]
          egress::eg_intr_md._pad3<14> intrinsic [0:13]
          egress::eg_intr_md.enq_congest_stat<2> intrinsic [0:1]
          egress::eg_intr_md._pad2<6> intrinsic [0:5] ]
    rotational clusters:	
        [[egress::eg_intr_md.enq_tstamp<18> intrinsic [8:17]]]
        [[egress::eg_intr_md._pad3<14> intrinsic [0:13]]]
        [[egress::eg_intr_md.enq_congest_stat<2> intrinsic [0:1]]]
        [[egress::eg_intr_md._pad2<6> intrinsic [0:5]]]

split_by_adjacent_no_pack schema: Bit schema:
    --------------------------------
    [ egress::eg_intr_md.enq_tstamp<18> intrinsic [8:17]
          egress::eg_intr_md._pad3<14> intrinsic [0:13]
          egress::eg_intr_md.enq_congest_stat<2> intrinsic [0:1]
          egress::eg_intr_md._pad2<6> intrinsic [0:5] ]


Bit schema:
    --------------------------------
    [ egress::eg_intr_md.enq_tstamp<18> intrinsic [8:17]
          egress::eg_intr_md._pad3<14> intrinsic [0:13]
          egress::eg_intr_md.enq_congest_stat<2> intrinsic [0:1]
          egress::eg_intr_md._pad2<6> intrinsic [0:5] ]


Merge wide arith super clusters
after pre-split by adjacent_no_pack:
SUPERCLUSTER Uid: 1007
    slice lists:	
        [ egress::eg_intr_md.enq_tstamp<18> intrinsic [8:17]
          egress::eg_intr_md._pad3<14> intrinsic [0:13]
          egress::eg_intr_md.enq_congest_stat<2> intrinsic [0:1]
          egress::eg_intr_md._pad2<6> intrinsic [0:5] ]
    rotational clusters:	
        [[egress::eg_intr_md.enq_tstamp<18> intrinsic [8:17]]]
        [[egress::eg_intr_md._pad3<14> intrinsic [0:13]]]
        [[egress::eg_intr_md.enq_congest_stat<2> intrinsic [0:1]]]
        [[egress::eg_intr_md._pad2<6> intrinsic [0:5]]]

split_by_deparsed_bottom_bits schema: Bit schema:
    --------------------------------
    [ egress::eg_intr_md.enq_tstamp<18> intrinsic [8:17]
          egress::eg_intr_md._pad3<14> intrinsic [0:13]
          egress::eg_intr_md.enq_congest_stat<2> intrinsic [0:1]
          egress::eg_intr_md._pad2<6> intrinsic [0:5] ]


Bit schema:
    --------------------------------
    [ egress::eg_intr_md.enq_tstamp<18> intrinsic [8:17]
          egress::eg_intr_md._pad3<14> intrinsic [0:13]
          egress::eg_intr_md.enq_congest_stat<2> intrinsic [0:1]
          egress::eg_intr_md._pad2<6> intrinsic [0:5] ]


Merge wide arith super clusters
after pre-split by deparsed_bottom_bits:
SUPERCLUSTER Uid: 1008
    slice lists:	
        [ egress::eg_intr_md.enq_tstamp<18> intrinsic [8:17]
          egress::eg_intr_md._pad3<14> intrinsic [0:13]
          egress::eg_intr_md.enq_congest_stat<2> intrinsic [0:1]
          egress::eg_intr_md._pad2<6> intrinsic [0:5] ]
    rotational clusters:	
        [[egress::eg_intr_md.enq_tstamp<18> intrinsic [8:17]]]
        [[egress::eg_intr_md._pad3<14> intrinsic [0:13]]]
        [[egress::eg_intr_md.enq_congest_stat<2> intrinsic [0:1]]]
        [[egress::eg_intr_md._pad2<6> intrinsic [0:5]]]

split_by_adjacent_deparsed_and_non_deparsed schema: Bit schema:
    --------------------------------
    [ egress::eg_intr_md.enq_tstamp<18> intrinsic [8:17]
          egress::eg_intr_md._pad3<14> intrinsic [0:13]
          egress::eg_intr_md.enq_congest_stat<2> intrinsic [0:1]
          egress::eg_intr_md._pad2<6> intrinsic [0:5] ]


Bit schema:
    --------------------------------
    [ egress::eg_intr_md.enq_tstamp<18> intrinsic [8:17]
          egress::eg_intr_md._pad3<14> intrinsic [0:13]
          egress::eg_intr_md.enq_congest_stat<2> intrinsic [0:1]
          egress::eg_intr_md._pad2<6> intrinsic [0:5] ]


Merge wide arith super clusters
after pre-split by adjacent_deparsed_and_non_deparsed:
SUPERCLUSTER Uid: 1009
    slice lists:	
        [ egress::eg_intr_md.enq_tstamp<18> intrinsic [8:17]
          egress::eg_intr_md._pad3<14> intrinsic [0:13]
          egress::eg_intr_md.enq_congest_stat<2> intrinsic [0:1]
          egress::eg_intr_md._pad2<6> intrinsic [0:5] ]
    rotational clusters:	
        [[egress::eg_intr_md.enq_tstamp<18> intrinsic [8:17]]]
        [[egress::eg_intr_md._pad3<14> intrinsic [0:13]]]
        [[egress::eg_intr_md.enq_congest_stat<2> intrinsic [0:1]]]
        [[egress::eg_intr_md._pad2<6> intrinsic [0:5]]]

split_parser_write_mode schema: Bit schema:
    --------------------------------
    [ egress::eg_intr_md.enq_tstamp<18> intrinsic [8:17]
          egress::eg_intr_md._pad3<14> intrinsic [0:13]
          egress::eg_intr_md.enq_congest_stat<2> intrinsic [0:1]
          egress::eg_intr_md._pad2<6> intrinsic [0:5] ]


Bit schema:
    --------------------------------
    [ egress::eg_intr_md.enq_tstamp<18> intrinsic [8:17]
          egress::eg_intr_md._pad3<14> intrinsic [0:13]
          egress::eg_intr_md.enq_congest_stat<2> intrinsic [0:1]
          egress::eg_intr_md._pad2<6> intrinsic [0:5] ]


Merge wide arith super clusters
after pre-split by parser_write_mode:
SUPERCLUSTER Uid: 1010
    slice lists:	
        [ egress::eg_intr_md.enq_tstamp<18> intrinsic [8:17]
          egress::eg_intr_md._pad3<14> intrinsic [0:13]
          egress::eg_intr_md.enq_congest_stat<2> intrinsic [0:1]
          egress::eg_intr_md._pad2<6> intrinsic [0:5] ]
    rotational clusters:	
        [[egress::eg_intr_md.enq_tstamp<18> intrinsic [8:17]]]
        [[egress::eg_intr_md._pad3<14> intrinsic [0:13]]]
        [[egress::eg_intr_md.enq_congest_stat<2> intrinsic [0:1]]]
        [[egress::eg_intr_md._pad2<6> intrinsic [0:5]]]

ENTER DFS: 1
dfs_depth-1: will split [ egress::eg_intr_md.enq_tstamp<18> intrinsic [8:17]
          egress::eg_intr_md._pad3<14> intrinsic [0:13]
          egress::eg_intr_md.enq_congest_stat<2> intrinsic [0:1]
          egress::eg_intr_md._pad2<6> intrinsic [0:5] ]
possible slice choices: 
{new_split: 1, split_unref:0, n_avoidable_packings:0, size: 8}
{new_split: 1, split_unref:0, n_avoidable_packings:0, size: 16}
{new_split: 0, split_unref:0, n_avoidable_packings:0, size: 32}
dfs_depth-1: possible choices: { 32 16 8 }
dfs_depth-1: try to split @32
Bit schema:
    --------------------------------
    [ egress::eg_intr_md.enq_tstamp<18> intrinsic [8:17]
          egress::eg_intr_md._pad3<14> intrinsic [0:13]
          egress::eg_intr_md.enq_congest_stat<2> intrinsic [0:1]
          egress::eg_intr_md._pad2<6> intrinsic [0:5] ]


Merge wide arith super clusters
dfs_depth-1: decide to split out first 32 bits of [ egress::eg_intr_md.enq_tstamp<18> intrinsic [8:17]
          egress::eg_intr_md._pad3<14> intrinsic [0:13]
          egress::eg_intr_md.enq_congest_stat<2> intrinsic [0:1]
          egress::eg_intr_md._pad2<6> intrinsic [0:5] ]
ENTER DFS: 2
found a solution after 2 steps
LEAVE DFS: 2
dfs_depth-1: try to split @16
Bit schema:
    ----------------1---------------
    [ egress::eg_intr_md.enq_tstamp<18> intrinsic [8:17]
          egress::eg_intr_md._pad3<14> intrinsic [0:13]
          egress::eg_intr_md.enq_congest_stat<2> intrinsic [0:1]
          egress::eg_intr_md._pad2<6> intrinsic [0:5] ]


    ...(0) adding to slice list: egress::eg_intr_md.enq_tstamp<18> intrinsic [8:17]
    ...(10) found slice to split at idx 16: egress::eg_intr_md._pad3<14> intrinsic [0:13]
    ...erasing egress::eg_intr_md._pad3<14> intrinsic [0:13] in this slice list
    ...adding egress::eg_intr_md._pad3<14> intrinsic [0:5] in this slice list
    ...adding egress::eg_intr_md._pad3<14> intrinsic [6:13] in this slice list
    ...(10) adding to slice list: egress::eg_intr_md._pad3<14> intrinsic [0:13]
    ...(10) starting new slice list
    ...erasing old cluster [[egress::eg_intr_md._pad3<14> intrinsic [0:13]]]
    ...adding new lo cluster [[egress::eg_intr_md._pad3<14> intrinsic [0:5]]]
    ...adding new hi cluster [[egress::eg_intr_md._pad3<14> intrinsic [6:13]]]
    ...updating slices_to_clusters
        - erasing egress::eg_intr_md._pad3<14> intrinsic [0:13]
        - adding egress::eg_intr_md._pad3<14> intrinsic [0:5]
        - adding egress::eg_intr_md._pad3<14> intrinsic [6:13]
    ...updating slice_lists
    ...updating slices_to_slice_lists
Merge wide arith super clusters
dfs_depth-1: decide to split out first 16 bits of [ egress::eg_intr_md.enq_tstamp<18> intrinsic [8:17]
          egress::eg_intr_md._pad3<14> intrinsic [0:13]
          egress::eg_intr_md.enq_congest_stat<2> intrinsic [0:1]
          egress::eg_intr_md._pad2<6> intrinsic [0:5] ]
ENTER DFS: 2
dfs_depth-2: will split [ egress::eg_intr_md._pad3<14> intrinsic [6:13]
          egress::eg_intr_md.enq_congest_stat<2> intrinsic [0:1]
          egress::eg_intr_md._pad2<6> intrinsic [0:5] ]
possible slice choices: 
{new_split: 0, split_unref:0, n_avoidable_packings:0, size: 8}
{new_split: 0, split_unref:0, n_avoidable_packings:0, size: 16}
dfs_depth-2: possible choices: { 16 8 }
dfs_depth-2: try to split @16
Bit schema:
    ----------------
    [ egress::eg_intr_md._pad3<14> intrinsic [6:13]
          egress::eg_intr_md.enq_congest_stat<2> intrinsic [0:1]
          egress::eg_intr_md._pad2<6> intrinsic [0:5] ]


Merge wide arith super clusters
dfs_depth-2: decide to split out first 16 bits of [ egress::eg_intr_md._pad3<14> intrinsic [6:13]
          egress::eg_intr_md.enq_congest_stat<2> intrinsic [0:1]
          egress::eg_intr_md._pad2<6> intrinsic [0:5] ]
ENTER DFS: 3
found a solution after 4 steps
LEAVE DFS: 3
dfs_depth-2: try to split @8
Bit schema:
    --------1-------
    [ egress::eg_intr_md._pad3<14> intrinsic [6:13]
          egress::eg_intr_md.enq_congest_stat<2> intrinsic [0:1]
          egress::eg_intr_md._pad2<6> intrinsic [0:5] ]


    ...(0) adding to slice list: egress::eg_intr_md._pad3<14> intrinsic [6:13]
    ...(8) split falls between slices
    ...(8) starting new slice list
Merge wide arith super clusters
dfs_depth-2: decide to split out first 8 bits of [ egress::eg_intr_md._pad3<14> intrinsic [6:13]
          egress::eg_intr_md.enq_congest_stat<2> intrinsic [0:1]
          egress::eg_intr_md._pad2<6> intrinsic [0:5] ]
ENTER DFS: 3
found a solution after 5 steps
LEAVE DFS: 3
LEAVE DFS: 2
dfs_depth-1: try to split @8
Bit schema:
    --------1-----------------------
    [ egress::eg_intr_md.enq_tstamp<18> intrinsic [8:17]
          egress::eg_intr_md._pad3<14> intrinsic [0:13]
          egress::eg_intr_md.enq_congest_stat<2> intrinsic [0:1]
          egress::eg_intr_md._pad2<6> intrinsic [0:5] ]


    ...(0) found slice to split at idx 8: egress::eg_intr_md.enq_tstamp<18> intrinsic [8:17]
    ...erasing egress::eg_intr_md.enq_tstamp<18> intrinsic [8:17] in this slice list
    ...adding egress::eg_intr_md.enq_tstamp<18> intrinsic [8:15] in this slice list
    ...adding egress::eg_intr_md.enq_tstamp<18> intrinsic [16:17] in this slice list
    ...(0) adding to slice list: egress::eg_intr_md.enq_tstamp<18> intrinsic [8:17]
    ...(0) starting new slice list
    ...erasing old cluster [[egress::eg_intr_md.enq_tstamp<18> intrinsic [8:17]]]
    ...adding new lo cluster [[egress::eg_intr_md.enq_tstamp<18> intrinsic [8:15]]]
    ...adding new hi cluster [[egress::eg_intr_md.enq_tstamp<18> intrinsic [16:17]]]
    ...updating slices_to_clusters
        - erasing egress::eg_intr_md.enq_tstamp<18> intrinsic [8:17]
        - adding egress::eg_intr_md.enq_tstamp<18> intrinsic [8:15]
        - adding egress::eg_intr_md.enq_tstamp<18> intrinsic [16:17]
    ...updating slice_lists
    ...updating slices_to_slice_lists
Merge wide arith super clusters
dfs_depth-1: decide to split out first 8 bits of [ egress::eg_intr_md.enq_tstamp<18> intrinsic [8:17]
          egress::eg_intr_md._pad3<14> intrinsic [0:13]
          egress::eg_intr_md.enq_congest_stat<2> intrinsic [0:1]
          egress::eg_intr_md._pad2<6> intrinsic [0:5] ]
ENTER DFS: 2
dfs_depth-2: will split [ egress::eg_intr_md.enq_tstamp<18> intrinsic [16:17]
          egress::eg_intr_md._pad3<14> intrinsic [0:13]
          egress::eg_intr_md.enq_congest_stat<2> intrinsic [0:1]
          egress::eg_intr_md._pad2<6> intrinsic [0:5] ]
possible slice choices: 
{new_split: 1, split_unref:0, n_avoidable_packings:0, size: 8}
{new_split: 0, split_unref:0, n_avoidable_packings:0, size: 16}
{new_split: 0, split_unref:0, n_avoidable_packings:0, size: 32}
dfs_depth-2: possible choices: { 32 16 8 }
dfs_depth-2: try to split @32
Bit schema:
    ------------------------
    [ egress::eg_intr_md.enq_tstamp<18> intrinsic [16:17]
          egress::eg_intr_md._pad3<14> intrinsic [0:13]
          egress::eg_intr_md.enq_congest_stat<2> intrinsic [0:1]
          egress::eg_intr_md._pad2<6> intrinsic [0:5] ]


Merge wide arith super clusters
dfs_depth-2: decide to split out first 32 bits of [ egress::eg_intr_md.enq_tstamp<18> intrinsic [16:17]
          egress::eg_intr_md._pad3<14> intrinsic [0:13]
          egress::eg_intr_md.enq_congest_stat<2> intrinsic [0:1]
          egress::eg_intr_md._pad2<6> intrinsic [0:5] ]
ENTER DFS: 3
found a solution after 7 steps
LEAVE DFS: 3
dfs_depth-2: try to split @16
Bit schema:
    ----------------1-------
    [ egress::eg_intr_md.enq_tstamp<18> intrinsic [16:17]
          egress::eg_intr_md._pad3<14> intrinsic [0:13]
          egress::eg_intr_md.enq_congest_stat<2> intrinsic [0:1]
          egress::eg_intr_md._pad2<6> intrinsic [0:5] ]


    ...(0) adding to slice list: egress::eg_intr_md.enq_tstamp<18> intrinsic [16:17]
    ...(2) adding to slice list: egress::eg_intr_md._pad3<14> intrinsic [0:13]
    ...(16) split falls between slices
    ...(16) starting new slice list
Merge wide arith super clusters
dfs_depth-2: decide to split out first 16 bits of [ egress::eg_intr_md.enq_tstamp<18> intrinsic [16:17]
          egress::eg_intr_md._pad3<14> intrinsic [0:13]
          egress::eg_intr_md.enq_congest_stat<2> intrinsic [0:1]
          egress::eg_intr_md._pad2<6> intrinsic [0:5] ]
ENTER DFS: 3
found a solution after 8 steps
LEAVE DFS: 3
dfs_depth-2: try to split @8
Bit schema:
    --------1---------------
    [ egress::eg_intr_md.enq_tstamp<18> intrinsic [16:17]
          egress::eg_intr_md._pad3<14> intrinsic [0:13]
          egress::eg_intr_md.enq_congest_stat<2> intrinsic [0:1]
          egress::eg_intr_md._pad2<6> intrinsic [0:5] ]


    ...(0) adding to slice list: egress::eg_intr_md.enq_tstamp<18> intrinsic [16:17]
    ...(2) found slice to split at idx 8: egress::eg_intr_md._pad3<14> intrinsic [0:13]
    ...erasing egress::eg_intr_md._pad3<14> intrinsic [0:13] in this slice list
    ...adding egress::eg_intr_md._pad3<14> intrinsic [0:5] in this slice list
    ...adding egress::eg_intr_md._pad3<14> intrinsic [6:13] in this slice list
    ...(2) adding to slice list: egress::eg_intr_md._pad3<14> intrinsic [0:13]
    ...(2) starting new slice list
    ...erasing old cluster [[egress::eg_intr_md._pad3<14> intrinsic [0:13]]]
    ...adding new lo cluster [[egress::eg_intr_md._pad3<14> intrinsic [0:5]]]
    ...adding new hi cluster [[egress::eg_intr_md._pad3<14> intrinsic [6:13]]]
    ...updating slices_to_clusters
        - erasing egress::eg_intr_md._pad3<14> intrinsic [0:13]
        - adding egress::eg_intr_md._pad3<14> intrinsic [0:5]
        - adding egress::eg_intr_md._pad3<14> intrinsic [6:13]
    ...updating slice_lists
    ...updating slices_to_slice_lists
Merge wide arith super clusters
dfs_depth-2: decide to split out first 8 bits of [ egress::eg_intr_md.enq_tstamp<18> intrinsic [16:17]
          egress::eg_intr_md._pad3<14> intrinsic [0:13]
          egress::eg_intr_md.enq_congest_stat<2> intrinsic [0:1]
          egress::eg_intr_md._pad2<6> intrinsic [0:5] ]
ENTER DFS: 3
dfs_depth-3: will split [ egress::eg_intr_md._pad3<14> intrinsic [6:13]
          egress::eg_intr_md.enq_congest_stat<2> intrinsic [0:1]
          egress::eg_intr_md._pad2<6> intrinsic [0:5] ]
possible slice choices: 
{new_split: 0, split_unref:0, n_avoidable_packings:0, size: 8}
{new_split: 0, split_unref:0, n_avoidable_packings:0, size: 16}
dfs_depth-3: possible choices: { 16 8 }
dfs_depth-3: try to split @16
Bit schema:
    ----------------
    [ egress::eg_intr_md._pad3<14> intrinsic [6:13]
          egress::eg_intr_md.enq_congest_stat<2> intrinsic [0:1]
          egress::eg_intr_md._pad2<6> intrinsic [0:5] ]


Merge wide arith super clusters
dfs_depth-3: decide to split out first 16 bits of [ egress::eg_intr_md._pad3<14> intrinsic [6:13]
          egress::eg_intr_md.enq_congest_stat<2> intrinsic [0:1]
          egress::eg_intr_md._pad2<6> intrinsic [0:5] ]
ENTER DFS: 4
found a solution after 10 steps
LEAVE DFS: 4
dfs_depth-3: try to split @8
Bit schema:
    --------1-------
    [ egress::eg_intr_md._pad3<14> intrinsic [6:13]
          egress::eg_intr_md.enq_congest_stat<2> intrinsic [0:1]
          egress::eg_intr_md._pad2<6> intrinsic [0:5] ]


    ...(0) adding to slice list: egress::eg_intr_md._pad3<14> intrinsic [6:13]
    ...(8) split falls between slices
    ...(8) starting new slice list
Merge wide arith super clusters
dfs_depth-3: decide to split out first 8 bits of [ egress::eg_intr_md._pad3<14> intrinsic [6:13]
          egress::eg_intr_md.enq_congest_stat<2> intrinsic [0:1]
          egress::eg_intr_md._pad2<6> intrinsic [0:5] ]
ENTER DFS: 4
found a solution after 11 steps
LEAVE DFS: 4
LEAVE DFS: 3
LEAVE DFS: 2
LEAVE DFS: 1
DFS Result: 1, n_steps_since_last_solution: 0, max_search_steps_per_solution: 524288
Making Itr for SUPERCLUSTER Uid: 201
    slice lists:	
        [ egress::eg_intr_md.app_pool_congest_stat<8> intrinsic [0:7]
          egress::eg_intr_md.deq_congest_stat<2> intrinsic [0:1]
          egress::eg_intr_md._pad5<6> intrinsic [0:5] ]
    rotational clusters:	
        [[egress::eg_intr_md.app_pool_congest_stat<8> intrinsic [0:7]]]
        [[egress::eg_intr_md.deq_congest_stat<2> intrinsic [0:1]]]
        [[egress::eg_intr_md._pad5<6> intrinsic [0:5]]]

Homogeneous slicing enabled: 0 Rejected slice options: 
pa_container_sz slicing schema: Bit schema:
    ----------------
    [ egress::eg_intr_md.app_pool_congest_stat<8> intrinsic [0:7]
          egress::eg_intr_md.deq_congest_stat<2> intrinsic [0:1]
          egress::eg_intr_md._pad5<6> intrinsic [0:5] ]


Bit schema:
    ----------------
    [ egress::eg_intr_md.app_pool_congest_stat<8> intrinsic [0:7]
          egress::eg_intr_md.deq_congest_stat<2> intrinsic [0:1]
          egress::eg_intr_md._pad5<6> intrinsic [0:5] ]


Merge wide arith super clusters
split by pa_container_size result: 
SUPERCLUSTER Uid: 1039
    slice lists:	
        [ egress::eg_intr_md.app_pool_congest_stat<8> intrinsic [0:7]
          egress::eg_intr_md.deq_congest_stat<2> intrinsic [0:1]
          egress::eg_intr_md._pad5<6> intrinsic [0:5] ]
    rotational clusters:	
        [[egress::eg_intr_md.app_pool_congest_stat<8> intrinsic [0:7]]]
        [[egress::eg_intr_md.deq_congest_stat<2> intrinsic [0:1]]]
        [[egress::eg_intr_md._pad5<6> intrinsic [0:5]]]

split_by_adjacent_no_pack schema: Bit schema:
    ----------------
    [ egress::eg_intr_md.app_pool_congest_stat<8> intrinsic [0:7]
          egress::eg_intr_md.deq_congest_stat<2> intrinsic [0:1]
          egress::eg_intr_md._pad5<6> intrinsic [0:5] ]


Bit schema:
    ----------------
    [ egress::eg_intr_md.app_pool_congest_stat<8> intrinsic [0:7]
          egress::eg_intr_md.deq_congest_stat<2> intrinsic [0:1]
          egress::eg_intr_md._pad5<6> intrinsic [0:5] ]


Merge wide arith super clusters
after pre-split by adjacent_no_pack:
SUPERCLUSTER Uid: 1040
    slice lists:	
        [ egress::eg_intr_md.app_pool_congest_stat<8> intrinsic [0:7]
          egress::eg_intr_md.deq_congest_stat<2> intrinsic [0:1]
          egress::eg_intr_md._pad5<6> intrinsic [0:5] ]
    rotational clusters:	
        [[egress::eg_intr_md.app_pool_congest_stat<8> intrinsic [0:7]]]
        [[egress::eg_intr_md.deq_congest_stat<2> intrinsic [0:1]]]
        [[egress::eg_intr_md._pad5<6> intrinsic [0:5]]]

split_by_deparsed_bottom_bits schema: Bit schema:
    ----------------
    [ egress::eg_intr_md.app_pool_congest_stat<8> intrinsic [0:7]
          egress::eg_intr_md.deq_congest_stat<2> intrinsic [0:1]
          egress::eg_intr_md._pad5<6> intrinsic [0:5] ]


Bit schema:
    ----------------
    [ egress::eg_intr_md.app_pool_congest_stat<8> intrinsic [0:7]
          egress::eg_intr_md.deq_congest_stat<2> intrinsic [0:1]
          egress::eg_intr_md._pad5<6> intrinsic [0:5] ]


Merge wide arith super clusters
after pre-split by deparsed_bottom_bits:
SUPERCLUSTER Uid: 1041
    slice lists:	
        [ egress::eg_intr_md.app_pool_congest_stat<8> intrinsic [0:7]
          egress::eg_intr_md.deq_congest_stat<2> intrinsic [0:1]
          egress::eg_intr_md._pad5<6> intrinsic [0:5] ]
    rotational clusters:	
        [[egress::eg_intr_md.app_pool_congest_stat<8> intrinsic [0:7]]]
        [[egress::eg_intr_md.deq_congest_stat<2> intrinsic [0:1]]]
        [[egress::eg_intr_md._pad5<6> intrinsic [0:5]]]

split_by_adjacent_deparsed_and_non_deparsed schema: Bit schema:
    ----------------
    [ egress::eg_intr_md.app_pool_congest_stat<8> intrinsic [0:7]
          egress::eg_intr_md.deq_congest_stat<2> intrinsic [0:1]
          egress::eg_intr_md._pad5<6> intrinsic [0:5] ]


Bit schema:
    ----------------
    [ egress::eg_intr_md.app_pool_congest_stat<8> intrinsic [0:7]
          egress::eg_intr_md.deq_congest_stat<2> intrinsic [0:1]
          egress::eg_intr_md._pad5<6> intrinsic [0:5] ]


Merge wide arith super clusters
after pre-split by adjacent_deparsed_and_non_deparsed:
SUPERCLUSTER Uid: 1042
    slice lists:	
        [ egress::eg_intr_md.app_pool_congest_stat<8> intrinsic [0:7]
          egress::eg_intr_md.deq_congest_stat<2> intrinsic [0:1]
          egress::eg_intr_md._pad5<6> intrinsic [0:5] ]
    rotational clusters:	
        [[egress::eg_intr_md.app_pool_congest_stat<8> intrinsic [0:7]]]
        [[egress::eg_intr_md.deq_congest_stat<2> intrinsic [0:1]]]
        [[egress::eg_intr_md._pad5<6> intrinsic [0:5]]]

split_parser_write_mode schema: Bit schema:
    ----------------
    [ egress::eg_intr_md.app_pool_congest_stat<8> intrinsic [0:7]
          egress::eg_intr_md.deq_congest_stat<2> intrinsic [0:1]
          egress::eg_intr_md._pad5<6> intrinsic [0:5] ]


Bit schema:
    ----------------
    [ egress::eg_intr_md.app_pool_congest_stat<8> intrinsic [0:7]
          egress::eg_intr_md.deq_congest_stat<2> intrinsic [0:1]
          egress::eg_intr_md._pad5<6> intrinsic [0:5] ]


Merge wide arith super clusters
after pre-split by parser_write_mode:
SUPERCLUSTER Uid: 1043
    slice lists:	
        [ egress::eg_intr_md.app_pool_congest_stat<8> intrinsic [0:7]
          egress::eg_intr_md.deq_congest_stat<2> intrinsic [0:1]
          egress::eg_intr_md._pad5<6> intrinsic [0:5] ]
    rotational clusters:	
        [[egress::eg_intr_md.app_pool_congest_stat<8> intrinsic [0:7]]]
        [[egress::eg_intr_md.deq_congest_stat<2> intrinsic [0:1]]]
        [[egress::eg_intr_md._pad5<6> intrinsic [0:5]]]

ENTER DFS: 1
dfs_depth-1: will split [ egress::eg_intr_md.app_pool_congest_stat<8> intrinsic [0:7]
          egress::eg_intr_md.deq_congest_stat<2> intrinsic [0:1]
          egress::eg_intr_md._pad5<6> intrinsic [0:5] ]
possible slice choices: 
{new_split: 0, split_unref:0, n_avoidable_packings:0, size: 8}
{new_split: 0, split_unref:0, n_avoidable_packings:0, size: 16}
dfs_depth-1: possible choices: { 16 8 }
dfs_depth-1: try to split @16
Bit schema:
    ----------------
    [ egress::eg_intr_md.app_pool_congest_stat<8> intrinsic [0:7]
          egress::eg_intr_md.deq_congest_stat<2> intrinsic [0:1]
          egress::eg_intr_md._pad5<6> intrinsic [0:5] ]


Merge wide arith super clusters
dfs_depth-1: decide to split out first 16 bits of [ egress::eg_intr_md.app_pool_congest_stat<8> intrinsic [0:7]
          egress::eg_intr_md.deq_congest_stat<2> intrinsic [0:1]
          egress::eg_intr_md._pad5<6> intrinsic [0:5] ]
ENTER DFS: 2
found a solution after 2 steps
LEAVE DFS: 2
dfs_depth-1: try to split @8
Bit schema:
    --------1-------
    [ egress::eg_intr_md.app_pool_congest_stat<8> intrinsic [0:7]
          egress::eg_intr_md.deq_congest_stat<2> intrinsic [0:1]
          egress::eg_intr_md._pad5<6> intrinsic [0:5] ]


    ...(0) adding to slice list: egress::eg_intr_md.app_pool_congest_stat<8> intrinsic [0:7]
    ...(8) split falls between slices
    ...(8) starting new slice list
Merge wide arith super clusters
dfs_depth-1: decide to split out first 8 bits of [ egress::eg_intr_md.app_pool_congest_stat<8> intrinsic [0:7]
          egress::eg_intr_md.deq_congest_stat<2> intrinsic [0:1]
          egress::eg_intr_md._pad5<6> intrinsic [0:5] ]
ENTER DFS: 2
found a solution after 3 steps
LEAVE DFS: 2
LEAVE DFS: 1
DFS Result: 1, n_steps_since_last_solution: 0, max_search_steps_per_solution: 524288
Making Itr for SUPERCLUSTER Uid: 199
    slice lists:	
        [ egress::eg_intr_md.deq_timedelta<18> intrinsic [0:17]
          egress::eg_intr_md._pad6<14> intrinsic [0:13] ]
    rotational clusters:	
        [[egress::eg_intr_md.deq_timedelta<18> intrinsic [0:17]]]
        [[egress::eg_intr_md._pad6<14> intrinsic [0:13]]]

Homogeneous slicing enabled: 0 Rejected slice options: 
pa_container_sz slicing schema: Bit schema:
    --------------------------------
    [ egress::eg_intr_md.deq_timedelta<18> intrinsic [0:17]
          egress::eg_intr_md._pad6<14> intrinsic [0:13] ]


Bit schema:
    --------------------------------
    [ egress::eg_intr_md.deq_timedelta<18> intrinsic [0:17]
          egress::eg_intr_md._pad6<14> intrinsic [0:13] ]


Merge wide arith super clusters
split by pa_container_size result: 
SUPERCLUSTER Uid: 1047
    slice lists:	
        [ egress::eg_intr_md.deq_timedelta<18> intrinsic [0:17]
          egress::eg_intr_md._pad6<14> intrinsic [0:13] ]
    rotational clusters:	
        [[egress::eg_intr_md.deq_timedelta<18> intrinsic [0:17]]]
        [[egress::eg_intr_md._pad6<14> intrinsic [0:13]]]

split_by_adjacent_no_pack schema: Bit schema:
    --------------------------------
    [ egress::eg_intr_md.deq_timedelta<18> intrinsic [0:17]
          egress::eg_intr_md._pad6<14> intrinsic [0:13] ]


Bit schema:
    --------------------------------
    [ egress::eg_intr_md.deq_timedelta<18> intrinsic [0:17]
          egress::eg_intr_md._pad6<14> intrinsic [0:13] ]


Merge wide arith super clusters
after pre-split by adjacent_no_pack:
SUPERCLUSTER Uid: 1048
    slice lists:	
        [ egress::eg_intr_md.deq_timedelta<18> intrinsic [0:17]
          egress::eg_intr_md._pad6<14> intrinsic [0:13] ]
    rotational clusters:	
        [[egress::eg_intr_md.deq_timedelta<18> intrinsic [0:17]]]
        [[egress::eg_intr_md._pad6<14> intrinsic [0:13]]]

split_by_deparsed_bottom_bits schema: Bit schema:
    --------------------------------
    [ egress::eg_intr_md.deq_timedelta<18> intrinsic [0:17]
          egress::eg_intr_md._pad6<14> intrinsic [0:13] ]


Bit schema:
    --------------------------------
    [ egress::eg_intr_md.deq_timedelta<18> intrinsic [0:17]
          egress::eg_intr_md._pad6<14> intrinsic [0:13] ]


Merge wide arith super clusters
after pre-split by deparsed_bottom_bits:
SUPERCLUSTER Uid: 1049
    slice lists:	
        [ egress::eg_intr_md.deq_timedelta<18> intrinsic [0:17]
          egress::eg_intr_md._pad6<14> intrinsic [0:13] ]
    rotational clusters:	
        [[egress::eg_intr_md.deq_timedelta<18> intrinsic [0:17]]]
        [[egress::eg_intr_md._pad6<14> intrinsic [0:13]]]

split_by_adjacent_deparsed_and_non_deparsed schema: Bit schema:
    --------------------------------
    [ egress::eg_intr_md.deq_timedelta<18> intrinsic [0:17]
          egress::eg_intr_md._pad6<14> intrinsic [0:13] ]


Bit schema:
    --------------------------------
    [ egress::eg_intr_md.deq_timedelta<18> intrinsic [0:17]
          egress::eg_intr_md._pad6<14> intrinsic [0:13] ]


Merge wide arith super clusters
after pre-split by adjacent_deparsed_and_non_deparsed:
SUPERCLUSTER Uid: 1050
    slice lists:	
        [ egress::eg_intr_md.deq_timedelta<18> intrinsic [0:17]
          egress::eg_intr_md._pad6<14> intrinsic [0:13] ]
    rotational clusters:	
        [[egress::eg_intr_md.deq_timedelta<18> intrinsic [0:17]]]
        [[egress::eg_intr_md._pad6<14> intrinsic [0:13]]]

split_parser_write_mode schema: Bit schema:
    --------------------------------
    [ egress::eg_intr_md.deq_timedelta<18> intrinsic [0:17]
          egress::eg_intr_md._pad6<14> intrinsic [0:13] ]


Bit schema:
    --------------------------------
    [ egress::eg_intr_md.deq_timedelta<18> intrinsic [0:17]
          egress::eg_intr_md._pad6<14> intrinsic [0:13] ]


Merge wide arith super clusters
after pre-split by parser_write_mode:
SUPERCLUSTER Uid: 1051
    slice lists:	
        [ egress::eg_intr_md.deq_timedelta<18> intrinsic [0:17]
          egress::eg_intr_md._pad6<14> intrinsic [0:13] ]
    rotational clusters:	
        [[egress::eg_intr_md.deq_timedelta<18> intrinsic [0:17]]]
        [[egress::eg_intr_md._pad6<14> intrinsic [0:13]]]

ENTER DFS: 1
dfs_depth-1: will split [ egress::eg_intr_md.deq_timedelta<18> intrinsic [0:17]
          egress::eg_intr_md._pad6<14> intrinsic [0:13] ]
possible slice choices: 
{new_split: 1, split_unref:0, n_avoidable_packings:0, size: 8}
{new_split: 1, split_unref:0, n_avoidable_packings:0, size: 16}
{new_split: 0, split_unref:0, n_avoidable_packings:0, size: 32}
dfs_depth-1: possible choices: { 32 16 8 }
dfs_depth-1: try to split @32
Bit schema:
    --------------------------------
    [ egress::eg_intr_md.deq_timedelta<18> intrinsic [0:17]
          egress::eg_intr_md._pad6<14> intrinsic [0:13] ]


Merge wide arith super clusters
dfs_depth-1: decide to split out first 32 bits of [ egress::eg_intr_md.deq_timedelta<18> intrinsic [0:17]
          egress::eg_intr_md._pad6<14> intrinsic [0:13] ]
ENTER DFS: 2
found a solution after 2 steps
LEAVE DFS: 2
dfs_depth-1: try to split @16
Bit schema:
    ----------------1---------------
    [ egress::eg_intr_md.deq_timedelta<18> intrinsic [0:17]
          egress::eg_intr_md._pad6<14> intrinsic [0:13] ]


    ...(0) found slice to split at idx 16: egress::eg_intr_md.deq_timedelta<18> intrinsic [0:17]
    ...erasing egress::eg_intr_md.deq_timedelta<18> intrinsic [0:17] in this slice list
    ...adding egress::eg_intr_md.deq_timedelta<18> intrinsic [0:15] in this slice list
    ...adding egress::eg_intr_md.deq_timedelta<18> intrinsic [16:17] in this slice list
    ...(0) adding to slice list: egress::eg_intr_md.deq_timedelta<18> intrinsic [0:17]
    ...(0) starting new slice list
    ...erasing old cluster [[egress::eg_intr_md.deq_timedelta<18> intrinsic [0:17]]]
    ...adding new lo cluster [[egress::eg_intr_md.deq_timedelta<18> intrinsic [0:15]]]
    ...adding new hi cluster [[egress::eg_intr_md.deq_timedelta<18> intrinsic [16:17]]]
    ...updating slices_to_clusters
        - erasing egress::eg_intr_md.deq_timedelta<18> intrinsic [0:17]
        - adding egress::eg_intr_md.deq_timedelta<18> intrinsic [0:15]
        - adding egress::eg_intr_md.deq_timedelta<18> intrinsic [16:17]
    ...updating slice_lists
    ...updating slices_to_slice_lists
Merge wide arith super clusters
dfs_depth-1: decide to split out first 16 bits of [ egress::eg_intr_md.deq_timedelta<18> intrinsic [0:17]
          egress::eg_intr_md._pad6<14> intrinsic [0:13] ]
ENTER DFS: 2
dfs_depth-2: will split [ egress::eg_intr_md.deq_timedelta<18> intrinsic [16:17]
          egress::eg_intr_md._pad6<14> intrinsic [0:13] ]
possible slice choices: 
{new_split: 1, split_unref:0, n_avoidable_packings:0, size: 8}
{new_split: 0, split_unref:0, n_avoidable_packings:0, size: 16}
dfs_depth-2: possible choices: { 16 8 }
dfs_depth-2: try to split @16
Bit schema:
    ----------------
    [ egress::eg_intr_md.deq_timedelta<18> intrinsic [16:17]
          egress::eg_intr_md._pad6<14> intrinsic [0:13] ]


Merge wide arith super clusters
dfs_depth-2: decide to split out first 16 bits of [ egress::eg_intr_md.deq_timedelta<18> intrinsic [16:17]
          egress::eg_intr_md._pad6<14> intrinsic [0:13] ]
ENTER DFS: 3
found a solution after 4 steps
LEAVE DFS: 3
dfs_depth-2: try to split @8
Bit schema:
    --------1-------
    [ egress::eg_intr_md.deq_timedelta<18> intrinsic [16:17]
          egress::eg_intr_md._pad6<14> intrinsic [0:13] ]


    ...(0) adding to slice list: egress::eg_intr_md.deq_timedelta<18> intrinsic [16:17]
    ...(2) found slice to split at idx 8: egress::eg_intr_md._pad6<14> intrinsic [0:13]
    ...erasing egress::eg_intr_md._pad6<14> intrinsic [0:13] in this slice list
    ...adding egress::eg_intr_md._pad6<14> intrinsic [0:5] in this slice list
    ...adding egress::eg_intr_md._pad6<14> intrinsic [6:13] in this slice list
    ...(2) adding to slice list: egress::eg_intr_md._pad6<14> intrinsic [0:13]
    ...(2) starting new slice list
    ...erasing old cluster [[egress::eg_intr_md._pad6<14> intrinsic [0:13]]]
    ...adding new lo cluster [[egress::eg_intr_md._pad6<14> intrinsic [0:5]]]
    ...adding new hi cluster [[egress::eg_intr_md._pad6<14> intrinsic [6:13]]]
    ...updating slices_to_clusters
        - erasing egress::eg_intr_md._pad6<14> intrinsic [0:13]
        - adding egress::eg_intr_md._pad6<14> intrinsic [0:5]
        - adding egress::eg_intr_md._pad6<14> intrinsic [6:13]
    ...updating slice_lists
    ...updating slices_to_slice_lists
Merge wide arith super clusters
dfs_depth-2: decide to split out first 8 bits of [ egress::eg_intr_md.deq_timedelta<18> intrinsic [16:17]
          egress::eg_intr_md._pad6<14> intrinsic [0:13] ]
ENTER DFS: 3
found a solution after 5 steps
LEAVE DFS: 3
LEAVE DFS: 2
dfs_depth-1: try to split @8
Bit schema:
    --------1-----------------------
    [ egress::eg_intr_md.deq_timedelta<18> intrinsic [0:17]
          egress::eg_intr_md._pad6<14> intrinsic [0:13] ]


    ...(0) found slice to split at idx 8: egress::eg_intr_md.deq_timedelta<18> intrinsic [0:17]
    ...erasing egress::eg_intr_md.deq_timedelta<18> intrinsic [0:17] in this slice list
    ...adding egress::eg_intr_md.deq_timedelta<18> intrinsic [0:7] in this slice list
    ...adding egress::eg_intr_md.deq_timedelta<18> intrinsic [8:17] in this slice list
    ...(0) adding to slice list: egress::eg_intr_md.deq_timedelta<18> intrinsic [0:17]
    ...(0) starting new slice list
    ...erasing old cluster [[egress::eg_intr_md.deq_timedelta<18> intrinsic [0:17]]]
    ...adding new lo cluster [[egress::eg_intr_md.deq_timedelta<18> intrinsic [0:7]]]
    ...adding new hi cluster [[egress::eg_intr_md.deq_timedelta<18> intrinsic [8:17]]]
    ...updating slices_to_clusters
        - erasing egress::eg_intr_md.deq_timedelta<18> intrinsic [0:17]
        - adding egress::eg_intr_md.deq_timedelta<18> intrinsic [0:7]
        - adding egress::eg_intr_md.deq_timedelta<18> intrinsic [8:17]
    ...updating slice_lists
    ...updating slices_to_slice_lists
Merge wide arith super clusters
dfs_depth-1: decide to split out first 8 bits of [ egress::eg_intr_md.deq_timedelta<18> intrinsic [0:17]
          egress::eg_intr_md._pad6<14> intrinsic [0:13] ]
ENTER DFS: 2
dfs_depth-2: will split [ egress::eg_intr_md.deq_timedelta<18> intrinsic [8:17]
          egress::eg_intr_md._pad6<14> intrinsic [0:13] ]
possible slice choices: 
{new_split: 1, split_unref:0, n_avoidable_packings:0, size: 8}
{new_split: 1, split_unref:0, n_avoidable_packings:0, size: 16}
{new_split: 0, split_unref:0, n_avoidable_packings:0, size: 32}
dfs_depth-2: possible choices: { 32 16 8 }
dfs_depth-2: try to split @32
Bit schema:
    ------------------------
    [ egress::eg_intr_md.deq_timedelta<18> intrinsic [8:17]
          egress::eg_intr_md._pad6<14> intrinsic [0:13] ]


Merge wide arith super clusters
dfs_depth-2: decide to split out first 32 bits of [ egress::eg_intr_md.deq_timedelta<18> intrinsic [8:17]
          egress::eg_intr_md._pad6<14> intrinsic [0:13] ]
ENTER DFS: 3
found a solution after 7 steps
LEAVE DFS: 3
dfs_depth-2: try to split @16
Bit schema:
    ----------------1-------
    [ egress::eg_intr_md.deq_timedelta<18> intrinsic [8:17]
          egress::eg_intr_md._pad6<14> intrinsic [0:13] ]


    ...(0) adding to slice list: egress::eg_intr_md.deq_timedelta<18> intrinsic [8:17]
    ...(10) found slice to split at idx 16: egress::eg_intr_md._pad6<14> intrinsic [0:13]
    ...erasing egress::eg_intr_md._pad6<14> intrinsic [0:13] in this slice list
    ...adding egress::eg_intr_md._pad6<14> intrinsic [0:5] in this slice list
    ...adding egress::eg_intr_md._pad6<14> intrinsic [6:13] in this slice list
    ...(10) adding to slice list: egress::eg_intr_md._pad6<14> intrinsic [0:13]
    ...(10) starting new slice list
    ...erasing old cluster [[egress::eg_intr_md._pad6<14> intrinsic [0:13]]]
    ...adding new lo cluster [[egress::eg_intr_md._pad6<14> intrinsic [0:5]]]
    ...adding new hi cluster [[egress::eg_intr_md._pad6<14> intrinsic [6:13]]]
    ...updating slices_to_clusters
        - erasing egress::eg_intr_md._pad6<14> intrinsic [0:13]
        - adding egress::eg_intr_md._pad6<14> intrinsic [0:5]
        - adding egress::eg_intr_md._pad6<14> intrinsic [6:13]
    ...updating slice_lists
    ...updating slices_to_slice_lists
Merge wide arith super clusters
dfs_depth-2: decide to split out first 16 bits of [ egress::eg_intr_md.deq_timedelta<18> intrinsic [8:17]
          egress::eg_intr_md._pad6<14> intrinsic [0:13] ]
ENTER DFS: 3
found a solution after 8 steps
LEAVE DFS: 3
dfs_depth-2: try to split @8
Bit schema:
    --------1---------------
    [ egress::eg_intr_md.deq_timedelta<18> intrinsic [8:17]
          egress::eg_intr_md._pad6<14> intrinsic [0:13] ]


    ...(0) found slice to split at idx 8: egress::eg_intr_md.deq_timedelta<18> intrinsic [8:17]
    ...erasing egress::eg_intr_md.deq_timedelta<18> intrinsic [8:17] in this slice list
    ...adding egress::eg_intr_md.deq_timedelta<18> intrinsic [8:15] in this slice list
    ...adding egress::eg_intr_md.deq_timedelta<18> intrinsic [16:17] in this slice list
    ...(0) adding to slice list: egress::eg_intr_md.deq_timedelta<18> intrinsic [8:17]
    ...(0) starting new slice list
    ...erasing old cluster [[egress::eg_intr_md.deq_timedelta<18> intrinsic [8:17]]]
    ...adding new lo cluster [[egress::eg_intr_md.deq_timedelta<18> intrinsic [8:15]]]
    ...adding new hi cluster [[egress::eg_intr_md.deq_timedelta<18> intrinsic [16:17]]]
    ...updating slices_to_clusters
        - erasing egress::eg_intr_md.deq_timedelta<18> intrinsic [8:17]
        - adding egress::eg_intr_md.deq_timedelta<18> intrinsic [8:15]
        - adding egress::eg_intr_md.deq_timedelta<18> intrinsic [16:17]
    ...updating slice_lists
    ...updating slices_to_slice_lists
Merge wide arith super clusters
dfs_depth-2: decide to split out first 8 bits of [ egress::eg_intr_md.deq_timedelta<18> intrinsic [8:17]
          egress::eg_intr_md._pad6<14> intrinsic [0:13] ]
ENTER DFS: 3
dfs_depth-3: will split [ egress::eg_intr_md.deq_timedelta<18> intrinsic [16:17]
          egress::eg_intr_md._pad6<14> intrinsic [0:13] ]
possible slice choices: 
{new_split: 1, split_unref:0, n_avoidable_packings:0, size: 8}
{new_split: 0, split_unref:0, n_avoidable_packings:0, size: 16}
dfs_depth-3: possible choices: { 16 8 }
dfs_depth-3: try to split @16
Bit schema:
    ----------------
    [ egress::eg_intr_md.deq_timedelta<18> intrinsic [16:17]
          egress::eg_intr_md._pad6<14> intrinsic [0:13] ]


Merge wide arith super clusters
dfs_depth-3: decide to split out first 16 bits of [ egress::eg_intr_md.deq_timedelta<18> intrinsic [16:17]
          egress::eg_intr_md._pad6<14> intrinsic [0:13] ]
ENTER DFS: 4
found a solution after 10 steps
LEAVE DFS: 4
dfs_depth-3: try to split @8
Bit schema:
    --------1-------
    [ egress::eg_intr_md.deq_timedelta<18> intrinsic [16:17]
          egress::eg_intr_md._pad6<14> intrinsic [0:13] ]


    ...(0) adding to slice list: egress::eg_intr_md.deq_timedelta<18> intrinsic [16:17]
    ...(2) found slice to split at idx 8: egress::eg_intr_md._pad6<14> intrinsic [0:13]
    ...erasing egress::eg_intr_md._pad6<14> intrinsic [0:13] in this slice list
    ...adding egress::eg_intr_md._pad6<14> intrinsic [0:5] in this slice list
    ...adding egress::eg_intr_md._pad6<14> intrinsic [6:13] in this slice list
    ...(2) adding to slice list: egress::eg_intr_md._pad6<14> intrinsic [0:13]
    ...(2) starting new slice list
    ...erasing old cluster [[egress::eg_intr_md._pad6<14> intrinsic [0:13]]]
    ...adding new lo cluster [[egress::eg_intr_md._pad6<14> intrinsic [0:5]]]
    ...adding new hi cluster [[egress::eg_intr_md._pad6<14> intrinsic [6:13]]]
    ...updating slices_to_clusters
        - erasing egress::eg_intr_md._pad6<14> intrinsic [0:13]
        - adding egress::eg_intr_md._pad6<14> intrinsic [0:5]
        - adding egress::eg_intr_md._pad6<14> intrinsic [6:13]
    ...updating slice_lists
    ...updating slices_to_slice_lists
Merge wide arith super clusters
dfs_depth-3: decide to split out first 8 bits of [ egress::eg_intr_md.deq_timedelta<18> intrinsic [16:17]
          egress::eg_intr_md._pad6<14> intrinsic [0:13] ]
ENTER DFS: 4
found a solution after 11 steps
LEAVE DFS: 4
LEAVE DFS: 3
LEAVE DFS: 2
LEAVE DFS: 1
DFS Result: 1, n_steps_since_last_solution: 0, max_search_steps_per_solution: 524288
Making Itr for SUPERCLUSTER Uid: 211
    slice lists:	
        [ egress::eg_intr_md.enq_qdepth<19> intrinsic [0:18]
          egress::eg_intr_md._pad1<5> intrinsic [0:4] ]
    rotational clusters:	
        [[egress::eg_intr_md.enq_qdepth<19> intrinsic [0:18]]]
        [[egress::eg_intr_md._pad1<5> intrinsic [0:4]]]

Homogeneous slicing enabled: 0 Rejected slice options: 
pa_container_sz slicing schema: Bit schema:
    ------------------------
    [ egress::eg_intr_md.enq_qdepth<19> intrinsic [0:18]
          egress::eg_intr_md._pad1<5> intrinsic [0:4] ]


Bit schema:
    ------------------------
    [ egress::eg_intr_md.enq_qdepth<19> intrinsic [0:18]
          egress::eg_intr_md._pad1<5> intrinsic [0:4] ]


Merge wide arith super clusters
split by pa_container_size result: 
SUPERCLUSTER Uid: 1092
    slice lists:	
        [ egress::eg_intr_md.enq_qdepth<19> intrinsic [0:18]
          egress::eg_intr_md._pad1<5> intrinsic [0:4] ]
    rotational clusters:	
        [[egress::eg_intr_md.enq_qdepth<19> intrinsic [0:18]]]
        [[egress::eg_intr_md._pad1<5> intrinsic [0:4]]]

split_by_adjacent_no_pack schema: Bit schema:
    ------------------------
    [ egress::eg_intr_md.enq_qdepth<19> intrinsic [0:18]
          egress::eg_intr_md._pad1<5> intrinsic [0:4] ]


Bit schema:
    ------------------------
    [ egress::eg_intr_md.enq_qdepth<19> intrinsic [0:18]
          egress::eg_intr_md._pad1<5> intrinsic [0:4] ]


Merge wide arith super clusters
after pre-split by adjacent_no_pack:
SUPERCLUSTER Uid: 1093
    slice lists:	
        [ egress::eg_intr_md.enq_qdepth<19> intrinsic [0:18]
          egress::eg_intr_md._pad1<5> intrinsic [0:4] ]
    rotational clusters:	
        [[egress::eg_intr_md.enq_qdepth<19> intrinsic [0:18]]]
        [[egress::eg_intr_md._pad1<5> intrinsic [0:4]]]

split_by_deparsed_bottom_bits schema: Bit schema:
    ------------------------
    [ egress::eg_intr_md.enq_qdepth<19> intrinsic [0:18]
          egress::eg_intr_md._pad1<5> intrinsic [0:4] ]


Bit schema:
    ------------------------
    [ egress::eg_intr_md.enq_qdepth<19> intrinsic [0:18]
          egress::eg_intr_md._pad1<5> intrinsic [0:4] ]


Merge wide arith super clusters
after pre-split by deparsed_bottom_bits:
SUPERCLUSTER Uid: 1094
    slice lists:	
        [ egress::eg_intr_md.enq_qdepth<19> intrinsic [0:18]
          egress::eg_intr_md._pad1<5> intrinsic [0:4] ]
    rotational clusters:	
        [[egress::eg_intr_md.enq_qdepth<19> intrinsic [0:18]]]
        [[egress::eg_intr_md._pad1<5> intrinsic [0:4]]]

split_by_adjacent_deparsed_and_non_deparsed schema: Bit schema:
    ------------------------
    [ egress::eg_intr_md.enq_qdepth<19> intrinsic [0:18]
          egress::eg_intr_md._pad1<5> intrinsic [0:4] ]


Bit schema:
    ------------------------
    [ egress::eg_intr_md.enq_qdepth<19> intrinsic [0:18]
          egress::eg_intr_md._pad1<5> intrinsic [0:4] ]


Merge wide arith super clusters
after pre-split by adjacent_deparsed_and_non_deparsed:
SUPERCLUSTER Uid: 1095
    slice lists:	
        [ egress::eg_intr_md.enq_qdepth<19> intrinsic [0:18]
          egress::eg_intr_md._pad1<5> intrinsic [0:4] ]
    rotational clusters:	
        [[egress::eg_intr_md.enq_qdepth<19> intrinsic [0:18]]]
        [[egress::eg_intr_md._pad1<5> intrinsic [0:4]]]

split_parser_write_mode schema: Bit schema:
    ------------------------
    [ egress::eg_intr_md.enq_qdepth<19> intrinsic [0:18]
          egress::eg_intr_md._pad1<5> intrinsic [0:4] ]


Bit schema:
    ------------------------
    [ egress::eg_intr_md.enq_qdepth<19> intrinsic [0:18]
          egress::eg_intr_md._pad1<5> intrinsic [0:4] ]


Merge wide arith super clusters
after pre-split by parser_write_mode:
SUPERCLUSTER Uid: 1096
    slice lists:	
        [ egress::eg_intr_md.enq_qdepth<19> intrinsic [0:18]
          egress::eg_intr_md._pad1<5> intrinsic [0:4] ]
    rotational clusters:	
        [[egress::eg_intr_md.enq_qdepth<19> intrinsic [0:18]]]
        [[egress::eg_intr_md._pad1<5> intrinsic [0:4]]]

ENTER DFS: 1
dfs_depth-1: will split [ egress::eg_intr_md.enq_qdepth<19> intrinsic [0:18]
          egress::eg_intr_md._pad1<5> intrinsic [0:4] ]
possible slice choices: 
{new_split: 1, split_unref:0, n_avoidable_packings:0, size: 8}
{new_split: 1, split_unref:0, n_avoidable_packings:0, size: 16}
{new_split: 0, split_unref:0, n_avoidable_packings:0, size: 32}
dfs_depth-1: possible choices: { 32 16 8 }
dfs_depth-1: try to split @32
Bit schema:
    ------------------------
    [ egress::eg_intr_md.enq_qdepth<19> intrinsic [0:18]
          egress::eg_intr_md._pad1<5> intrinsic [0:4] ]


Merge wide arith super clusters
dfs_depth-1: decide to split out first 32 bits of [ egress::eg_intr_md.enq_qdepth<19> intrinsic [0:18]
          egress::eg_intr_md._pad1<5> intrinsic [0:4] ]
ENTER DFS: 2
found a solution after 2 steps
LEAVE DFS: 2
dfs_depth-1: try to split @16
Bit schema:
    ----------------1-------
    [ egress::eg_intr_md.enq_qdepth<19> intrinsic [0:18]
          egress::eg_intr_md._pad1<5> intrinsic [0:4] ]


    ...(0) found slice to split at idx 16: egress::eg_intr_md.enq_qdepth<19> intrinsic [0:18]
    ...erasing egress::eg_intr_md.enq_qdepth<19> intrinsic [0:18] in this slice list
    ...adding egress::eg_intr_md.enq_qdepth<19> intrinsic [0:15] in this slice list
    ...adding egress::eg_intr_md.enq_qdepth<19> intrinsic [16:18] in this slice list
    ...(0) adding to slice list: egress::eg_intr_md.enq_qdepth<19> intrinsic [0:18]
    ...(0) starting new slice list
    ...erasing old cluster [[egress::eg_intr_md.enq_qdepth<19> intrinsic [0:18]]]
    ...adding new lo cluster [[egress::eg_intr_md.enq_qdepth<19> intrinsic [0:15]]]
    ...adding new hi cluster [[egress::eg_intr_md.enq_qdepth<19> intrinsic [16:18]]]
    ...updating slices_to_clusters
        - erasing egress::eg_intr_md.enq_qdepth<19> intrinsic [0:18]
        - adding egress::eg_intr_md.enq_qdepth<19> intrinsic [0:15]
        - adding egress::eg_intr_md.enq_qdepth<19> intrinsic [16:18]
    ...updating slice_lists
    ...updating slices_to_slice_lists
Merge wide arith super clusters
dfs_depth-1: decide to split out first 16 bits of [ egress::eg_intr_md.enq_qdepth<19> intrinsic [0:18]
          egress::eg_intr_md._pad1<5> intrinsic [0:4] ]
ENTER DFS: 2
found a solution after 3 steps
LEAVE DFS: 2
dfs_depth-1: try to split @8
Bit schema:
    --------1---------------
    [ egress::eg_intr_md.enq_qdepth<19> intrinsic [0:18]
          egress::eg_intr_md._pad1<5> intrinsic [0:4] ]


    ...(0) found slice to split at idx 8: egress::eg_intr_md.enq_qdepth<19> intrinsic [0:18]
    ...erasing egress::eg_intr_md.enq_qdepth<19> intrinsic [0:18] in this slice list
    ...adding egress::eg_intr_md.enq_qdepth<19> intrinsic [0:7] in this slice list
    ...adding egress::eg_intr_md.enq_qdepth<19> intrinsic [8:18] in this slice list
    ...(0) adding to slice list: egress::eg_intr_md.enq_qdepth<19> intrinsic [0:18]
    ...(0) starting new slice list
    ...erasing old cluster [[egress::eg_intr_md.enq_qdepth<19> intrinsic [0:18]]]
    ...adding new lo cluster [[egress::eg_intr_md.enq_qdepth<19> intrinsic [0:7]]]
    ...adding new hi cluster [[egress::eg_intr_md.enq_qdepth<19> intrinsic [8:18]]]
    ...updating slices_to_clusters
        - erasing egress::eg_intr_md.enq_qdepth<19> intrinsic [0:18]
        - adding egress::eg_intr_md.enq_qdepth<19> intrinsic [0:7]
        - adding egress::eg_intr_md.enq_qdepth<19> intrinsic [8:18]
    ...updating slice_lists
    ...updating slices_to_slice_lists
Merge wide arith super clusters
dfs_depth-1: decide to split out first 8 bits of [ egress::eg_intr_md.enq_qdepth<19> intrinsic [0:18]
          egress::eg_intr_md._pad1<5> intrinsic [0:4] ]
ENTER DFS: 2
dfs_depth-2: will split [ egress::eg_intr_md.enq_qdepth<19> intrinsic [8:18]
          egress::eg_intr_md._pad1<5> intrinsic [0:4] ]
possible slice choices: 
{new_split: 1, split_unref:0, n_avoidable_packings:0, size: 8}
{new_split: 0, split_unref:0, n_avoidable_packings:0, size: 16}
dfs_depth-2: possible choices: { 16 8 }
dfs_depth-2: try to split @16
Bit schema:
    ----------------
    [ egress::eg_intr_md.enq_qdepth<19> intrinsic [8:18]
          egress::eg_intr_md._pad1<5> intrinsic [0:4] ]


Merge wide arith super clusters
dfs_depth-2: decide to split out first 16 bits of [ egress::eg_intr_md.enq_qdepth<19> intrinsic [8:18]
          egress::eg_intr_md._pad1<5> intrinsic [0:4] ]
ENTER DFS: 3
found a solution after 5 steps
LEAVE DFS: 3
dfs_depth-2: try to split @8
Bit schema:
    --------1-------
    [ egress::eg_intr_md.enq_qdepth<19> intrinsic [8:18]
          egress::eg_intr_md._pad1<5> intrinsic [0:4] ]


    ...(0) found slice to split at idx 8: egress::eg_intr_md.enq_qdepth<19> intrinsic [8:18]
    ...erasing egress::eg_intr_md.enq_qdepth<19> intrinsic [8:18] in this slice list
    ...adding egress::eg_intr_md.enq_qdepth<19> intrinsic [8:15] in this slice list
    ...adding egress::eg_intr_md.enq_qdepth<19> intrinsic [16:18] in this slice list
    ...(0) adding to slice list: egress::eg_intr_md.enq_qdepth<19> intrinsic [8:18]
    ...(0) starting new slice list
    ...erasing old cluster [[egress::eg_intr_md.enq_qdepth<19> intrinsic [8:18]]]
    ...adding new lo cluster [[egress::eg_intr_md.enq_qdepth<19> intrinsic [8:15]]]
    ...adding new hi cluster [[egress::eg_intr_md.enq_qdepth<19> intrinsic [16:18]]]
    ...updating slices_to_clusters
        - erasing egress::eg_intr_md.enq_qdepth<19> intrinsic [8:18]
        - adding egress::eg_intr_md.enq_qdepth<19> intrinsic [8:15]
        - adding egress::eg_intr_md.enq_qdepth<19> intrinsic [16:18]
    ...updating slice_lists
    ...updating slices_to_slice_lists
Merge wide arith super clusters
dfs_depth-2: decide to split out first 8 bits of [ egress::eg_intr_md.enq_qdepth<19> intrinsic [8:18]
          egress::eg_intr_md._pad1<5> intrinsic [0:4] ]
ENTER DFS: 3
found a solution after 6 steps
LEAVE DFS: 3
LEAVE DFS: 2
LEAVE DFS: 1
DFS Result: 1, n_steps_since_last_solution: 0, max_search_steps_per_solution: 524288
Making Itr for SUPERCLUSTER Uid: 180
    slice lists:	
        [ ingress::hdr.d.first<16> [0:15] ]
    rotational clusters:	
        [[ingress::hdr.d.first<16> [0:15]]]

Homogeneous slicing enabled: 0 Rejected slice options: 
pa_container_sz slicing schema: Bit schema:
    ----------------
    [ ingress::hdr.d.first<16> [0:15] ]


Bit schema:
    ----------------
    [ ingress::hdr.d.first<16> [0:15] ]


Merge wide arith super clusters
split by pa_container_size result: 
SUPERCLUSTER Uid: 1117
    slice lists:	
        [ ingress::hdr.d.first<16> [0:15] ]
    rotational clusters:	
        [[ingress::hdr.d.first<16> [0:15]]]

split_by_adjacent_no_pack schema: Bit schema:
    ----------------
    [ ingress::hdr.d.first<16> [0:15] ]


Bit schema:
    ----------------
    [ ingress::hdr.d.first<16> [0:15] ]


Merge wide arith super clusters
after pre-split by adjacent_no_pack:
SUPERCLUSTER Uid: 1118
    slice lists:	
        [ ingress::hdr.d.first<16> [0:15] ]
    rotational clusters:	
        [[ingress::hdr.d.first<16> [0:15]]]

split_by_deparsed_bottom_bits schema: Bit schema:
    ----------------
    [ ingress::hdr.d.first<16> [0:15] ]


Bit schema:
    ----------------
    [ ingress::hdr.d.first<16> [0:15] ]


Merge wide arith super clusters
after pre-split by deparsed_bottom_bits:
SUPERCLUSTER Uid: 1119
    slice lists:	
        [ ingress::hdr.d.first<16> [0:15] ]
    rotational clusters:	
        [[ingress::hdr.d.first<16> [0:15]]]

split_by_adjacent_deparsed_and_non_deparsed schema: Bit schema:
    ----------------
    [ ingress::hdr.d.first<16> [0:15] ]


Bit schema:
    ----------------
    [ ingress::hdr.d.first<16> [0:15] ]


Merge wide arith super clusters
after pre-split by adjacent_deparsed_and_non_deparsed:
SUPERCLUSTER Uid: 1120
    slice lists:	
        [ ingress::hdr.d.first<16> [0:15] ]
    rotational clusters:	
        [[ingress::hdr.d.first<16> [0:15]]]

split_parser_write_mode schema: Bit schema:
    ----------------
    [ ingress::hdr.d.first<16> [0:15] ]


Bit schema:
    ----------------
    [ ingress::hdr.d.first<16> [0:15] ]


Merge wide arith super clusters
after pre-split by parser_write_mode:
SUPERCLUSTER Uid: 1121
    slice lists:	
        [ ingress::hdr.d.first<16> [0:15] ]
    rotational clusters:	
        [[ingress::hdr.d.first<16> [0:15]]]

ENTER DFS: 1
dfs_depth-1: will split [ ingress::hdr.d.first<16> [0:15] ]
possible slice choices: 
{new_split: 1, split_unref:0, n_avoidable_packings:0, size: 8}
{new_split: 0, split_unref:0, n_avoidable_packings:0, size: 16}
dfs_depth-1: possible choices: { 16 8 }
dfs_depth-1: try to split @16
Bit schema:
    ----------------
    [ ingress::hdr.d.first<16> [0:15] ]


Merge wide arith super clusters
dfs_depth-1: decide to split out first 16 bits of [ ingress::hdr.d.first<16> [0:15] ]
ENTER DFS: 2
found a solution after 2 steps
LEAVE DFS: 2
dfs_depth-1: try to split @8
Bit schema:
    --------1-------
    [ ingress::hdr.d.first<16> [0:15] ]


    ...(0) found slice to split at idx 8: ingress::hdr.d.first<16> [0:15]
    ...erasing ingress::hdr.d.first<16> [0:15] in this slice list
    ...adding ingress::hdr.d.first<16> [0:7] in this slice list
    ...adding ingress::hdr.d.first<16> [8:15] in this slice list
    ...(0) adding to slice list: ingress::hdr.d.first<16> [0:15]
    ...(0) starting new slice list
    ...erasing old cluster [[ingress::hdr.d.first<16> [0:15]]]
    ...adding new lo cluster [[ingress::hdr.d.first<16> [0:7]]]
    ...adding new hi cluster [[ingress::hdr.d.first<16> [8:15]]]
    ...updating slices_to_clusters
        - erasing ingress::hdr.d.first<16> [0:15]
        - adding ingress::hdr.d.first<16> [0:7]
        - adding ingress::hdr.d.first<16> [8:15]
    ...updating slice_lists
    ...updating slices_to_slice_lists
Merge wide arith super clusters
dfs_depth-1: decide to split out first 8 bits of [ ingress::hdr.d.first<16> [0:15] ]
ENTER DFS: 2
found a solution after 3 steps
LEAVE DFS: 2
LEAVE DFS: 1
DFS Result: 1, n_steps_since_last_solution: 0, max_search_steps_per_solution: 524288
	foreach_alloc slice: H3 bit[15..0] <-- ingress::hdr.c.first<16> ^0 ^bit[0..223] deparsed exact_containers [0:15] live at [-1r, 2w] } 1 units {tbl_init_0 (r); }
	foreach_alloc slice: H1 bit[15..0] <-- ingress::hdr.a.first<16> ^0 ^bit[0..191] deparsed exact_containers [0:15] live at [-1r, 2w] } 3 units {tbl_init_0 (w); tbl_write_a_0 (w); tbl_match_a_0 (r); }
	foreach_alloc slice: H1 bit[15..0] <-- ingress::hdr.a.first<16> ^0 ^bit[0..191] deparsed exact_containers [0:15] live at [-1r, 2w] } 3 units {tbl_init_0 (w); tbl_write_a_0 (w); tbl_match_a_0 (r); }
	foreach_alloc slice: H2 bit[15..0] <-- ingress::hdr.b.first<16> ^0 ^bit[0..207] deparsed exact_containers [0:15] live at [-1r, 2w] } 1 units {tbl_match_a_0 (w); }
	foreach_alloc slice: H4 bit[15..0] <-- ingress::hdr.d.first<16> [0:15] live at [-1r, 2w] } 1 units {tbl_write_a_0 (r); }
	foreach_alloc slice: H1 bit[15..0] <-- ingress::hdr.a.first<16> ^0 ^bit[0..191] deparsed exact_containers [0:15] live at [-1r, 2w] } 3 units {tbl_init_0 (w); tbl_write_a_0 (w); tbl_match_a_0 (r); }
PREORDER Parser 
PREORDER Extract 
PREORDER Expression ingress::hdr.eth_hdr.dst_addr;
use ingress::hdr.eth_hdr.dst_addr in ingress
is_used_mau: 0
dep ingress::hdr.eth_hdr.dst_addr in ingress
PREORDER Expression inbuf bit[64..111]
PREORDER Extract 
PREORDER Expression ingress::hdr.eth_hdr.src_addr;
use ingress::hdr.eth_hdr.src_addr in ingress
is_used_mau: 0
dep ingress::hdr.eth_hdr.src_addr in ingress
PREORDER Expression inbuf bit[112..159]
PREORDER Extract 
PREORDER Expression ingress::hdr.eth_hdr.eth_type;
use ingress::hdr.eth_hdr.eth_type in ingress
is_used_mau: 0
dep ingress::hdr.eth_hdr.eth_type in ingress
PREORDER Expression inbuf bit[160..175]
PREORDER Extract 
PREORDER Expression ingress::hdr.eth_hdr.$valid;
use ingress::hdr.eth_hdr.$valid in ingress
is_used_mau: 0
dep ingress::hdr.eth_hdr.$valid in ingress
PREORDER Expression constant 1
PREORDER Expression 1
PREORDER Extract 
PREORDER Expression ingress::hdr.a.first;
use ingress::hdr.a.first in ingress
is_used_mau: 0
dep ingress::hdr.a.first in ingress
PREORDER Expression inbuf bit[176..191]
PREORDER Extract 
PREORDER Expression ingress::hdr.a.$valid;
use ingress::hdr.a.$valid in ingress
is_used_mau: 0
dep ingress::hdr.a.$valid in ingress
PREORDER Expression constant 1
PREORDER Expression 1
PREORDER Extract 
PREORDER Expression ingress::hdr.b.first;
use ingress::hdr.b.first in ingress
is_used_mau: 0
dep ingress::hdr.b.first in ingress
PREORDER Expression inbuf bit[192..207]
PREORDER Extract 
PREORDER Expression ingress::hdr.b.$valid;
use ingress::hdr.b.$valid in ingress
is_used_mau: 0
dep ingress::hdr.b.$valid in ingress
PREORDER Expression constant 1
PREORDER Expression 1
PREORDER Extract 
PREORDER Expression ingress::hdr.c.first;
use ingress::hdr.c.first in ingress
is_used_mau: 0
dep ingress::hdr.c.first in ingress
PREORDER Expression inbuf bit[208..223]
PREORDER Extract 
PREORDER Expression ingress::hdr.c.$valid;
use ingress::hdr.c.$valid in ingress
is_used_mau: 0
dep ingress::hdr.c.$valid in ingress
PREORDER Expression constant 1
PREORDER Expression 1
PREORDER TableSeq 
PREORDER TableKey: ingress::hdr.c.first;: exact
Found table key field: ingress::hdr.c.firstbit[15..0]
PREORDER Expression ingress::hdr.c.first;
use ingress::hdr.c.first in ingress mau
is_used_mau: 1
dep ingress::hdr.c.first in ingress
PREORDER Expression "h.c.first"
PREORDER Expression set(ingress::hdr.a.first, ingress.set_a:val_2/val);
PREORDER Expression ingress::hdr.a.first;
use ingress::hdr.a.first in ingress mau
is_used_mau: 1
use ingress::hdr.a.first in ALU instruction
dep ingress::hdr.a.first in ingress
PREORDER Expression ingress.set_a:val_2/val
PREORDER Expression "val"
PREORDER Expression "ingress.set_a"
PREORDER Expression "unused"
PREORDER Expression ".NoAction"
PREORDER TableKey: ingress::hdr.a.first;: exact
Found table key field: ingress::hdr.a.firstbit[15..0]
PREORDER Expression ingress::hdr.a.first;
use ingress::hdr.a.first in ingress mau
is_used_mau: 1
dep ingress::hdr.a.first in ingress
PREORDER Expression "h.a.first"
PREORDER Expression set(ingress::hdr.b.first, ingress.set_b:val_4/val);
PREORDER Expression ingress::hdr.b.first;
use ingress::hdr.b.first in ingress mau
is_used_mau: 1
use ingress::hdr.b.first in ALU instruction
dep ingress::hdr.b.first in ingress
PREORDER Expression ingress.set_b:val_4/val
PREORDER Expression "val"
PREORDER Expression "ingress.set_b"
PREORDER TableKey: ingress::hdr.d.first;: exact
Found table key field: ingress::hdr.d.firstbit[15..0]
PREORDER Expression ingress::hdr.d.first;
use ingress::hdr.d.first in ingress mau
is_used_mau: 1
dep ingress::hdr.d.first in ingress
PREORDER Expression "h.d.first"
PREORDER Expression set(ingress::hdr.a.first, ingress.set_a:val_3/val);
PREORDER Expression ingress::hdr.a.first;
use ingress::hdr.a.first in ingress mau
is_used_mau: 1
use ingress::hdr.a.first in ALU instruction
dep ingress::hdr.a.first in ingress
PREORDER Expression ingress.set_a:val_3/val
PREORDER Expression "ingress.set_a"
PREORDER Deparser 
PREORDER Expression ingress::hdr.eth_hdr.$valid;
use ingress::hdr.eth_hdr.$valid in ingress
is_used_mau: 0
dep ingress::hdr.eth_hdr.$valid in ingress dep
PREORDER Expression ingress::hdr.eth_hdr.dst_addr;
use ingress::hdr.eth_hdr.dst_addr in ingress
is_used_mau: 0
dep ingress::hdr.eth_hdr.dst_addr in ingress dep
PREORDER Expression ingress::hdr.eth_hdr.src_addr;
use ingress::hdr.eth_hdr.src_addr in ingress
is_used_mau: 0
dep ingress::hdr.eth_hdr.src_addr in ingress dep
PREORDER Expression ingress::hdr.eth_hdr.eth_type;
use ingress::hdr.eth_hdr.eth_type in ingress
is_used_mau: 0
dep ingress::hdr.eth_hdr.eth_type in ingress dep
PREORDER Expression ingress::hdr.eth_hdr.$valid;
use ingress::hdr.eth_hdr.$valid in ingress
is_used_mau: 0
dep ingress::hdr.eth_hdr.$valid in ingress dep
PREORDER Expression ingress::hdr.a.first;
use ingress::hdr.a.first in ingress
is_used_mau: 1
dep ingress::hdr.a.first in ingress dep
PREORDER Expression ingress::hdr.eth_hdr.$valid;
use ingress::hdr.eth_hdr.$valid in ingress
is_used_mau: 0
dep ingress::hdr.eth_hdr.$valid in ingress dep
PREORDER Expression ingress::hdr.b.first;
use ingress::hdr.b.first in ingress
is_used_mau: 1
dep ingress::hdr.b.first in ingress dep
PREORDER Expression ingress::hdr.eth_hdr.$valid;
use ingress::hdr.eth_hdr.$valid in ingress
is_used_mau: 0
dep ingress::hdr.eth_hdr.$valid in ingress dep
PREORDER Expression ingress::hdr.c.first;
use ingress::hdr.c.first in ingress
is_used_mau: 1
dep ingress::hdr.c.first in ingress dep
PREORDER Expression ingress::ig_intr_md_for_dprsr.mirror_type;
use ingress::ig_intr_md_for_dprsr.mirror_type in ingress
is_used_mau: 0
dep ingress::ig_intr_md_for_dprsr.mirror_type in ingress dep
PREORDER Expression ingress::$tmp2
use ingress::$tmp2 in ingress
is_used_mau: 0
dep ingress::$tmp2 in ingress dep
PREORDER Parser 
PREORDER Extract 
PREORDER Expression egress::eg_intr_md.egress_port;
use egress::eg_intr_md.egress_port in egress
is_used_mau: 0
dep egress::eg_intr_md.egress_port in egress
PREORDER Expression inbuf bit[7..15]
PREORDER Expression parser counter is negative? 
PREORDER Expression parser counter is zero? 
PREORDER Extract 
PREORDER Expression egress::hdr.min_parse_depth_padding_0[0].packet_payload;
use egress::hdr.min_parse_depth_padding_0[0].packet_payload in egress
is_used_mau: 0
dep egress::hdr.min_parse_depth_padding_0[0].packet_payload in egress
PREORDER Expression inbuf bit[0..87]
PREORDER Extract 
PREORDER Expression egress::hdr.min_parse_depth_padding_0.$stkvalid;
use egress::hdr.min_parse_depth_padding_0.$stkvalid in egress
is_used_mau: 0
dep egress::hdr.min_parse_depth_padding_0.$stkvalid in egress
PREORDER Expression constant 8
PREORDER Expression 8
PREORDER Expression parser counter is negative? 
PREORDER Expression parser counter is zero? 
PREORDER Extract 
PREORDER Expression egress::hdr.min_parse_depth_padding_0[1].packet_payload;
use egress::hdr.min_parse_depth_padding_0[1].packet_payload in egress
is_used_mau: 0
dep egress::hdr.min_parse_depth_padding_0[1].packet_payload in egress
PREORDER Expression inbuf bit[0..87]
PREORDER Extract 
PREORDER Expression egress::hdr.min_parse_depth_padding_0.$stkvalid;
use egress::hdr.min_parse_depth_padding_0.$stkvalid in egress
is_used_mau: 0
dep egress::hdr.min_parse_depth_padding_0.$stkvalid in egress
PREORDER Expression constant 4
PREORDER Expression 4
PREORDER Expression parser counter is negative? 
PREORDER Expression parser counter is zero? 
PREORDER Extract 
PREORDER Expression egress::hdr.min_parse_depth_padding_0[2].packet_payload;
use egress::hdr.min_parse_depth_padding_0[2].packet_payload in egress
is_used_mau: 0
dep egress::hdr.min_parse_depth_padding_0[2].packet_payload in egress
PREORDER Expression inbuf bit[0..87]
PREORDER Extract 
PREORDER Expression egress::hdr.min_parse_depth_padding_0.$stkvalid;
use egress::hdr.min_parse_depth_padding_0.$stkvalid in egress
is_used_mau: 0
dep egress::hdr.min_parse_depth_padding_0.$stkvalid in egress
PREORDER Expression constant 2
PREORDER Expression 2
PREORDER Expression parser counter is negative? 
PREORDER Expression parser counter is zero? 
PREORDER Extract 
PREORDER Expression egress::hdr.min_parse_depth_padding_0[3].packet_payload;
use egress::hdr.min_parse_depth_padding_0[3].packet_payload in egress
is_used_mau: 0
dep egress::hdr.min_parse_depth_padding_0[3].packet_payload in egress
PREORDER Expression inbuf bit[0..87]
PREORDER Extract 
PREORDER Expression egress::hdr.min_parse_depth_padding_0.$stkvalid;
use egress::hdr.min_parse_depth_padding_0.$stkvalid in egress
is_used_mau: 0
dep egress::hdr.min_parse_depth_padding_0.$stkvalid in egress
PREORDER Expression constant 1
PREORDER Expression 1
PREORDER Expression parser counter is negative? 
PREORDER Expression parser counter is zero? 
PREORDER TableSeq 
PREORDER Deparser 
PREORDER Expression egress::hdr.min_parse_depth_padding_0.$stkvalid[3:3];alias: egress::hdr.min_parse_depth_padding_0[0].$valid;
use egress::hdr.min_parse_depth_padding_0.$stkvalid in egress
is_used_mau: 0
dep egress::hdr.min_parse_depth_padding_0.$stkvalid in egress dep
PREORDER Expression egress::hdr.min_parse_depth_padding_0[0].packet_payload;
use egress::hdr.min_parse_depth_padding_0[0].packet_payload in egress
is_used_mau: 0
dep egress::hdr.min_parse_depth_padding_0[0].packet_payload in egress dep
PREORDER Expression egress::hdr.min_parse_depth_padding_0.$stkvalid[2:2];alias: egress::hdr.min_parse_depth_padding_0[1].$valid;
use egress::hdr.min_parse_depth_padding_0.$stkvalid in egress
is_used_mau: 0
dep egress::hdr.min_parse_depth_padding_0.$stkvalid in egress dep
PREORDER Expression egress::hdr.min_parse_depth_padding_0[1].packet_payload;
use egress::hdr.min_parse_depth_padding_0[1].packet_payload in egress
is_used_mau: 0
dep egress::hdr.min_parse_depth_padding_0[1].packet_payload in egress dep
PREORDER Expression egress::hdr.min_parse_depth_padding_0.$stkvalid[1:1];alias: egress::hdr.min_parse_depth_padding_0[2].$valid;
use egress::hdr.min_parse_depth_padding_0.$stkvalid in egress
is_used_mau: 0
dep egress::hdr.min_parse_depth_padding_0.$stkvalid in egress dep
PREORDER Expression egress::hdr.min_parse_depth_padding_0[2].packet_payload;
use egress::hdr.min_parse_depth_padding_0[2].packet_payload in egress
is_used_mau: 0
dep egress::hdr.min_parse_depth_padding_0[2].packet_payload in egress dep
PREORDER Expression egress::hdr.min_parse_depth_padding_0.$stkvalid[0:0];alias: egress::hdr.min_parse_depth_padding_0[3].$valid;
use egress::hdr.min_parse_depth_padding_0.$stkvalid in egress
is_used_mau: 0
dep egress::hdr.min_parse_depth_padding_0.$stkvalid in egress dep
PREORDER Expression egress::hdr.min_parse_depth_padding_0[3].packet_payload;
use egress::hdr.min_parse_depth_padding_0[3].packet_payload in egress
is_used_mau: 0
dep egress::hdr.min_parse_depth_padding_0[3].packet_payload in egress dep
PREORDER Expression egress::eg_intr_md.egress_port;
use egress::eg_intr_md.egress_port in egress
is_used_mau: 0
dep egress::eg_intr_md.egress_port in egress dep
	foreach_alloc slice: TW5 bit[31..0] <-- ingress::hdr.eth_hdr.dst_addr<48> ^0 ^bit[0..111] deparsed exact_containers [0:31] live at [-1r, 2w] } 0 units {}
	foreach_alloc slice: TH8 bit[15..0] <-- ingress::hdr.eth_hdr.dst_addr<48> ^0 ^bit[0..79] deparsed exact_containers [32:47] live at [-1r, 2w] } 0 units {}
	foreach_alloc slice: TW4 bit[31..0] <-- ingress::hdr.eth_hdr.src_addr<48> ^0 ^bit[0..159] deparsed exact_containers [0:31] live at [-1r, 2w] } 0 units {}
	foreach_alloc slice: TH7 bit[15..0] <-- ingress::hdr.eth_hdr.src_addr<48> ^0 ^bit[0..127] deparsed exact_containers [32:47] live at [-1r, 2w] } 0 units {}
	foreach_alloc slice: TH6 bit[15..0] <-- ingress::hdr.eth_hdr.eth_type<16> ^0 ^bit[0..175] deparsed exact_containers [0:15] live at [-1r, 2w] } 0 units {}
	foreach_alloc slice: H1 bit[15..0] <-- ingress::hdr.a.first<16> ^0 ^bit[0..191] deparsed exact_containers [0:15] live at [-1r, 2w] } 3 units {tbl_init_0 (w); tbl_write_a_0 (w); tbl_match_a_0 (r); }
	foreach_alloc slice: H2 bit[15..0] <-- ingress::hdr.b.first<16> ^0 ^bit[0..207] deparsed exact_containers [0:15] live at [-1r, 2w] } 1 units {tbl_match_a_0 (w); }
	foreach_alloc slice: H3 bit[15..0] <-- ingress::hdr.c.first<16> ^0 ^bit[0..223] deparsed exact_containers [0:15] live at [-1r, 2w] } 1 units {tbl_init_0 (r); }
	foreach_alloc slice: H4 bit[15..0] <-- ingress::hdr.d.first<16> [0:15] live at [-1r, 2w] } 1 units {tbl_write_a_0 (r); }
	foreach_alloc slice: B0 bit[2..0] <-- ingress::ig_intr_md_for_dprsr.mirror_type<3> meta intrinsic solitary no_split deparsed_bottom_bits [0:2] live at [-1r, 2w] } 0 units {}
	foreach_alloc slice: H0 bit[9..0] <-- ingress::$tmp2<10> meta mirror%{10:ingress::ig_intr_md_for_dprsr.mirror_type#0}% no_split exact_containers [0:9] live at [-1r, 2w] } 0 units {}
	foreach_alloc slice: H16 bit[8..0] <-- egress::eg_intr_md.egress_port<9> ^0 ^bit[0..15] intrinsic no_split deparsed_bottom_bits deparsed_to_tm [0:8] live at [-1r, 2w] } 0 units {}
	foreach_alloc slice: TW0 bit[31..0] <-- egress::hdr.min_parse_depth_padding_0[0].packet_payload<88> ^0 ^bit[0..87] deparsed exact_containers [0:31] live at [-1r, 2w] } 0 units {}
	foreach_alloc slice: TW1 bit[31..0] <-- egress::hdr.min_parse_depth_padding_0[0].packet_payload<88> ^0 ^bit[0..55] deparsed exact_containers [32:63] live at [-1r, 2w] } 0 units {}
	foreach_alloc slice: TH12 bit[15..0] <-- egress::hdr.min_parse_depth_padding_0[0].packet_payload<88> ^0 ^bit[0..23] deparsed exact_containers [64:79] live at [-1r, 2w] } 0 units {}
	foreach_alloc slice: TB0 bit[7..0] <-- egress::hdr.min_parse_depth_padding_0[0].packet_payload<88> ^0 ^bit[0..7] deparsed exact_containers [80:87] live at [-1r, 2w] } 0 units {}
	foreach_alloc slice: TW2 bit[31..0] <-- egress::hdr.min_parse_depth_padding_0[1].packet_payload<88> ^0 ^bit[0..87] deparsed exact_containers [0:31] live at [-1r, 2w] } 0 units {}
	foreach_alloc slice: TW3 bit[31..0] <-- egress::hdr.min_parse_depth_padding_0[1].packet_payload<88> ^0 ^bit[0..55] deparsed exact_containers [32:63] live at [-1r, 2w] } 0 units {}
	foreach_alloc slice: TH13 bit[15..0] <-- egress::hdr.min_parse_depth_padding_0[1].packet_payload<88> ^0 ^bit[0..23] deparsed exact_containers [64:79] live at [-1r, 2w] } 0 units {}
	foreach_alloc slice: TB1 bit[7..0] <-- egress::hdr.min_parse_depth_padding_0[1].packet_payload<88> ^0 ^bit[0..7] deparsed exact_containers [80:87] live at [-1r, 2w] } 0 units {}
	foreach_alloc slice: TH0 bit[15..0] <-- egress::hdr.min_parse_depth_padding_0[2].packet_payload<88> ^0 ^bit[0..87] deparsed exact_containers [0:15] live at [-1r, 2w] } 0 units {}
	foreach_alloc slice: TH1 bit[15..0] <-- egress::hdr.min_parse_depth_padding_0[2].packet_payload<88> ^0 ^bit[0..71] deparsed exact_containers [16:31] live at [-1r, 2w] } 0 units {}
	foreach_alloc slice: TH2 bit[15..0] <-- egress::hdr.min_parse_depth_padding_0[2].packet_payload<88> ^0 ^bit[0..55] deparsed exact_containers [32:47] live at [-1r, 2w] } 0 units {}
	foreach_alloc slice: TH3 bit[15..0] <-- egress::hdr.min_parse_depth_padding_0[2].packet_payload<88> ^0 ^bit[0..39] deparsed exact_containers [48:63] live at [-1r, 2w] } 0 units {}
	foreach_alloc slice: TH14 bit[15..0] <-- egress::hdr.min_parse_depth_padding_0[2].packet_payload<88> ^0 ^bit[0..23] deparsed exact_containers [64:79] live at [-1r, 2w] } 0 units {}
	foreach_alloc slice: TB2 bit[7..0] <-- egress::hdr.min_parse_depth_padding_0[2].packet_payload<88> ^0 ^bit[0..7] deparsed exact_containers [80:87] live at [-1r, 2w] } 0 units {}
	foreach_alloc slice: TH4 bit[15..0] <-- egress::hdr.min_parse_depth_padding_0[3].packet_payload<88> ^0 ^bit[0..87] deparsed exact_containers [0:15] live at [-1r, 2w] } 0 units {}
	foreach_alloc slice: TH5 bit[15..0] <-- egress::hdr.min_parse_depth_padding_0[3].packet_payload<88> ^0 ^bit[0..71] deparsed exact_containers [16:31] live at [-1r, 2w] } 0 units {}
	foreach_alloc slice: TW8 bit[31..0] <-- egress::hdr.min_parse_depth_padding_0[3].packet_payload<88> ^0 ^bit[0..55] deparsed exact_containers [32:63] live at [-1r, 2w] } 0 units {}
	foreach_alloc slice: TH15 bit[15..0] <-- egress::hdr.min_parse_depth_padding_0[3].packet_payload<88> ^0 ^bit[0..23] deparsed exact_containers [64:79] live at [-1r, 2w] } 0 units {}
	foreach_alloc slice: TB3 bit[7..0] <-- egress::hdr.min_parse_depth_padding_0[3].packet_payload<88> ^0 ^bit[0..7] deparsed exact_containers [80:87] live at [-1r, 2w] } 0 units {}
	foreach_alloc slice: B1 bit[0] <-- ingress::hdr.eth_hdr.$valid<1> pov [0:0] live at [-1r, 2w] } 0 units {}
	foreach_alloc slice: B1 bit[1] <-- ingress::hdr.a.$valid<1> pov [0:0] live at [-1r, 2w] } 0 units {}
	foreach_alloc slice: B1 bit[2] <-- ingress::hdr.b.$valid<1> pov [0:0] live at [-1r, 2w] } 0 units {}
	foreach_alloc slice: B1 bit[3] <-- ingress::hdr.c.$valid<1> pov [0:0] live at [-1r, 2w] } 0 units {}
	foreach_alloc slice: B16 bit[3..0] <-- egress::hdr.min_parse_depth_padding_0.$stkvalid<4> meta pov no_split [0:3] live at [-1r, 2w] } 0 units {}
	foreach_alloc slice: B1 bit[0] <-- ingress::hdr.eth_hdr.$valid<1> pov [0:0] live at [-1r, 2w] } 0 units {}
	foreach_alloc slice: B1 bit[0] <-- ingress::hdr.eth_hdr.$valid<1> pov [0:0] live at [-1r, 2w] } 0 units {}
	foreach_alloc slice: B1 bit[0] <-- ingress::hdr.eth_hdr.$valid<1> pov [0:0] live at [-1r, 2w] } 0 units {}
	foreach_alloc slice: B1 bit[0] <-- ingress::hdr.eth_hdr.$valid<1> pov [0:0] live at [-1r, 2w] } 0 units {}
	foreach_alloc slice: B1 bit[0] <-- ingress::hdr.eth_hdr.$valid<1> pov [0:0] live at [-1r, 2w] } 0 units {}
	foreach_alloc slice: B1 bit[0] <-- ingress::hdr.eth_hdr.$valid<1> pov [0:0] live at [-1r, 2w] } 0 units {}
	foreach_alloc slice: B16 bit[3] <-- egress::hdr.min_parse_depth_padding_0.$stkvalid<4> meta pov no_split [3:3] live at [-1r, 2w] } 0 units {}
	foreach_alloc slice: B16 bit[2] <-- egress::hdr.min_parse_depth_padding_0.$stkvalid<4> meta pov no_split [2:2] live at [-1r, 2w] } 0 units {}
	foreach_alloc slice: B16 bit[1] <-- egress::hdr.min_parse_depth_padding_0.$stkvalid<4> meta pov no_split [1:1] live at [-1r, 2w] } 0 units {}
	foreach_alloc slice: B16 bit[0] <-- egress::hdr.min_parse_depth_padding_0.$stkvalid<4> meta pov no_split [0:0] live at [-1r, 2w] } 0 units {}
	foreach_alloc slice: TW5 bit[31..0] <-- ingress::hdr.eth_hdr.dst_addr<48> ^0 ^bit[0..111] deparsed exact_containers [0:31] live at [-1r, 2w] } 0 units {}
	foreach_alloc slice: TH8 bit[15..0] <-- ingress::hdr.eth_hdr.dst_addr<48> ^0 ^bit[0..79] deparsed exact_containers [32:47] live at [-1r, 2w] } 0 units {}
  Container: TW5
  Container: TH8
	foreach_alloc slice: TW4 bit[31..0] <-- ingress::hdr.eth_hdr.src_addr<48> ^0 ^bit[0..159] deparsed exact_containers [0:31] live at [-1r, 2w] } 0 units {}
	foreach_alloc slice: TH7 bit[15..0] <-- ingress::hdr.eth_hdr.src_addr<48> ^0 ^bit[0..127] deparsed exact_containers [32:47] live at [-1r, 2w] } 0 units {}
  Container: TW4
  Container: TH7
	foreach_alloc slice: TH6 bit[15..0] <-- ingress::hdr.eth_hdr.eth_type<16> ^0 ^bit[0..175] deparsed exact_containers [0:15] live at [-1r, 2w] } 0 units {}
  Container: TH6
	foreach_alloc slice: H1 bit[15..0] <-- ingress::hdr.a.first<16> ^0 ^bit[0..191] deparsed exact_containers [0:15] live at [-1r, 2w] } 3 units {tbl_init_0 (w); tbl_write_a_0 (w); tbl_match_a_0 (r); }
  Container: H1
	foreach_alloc slice: H2 bit[15..0] <-- ingress::hdr.b.first<16> ^0 ^bit[0..207] deparsed exact_containers [0:15] live at [-1r, 2w] } 1 units {tbl_match_a_0 (w); }
  Container: H2
	foreach_alloc slice: H3 bit[15..0] <-- ingress::hdr.c.first<16> ^0 ^bit[0..223] deparsed exact_containers [0:15] live at [-1r, 2w] } 1 units {tbl_init_0 (r); }
  Container: H3
	foreach_alloc slice: H16 bit[8..0] <-- egress::eg_intr_md.egress_port<9> ^0 ^bit[0..15] intrinsic no_split deparsed_bottom_bits deparsed_to_tm [0:8] live at [-1r, 2w] } 0 units {}
  Container: H16
	foreach_alloc slice: TW0 bit[31..0] <-- egress::hdr.min_parse_depth_padding_0[0].packet_payload<88> ^0 ^bit[0..87] deparsed exact_containers [0:31] live at [-1r, 2w] } 0 units {}
	foreach_alloc slice: TW1 bit[31..0] <-- egress::hdr.min_parse_depth_padding_0[0].packet_payload<88> ^0 ^bit[0..55] deparsed exact_containers [32:63] live at [-1r, 2w] } 0 units {}
	foreach_alloc slice: TH12 bit[15..0] <-- egress::hdr.min_parse_depth_padding_0[0].packet_payload<88> ^0 ^bit[0..23] deparsed exact_containers [64:79] live at [-1r, 2w] } 0 units {}
	foreach_alloc slice: TB0 bit[7..0] <-- egress::hdr.min_parse_depth_padding_0[0].packet_payload<88> ^0 ^bit[0..7] deparsed exact_containers [80:87] live at [-1r, 2w] } 0 units {}
  Container: TW0
  Container: TW1
  Container: TH12
  Container: TB0
	foreach_alloc slice: TW2 bit[31..0] <-- egress::hdr.min_parse_depth_padding_0[1].packet_payload<88> ^0 ^bit[0..87] deparsed exact_containers [0:31] live at [-1r, 2w] } 0 units {}
	foreach_alloc slice: TW3 bit[31..0] <-- egress::hdr.min_parse_depth_padding_0[1].packet_payload<88> ^0 ^bit[0..55] deparsed exact_containers [32:63] live at [-1r, 2w] } 0 units {}
	foreach_alloc slice: TH13 bit[15..0] <-- egress::hdr.min_parse_depth_padding_0[1].packet_payload<88> ^0 ^bit[0..23] deparsed exact_containers [64:79] live at [-1r, 2w] } 0 units {}
	foreach_alloc slice: TB1 bit[7..0] <-- egress::hdr.min_parse_depth_padding_0[1].packet_payload<88> ^0 ^bit[0..7] deparsed exact_containers [80:87] live at [-1r, 2w] } 0 units {}
  Container: TW2
  Container: TW3
  Container: TH13
  Container: TB1
	foreach_alloc slice: TH0 bit[15..0] <-- egress::hdr.min_parse_depth_padding_0[2].packet_payload<88> ^0 ^bit[0..87] deparsed exact_containers [0:15] live at [-1r, 2w] } 0 units {}
	foreach_alloc slice: TH1 bit[15..0] <-- egress::hdr.min_parse_depth_padding_0[2].packet_payload<88> ^0 ^bit[0..71] deparsed exact_containers [16:31] live at [-1r, 2w] } 0 units {}
	foreach_alloc slice: TH2 bit[15..0] <-- egress::hdr.min_parse_depth_padding_0[2].packet_payload<88> ^0 ^bit[0..55] deparsed exact_containers [32:47] live at [-1r, 2w] } 0 units {}
	foreach_alloc slice: TH3 bit[15..0] <-- egress::hdr.min_parse_depth_padding_0[2].packet_payload<88> ^0 ^bit[0..39] deparsed exact_containers [48:63] live at [-1r, 2w] } 0 units {}
	foreach_alloc slice: TH14 bit[15..0] <-- egress::hdr.min_parse_depth_padding_0[2].packet_payload<88> ^0 ^bit[0..23] deparsed exact_containers [64:79] live at [-1r, 2w] } 0 units {}
	foreach_alloc slice: TB2 bit[7..0] <-- egress::hdr.min_parse_depth_padding_0[2].packet_payload<88> ^0 ^bit[0..7] deparsed exact_containers [80:87] live at [-1r, 2w] } 0 units {}
  Container: TH0
  Container: TH1
  Container: TH2
  Container: TH3
  Container: TH14
  Container: TB2
	foreach_alloc slice: TH4 bit[15..0] <-- egress::hdr.min_parse_depth_padding_0[3].packet_payload<88> ^0 ^bit[0..87] deparsed exact_containers [0:15] live at [-1r, 2w] } 0 units {}
	foreach_alloc slice: TH5 bit[15..0] <-- egress::hdr.min_parse_depth_padding_0[3].packet_payload<88> ^0 ^bit[0..71] deparsed exact_containers [16:31] live at [-1r, 2w] } 0 units {}
	foreach_alloc slice: TW8 bit[31..0] <-- egress::hdr.min_parse_depth_padding_0[3].packet_payload<88> ^0 ^bit[0..55] deparsed exact_containers [32:63] live at [-1r, 2w] } 0 units {}
	foreach_alloc slice: TH15 bit[15..0] <-- egress::hdr.min_parse_depth_padding_0[3].packet_payload<88> ^0 ^bit[0..23] deparsed exact_containers [64:79] live at [-1r, 2w] } 0 units {}
	foreach_alloc slice: TB3 bit[7..0] <-- egress::hdr.min_parse_depth_padding_0[3].packet_payload<88> ^0 ^bit[0..7] deparsed exact_containers [80:87] live at [-1r, 2w] } 0 units {}
  Container: TH4
  Container: TH5
  Container: TW8
  Container: TH15
  Container: TB3
Looking for PHV field ingress::__bfp4c_compiler_generated_meta.mirror_id
    ...with prefix ingress
    ...with suffix __bfp4c_compiler_generated_meta.mirror_id
   ...can't find field ingress::__bfp4c_compiler_generated_meta.mirror_id
Looking for PHV field ingress::__bfp4c_compiler_generated_meta.mirror_source
    ...with prefix ingress
    ...with suffix __bfp4c_compiler_generated_meta.mirror_source
   ...can't find field ingress::__bfp4c_compiler_generated_meta.mirror_source
Looking for PHV field egress::__bfp4c_compiler_generated_meta.mirror_id
    ...with prefix egress
    ...with suffix __bfp4c_compiler_generated_meta.mirror_id
   ...can't find field egress::__bfp4c_compiler_generated_meta.mirror_id
Looking for PHV field egress::__bfp4c_compiler_generated_meta.mirror_source
    ...with prefix egress
    ...with suffix __bfp4c_compiler_generated_meta.mirror_source
   ...can't find field egress::__bfp4c_compiler_generated_meta.mirror_source
	foreach_alloc slice: B1 bit[0] <-- ingress::hdr.eth_hdr.$valid<1> pov [0:0] live at [-1r, 2w] } 0 units {}
	foreach_alloc slice: B1 bit[1] <-- ingress::hdr.a.$valid<1> pov [0:0] live at [-1r, 2w] } 0 units {}
	foreach_alloc slice: B1 bit[2] <-- ingress::hdr.b.$valid<1> pov [0:0] live at [-1r, 2w] } 0 units {}
	foreach_alloc slice: B1 bit[3] <-- ingress::hdr.c.$valid<1> pov [0:0] live at [-1r, 2w] } 0 units {}
	foreach_alloc slice: B16 bit[3..0] <-- egress::hdr.min_parse_depth_padding_0.$stkvalid<4> meta pov no_split [0:3] live at [-1r, 2w] } 0 units {}
	foreach_alloc slice: H16 bit[8..0] <-- egress::eg_intr_md.egress_port<9> ^0 ^bit[0..15] intrinsic no_split deparsed_bottom_bits deparsed_to_tm [0:8] live at [-1r, 2w] } 0 units {}
